
 [['날짜', '시가', '고가', '저가', '종가', '거래량', '외국인소진율'],

	
	
		
["20190102", 61300, 61400, 60000, 60600, 1934295, 48.39],
		
["20190103", 60200, 60300, 57500, 57700, 3337621, 48.37],
		
["20190104", 57500, 58500, 56700, 58300, 3388087, 48.45],
		
["20190107", 59000, 59700, 58400, 58700, 2273750, 48.43],
		
["20190108", 57900, 60500, 57600, 59200, 3062192, 48.48],
		
["20190109", 59600, 63800, 59400, 63600, 4928656, 48.66],
		
["20190110", 64100, 65600, 64000, 65300, 6034432, 48.87],
		
["20190111", 65400, 65900, 64200, 65100, 2890639, 48.92],
		
["20190114", 64300, 65100, 62000, 62100, 3282892, 48.83],
		
["20190115", 62200, 64000, 62200, 64000, 2413868, 48.85],
		
["20190116", 63800, 64900, 62700, 64800, 2478497, 48.86],
		
["20190117", 65500, 66200, 64600, 64900, 2830122, 48.91],
		
["20190118", 65000, 65700, 63900, 64600, 2263599, 48.91],
		
["20190121", 65900, 67400, 65000, 67000, 3977425, 49.04],
		
["20190122", 67900, 68000, 65700, 66600, 4047917, 49.18],
		
["20190123", 65500, 67200, 64800, 66800, 2825017, 49.17],
		
["20190124", 66900, 70500, 66900, 70500, 6914092, 49.57],
		
["20190125", 71600, 74800, 71100, 74600, 7163871, 49.9],
		
["20190128", 74700, 74900, 71200, 71800, 4972189, 49.89],
		
["20190129", 71400, 73800, 71000, 73400, 3368642, 49.88],
		
["20190130", 73500, 76300, 73000, 75900, 5304841, 50.07],
		
["20190131", 76900, 77100, 73700, 73900, 4447535, 50.06],
		
["20190201", 75400, 76400, 74700, 75900, 3349965, 50.23],
		
["20190207", 77500, 78200, 76600, 76700, 4249110, 50.36],
		
["20190208", 75200, 75500, 73000, 73500, 4012485, 50.26],
		
["20190211", 73000, 74100, 72200, 74100, 3374192, 50.31],
		
["20190212", 74100, 76400, 73900, 75900, 3526701, 50.4],
		
["20190213", 77300, 77600, 76100, 76200, 2378193, 50.41],
		
["20190214", 75800, 77400, 75100, 77400, 2313376, 50.41],
		
["20190215", 76800, 76900, 73800, 73800, 4154616, 50.33],
		
["20190218", 74300, 75300, 74000, 74700, 1772434, 50.35],
		
["20190219", 74500, 74800, 73000, 73700, 1462071, 50.34],
		
["20190220", 73700, 76000, 73600, 75700, 3134257, 50.4],
		
["20190221", 75300, 77200, 74600, 76700, 2874589, 50.51],
		
["20190222", 75600, 76700, 75300, 76700, 1882653, 50.49],
		
["20190225", 77300, 77600, 74800, 75400, 2865712, 50.42],
		
["20190226", 75000, 75900, 74100, 75200, 2483512, 50.46],
		
["20190227", 75300, 75700, 73700, 73700, 2864044, 50.36],
		
["20190228", 72500, 72600, 69900, 70000, 7869451, 50.14],
		
["20190304", 70300, 71400, 69900, 70100, 4931703, 50.21],
		
["20190305", 68300, 70000, 68300, 69700, 3465521, 50.25],
		
["20190306", 68500, 69600, 67400, 68100, 4958303, 50.1],
		
["20190307", 67200, 68900, 67100, 68100, 3402570, 50.1],
		
["20190308", 67900, 68200, 66200, 66700, 3571792, 50.03],
		
["20190311", 67000, 67800, 66200, 66600, 2869008, 50.02],
		
["20190312", 67700, 68600, 67500, 67700, 2753535, 50.06],
		
["20190313", 67700, 67800, 65900, 66800, 2851596, 50.09],
		
["20190314", 67400, 67400, 66400, 67300, 3107100, 50.18],
		
["20190315", 67400, 68700, 66700, 68100, 3645592, 50.2],
		
["20190318", 69200, 69300, 67300, 67800, 2158588, 50.18],
		
["20190319", 67300, 68000, 66600, 68000, 2285169, 50.21],
		
["20190320", 68400, 70600, 67600, 70500, 3642962, 50.23],
		
["20190321", 73500, 76000, 72600, 75900, 10030131, 50.46],
		
["20190322", 78900, 78900, 75900, 76100, 5286455, 50.59],
		
["20190325", 73700, 74200, 72600, 72900, 3752230, 50.54],
		
["20190326", 72900, 73300, 71500, 72700, 2987678, 50.54],
		
["20190327", 71800, 74100, 71200, 73400, 2744175, 50.57],
		
["20190328", 72300, 73600, 71700, 72300, 2774932, 50.64],
		
["20190329", 72900, 74900, 72700, 74200, 3214170, 50.66],
		
["20190401", 75600, 77100, 75500, 76600, 3579070, 50.73],
		
["20190402", 77900, 78000, 76100, 76400, 2719440, 50.76],
		
["20190403", 76800, 79900, 76500, 79900, 4674142, 50.97],
		
["20190404", 80400, 81400, 77800, 78400, 5436236, 51.02],
		
["20190405", 78200, 79300, 77900, 79000, 2191720, 51.06],
		
["20190408", 78900, 79200, 77600, 77900, 2663493, 51.11],
		
["20190409", 77700, 78700, 77400, 77800, 2322860, 51.06],
		
["20190410", 76700, 78800, 76200, 78600, 2689591, 51.06],
		
["20190411", 79200, 79500, 78000, 78400, 2614388, 51.06],
		
["20190412", 77400, 78800, 77400, 78100, 2317264, 51.07],
		
["20190415", 79000, 79900, 78600, 79700, 2019931, 51.11],
		
["20190416", 79900, 80800, 79100, 80400, 2206997, 51.1],
		
["20190417", 81000, 82300, 80000, 80200, 2886956, 51.13],
		
["20190418", 80800, 81200, 78500, 79200, 3295697, 51.18],
		
["20190419", 80500, 82400, 80100, 81800, 3040186, 51.38],
		
["20190422", 81500, 81800, 79900, 80500, 1887109, 51.39],
		
["20190423", 81000, 81800, 80400, 81000, 1779318, 51.41],
		
["20190424", 81500, 81500, 77500, 78500, 5318487, 51.41],
		
["20190425", 78400, 81500, 78100, 80200, 5586360, 51.52],
		
["20190426", 78500, 79900, 77600, 78600, 5183181, 51.46],
		
["20190429", 78700, 80100, 78200, 80000, 2987384, 51.46],
		
["20190430", 79400, 80700, 78100, 79000, 2960242, 51.42],
		
["20190502", 79700, 81200, 79100, 80700, 3092434, 51.49],
		
["20190503", 81100, 81300, 80300, 80400, 2481811, 51.55],
		
["20190507", 79200, 80400, 78700, 79900, 2700371, 51.56],
		
["20190508", 78700, 80500, 78000, 80300, 2731620, 51.57],
		
["20190509", 79600, 79700, 75200, 76000, 5939278, 51.49],
		
["20190510", 76100, 76700, 73400, 74400, 5702537, 51.3],
		
["20190513", 73900, 75000, 72800, 73500, 3062929, 51.25],
		
["20190514", 72200, 75100, 71600, 74600, 3712697, 51.31],
		
["20190515", 74800, 75100, 73900, 74500, 2056131, 51.3],
		
["20190516", 74400, 75100, 71600, 71900, 3467027, 51.26],
		
["20190517", 72500, 73300, 71400, 71600, 2412668, 51.25],
		
["20190520", 71800, 72800, 70700, 70900, 1970694, 51.3],
		
["20190521", 70500, 72200, 69700, 70300, 3893536, 51.27],
		
["20190522", 71300, 71300, 68500, 68900, 3128787, 51.18],
		
["20190523", 68400, 69100, 67300, 68000, 3108370, 51.14],
		
["20190524", 67300, 68600, 67000, 67600, 3339145, 51.07],
		
["20190527", 67900, 68200, 66400, 66900, 2214176, 51.05],
		
["20190528", 67200, 68300, 65900, 65900, 12052399, 50.6],
		
["20190529", 65600, 66700, 64900, 66100, 6056903, 50.69],
		
["20190530", 66300, 66900, 65800, 65900, 3023108, 50.36],
		
["20190531", 65900, 66900, 64700, 65300, 3191350, 50.58],
		
["20190603", 65200, 67200, 64200, 66600, 4020572, 50.6],
		
["20190604", 66500, 66700, 65100, 65100, 2892681, 50.48],
		
["20190605", 66900, 67600, 64900, 65100, 4832796, 50.39],
		
["20190607", 65200, 66000, 64600, 65400, 2355869, 50.28],
		
["20190610", 66100, 67000, 65800, 66800, 3091757, 50.31],
		
["20190611", 66900, 67800, 66700, 67200, 2429182, 50.29],
		
["20190612", 66800, 67100, 65700, 65700, 2437640, 50.23],
		
["20190613", 64900, 65100, 63300, 63500, 5947811, 49.99],
		
["20190614", 63200, 64000, 62600, 63100, 3686472, 50.0],
		
["20190617", 62800, 63800, 62400, 63700, 2435039, 50.04],
		
["20190618", 63800, 64200, 63300, 63400, 1549497, 50.02],
		
["20190619", 65800, 67300, 65200, 67200, 6230370, 50.2],
		
["20190620", 67200, 67400, 66200, 67300, 2773637, 50.19],
		
["20190621", 67100, 67300, 65900, 65900, 2403002, 50.19],
		
["20190624", 65900, 67400, 65600, 66900, 2164462, 50.22],
		
["20190625", 66700, 67400, 66300, 66700, 1873766, 50.2],
		
["20190626", 68300, 69600, 67900, 68900, 5024201, 50.44],
		
["20190627", 70100, 71600, 69700, 70200, 5361201, 50.48],
		
["20190628", 70900, 70900, 68400, 69500, 3117569, 50.52],
		
["20190701", 71000, 71000, 69700, 70000, 3538183, 50.55],
		
["20190702", 69700, 71700, 69100, 71400, 2495399, 50.69],
		
["20190703", 71100, 71700, 69000, 69100, 2790684, 50.67],
		
["20190704", 69600, 70700, 69300, 70200, 1503707, 50.7],
		
["20190705", 70300, 71000, 68400, 68400, 2043271, 50.64],
		
["20190708", 66400, 68000, 66200, 67400, 2202260, 50.69],
		
["20190709", 68400, 70500, 67900, 69800, 2912514, 50.72],
		
["20190710", 71500, 73400, 71000, 72900, 4346179, 50.87],
		
["20190711", 74000, 75500, 74000, 75500, 5111929, 51.03],
		
["20190712", 75600, 75800, 74400, 74700, 2638271, 51.05],
		
["20190715", 74500, 76500, 74400, 76200, 2122090, 51.07],
		
["20190716", 74800, 76500, 74800, 76100, 2450278, 51.07],
		
["20190717", 74600, 75200, 74000, 74600, 2805672, 51.08],
		
["20190718", 74300, 75200, 73900, 74700, 1902110, 51.07],
		
["20190719", 75900, 77000, 75600, 76800, 2635348, 51.02],
		
["20190722", 77800, 79200, 77000, 78400, 3213786, 51.1],
		
["20190723", 79700, 80700, 78200, 78800, 4814941, 51.35],
		
["20190724", 78800, 80200, 77100, 77600, 3562342, 51.42],
		
["20190725", 79700, 80400, 77700, 79200, 3963383, 51.48],
		
["20190726", 78100, 80300, 78000, 79800, 3095260, 51.59],
		
["20190729", 79000, 79400, 76500, 77000, 2616782, 51.65],
		
["20190730", 78200, 80000, 77700, 78900, 2371300, 51.75],
		
["20190731", 78000, 79100, 75300, 76900, 3712241, 51.8],
		
["20190801", 75300, 78700, 75300, 77700, 3397831, 51.82],
		
["20190802", 75400, 76800, 74900, 76100, 4845952, 51.63],
		
["20190805", 75500, 76000, 74900, 75400, 2889902, 51.65],
		
["20190806", 73100, 73900, 71900, 72000, 5008247, 51.49],
		
["20190807", 72000, 74300, 72000, 73300, 2692841, 51.5],
		
["20190808", 73600, 74500, 72000, 72300, 2943206, 51.51],
		
["20190809", 73200, 74100, 72300, 73300, 2100380, 51.54],
		
["20190812", 73700, 75000, 73500, 74500, 1254926, 51.58],
		
["20190813", 74000, 75100, 73700, 74500, 1304708, 51.63],
		
["20190814", 77200, 77900, 76200, 76900, 2561643, 51.65],
		
["20190816", 75800, 76400, 75100, 76400, 2015785, 51.63],
		
["20190819", 77300, 77500, 74800, 75100, 1591728, 51.6],
		
["20190820", 75500, 76600, 75100, 76400, 1694275, 51.59],
		
["20190821", 75900, 76900, 75500, 75800, 1898789, 51.57],
		
["20190822", 75300, 76000, 73800, 73800, 2309550, 51.56],
		
["20190823", 73500, 75200, 73400, 74400, 1695532, 51.56],
		
["20190826", 72600, 73000, 71500, 71800, 2645491, 51.54],
		
["20190827", 72500, 73700, 72500, 73000, 2512610, 51.57],
		
["20190828", 73500, 73700, 72500, 73300, 1380522, 51.58],
		
["20190829", 73500, 74100, 72000, 73300, 2050860, 51.6],
		
["20190830", 74600, 78000, 74600, 77400, 3839246, 51.74],
		
["20190902", 77000, 78200, 76500, 77600, 1431352, 51.75],
		
["20190903", 77200, 77600, 76300, 77000, 1611563, 51.74],
		
["20190904", 77400, 80000, 77300, 80000, 2723541, 51.8],
		
["20190905", 81400, 83000, 81200, 83000, 4068631, 51.93],
		
["20190906", 84000, 84000, 81500, 81900, 2418057, 51.93],
		
["20190909", 83100, 84600, 82500, 84300, 2642174, 52.07],
		
["20190910", 84200, 84200, 82700, 83100, 1761883, 52.04],
		
["20190911", 83400, 84300, 81300, 82600, 3650902, 51.94],
		
["20190916", 81000, 81000, 79000, 79500, 5174391, 51.63],
		
["20190917", 80000, 80400, 79100, 79400, 2538780, 51.59],
		
["20190918", 80100, 80600, 79500, 80200, 2706678, 51.55],
		
["20190919", 80600, 82700, 80300, 82700, 3612220, 51.56],
		
["20190920", 82800, 83400, 82100, 82200, 2447172, 51.56],
		
["20190923", 81900, 83300, 81900, 82800, 1413663, 51.59],
		
["20190924", 82500, 83500, 81400, 83400, 1662830, 51.56],
		
["20190925", 82200, 82800, 81500, 81900, 1644881, 51.54],
		
["20190926", 83000, 83500, 82500, 83300, 1734941, 51.57],
		
["20190927", 80200, 81500, 80100, 81400, 2625620, 51.54],
		
["20190930", 80600, 82900, 80400, 82200, 2442478, 51.63],
		
["20191001", 81800, 82500, 81700, 82000, 2370210, 51.6],
		
["20191002", 81600, 81600, 79500, 79500, 2188097, 51.54],
		
["20191004", 78900, 81300, 78900, 80300, 2430603, 51.56],
		
["20191007", 80700, 81700, 79800, 80300, 1229105, 51.52],
		
["20191008", 80400, 81100, 79400, 80900, 1816880, 51.45],
		
["20191010", 78900, 79600, 78100, 79000, 4389324, 51.27],
		
["20191011", 79800, 80500, 79400, 80000, 2186536, 51.24],
		
["20191014", 82000, 82300, 80400, 80500, 1972409, 51.19],
		
["20191015", 80700, 81700, 80500, 81200, 1518810, 51.22],
		
["20191016", 82400, 82700, 81900, 82400, 2436269, 51.26],
		
["20191017", 82000, 82200, 80600, 81000, 1713942, 51.17],
		
["20191018", 81500, 81700, 77300, 77400, 13625664, 50.81],
		
["20191021", 77800, 78400, 77100, 77500, 2096581, 50.85],
		
["20191022", 78900, 79300, 78200, 79100, 3453958, 50.78],
		
["20191023", 78500, 78600, 77700, 77700, 5373911, 50.74],
		
["20191024", 79900, 80100, 78700, 80000, 3076100, 50.85],
		
["20191025", 82400, 82900, 81500, 82900, 4229200, 51.13],
		
["20191028", 83400, 84000, 82600, 82900, 1977758, 51.12],
		
["20191029", 84000, 84000, 82900, 83000, 1645070, 51.15],
		
["20191030", 83400, 83400, 81000, 81500, 1927042, 51.09],
		
["20191031", 81900, 83400, 81600, 82000, 1978755, 51.15],
		
["20191101", 82300, 83200, 81600, 83100, 1848046, 51.18],
		
["20191104", 84000, 84900, 83800, 84700, 2182879, 51.23],
		
["20191105", 85100, 85400, 84600, 85100, 1953720, 51.27],
		
["20191106", 84800, 85200, 83500, 83500, 2127745, 51.22],
		
["20191107", 83700, 84300, 82800, 83600, 1594558, 51.22],
		
["20191108", 84600, 84600, 82000, 82300, 2074339, 51.14],
		
["20191111", 82500, 82500, 80700, 81300, 2174477, 51.08],
		
["20191112", 81900, 83200, 81300, 83200, 1555211, 51.09],
		
["20191113", 83300, 83600, 82300, 83400, 1370289, 51.14],
		
["20191114", 83200, 83800, 82900, 83400, 1517137, 51.06],
		
["20191115", 84200, 85200, 83400, 85200, 2394138, 51.1],
		
["20191118", 86000, 86500, 84700, 85500, 1827506, 51.08],
		
["20191119", 85400, 86000, 84600, 85300, 2260299, 51.12],
		
["20191120", 84400, 85200, 82600, 82700, 3315169, 51.02],
		
["20191121", 81700, 82500, 80500, 80900, 3346746, 50.87],
		
["20191122", 80900, 82100, 80700, 81700, 2089767, 50.82],
		
["20191125", 82300, 83300, 81500, 81700, 2602474, 50.71],
		
["20191126", 82000, 84100, 82000, 82300, 4521090, 50.62],
		
["20191127", 82400, 83200, 82000, 82700, 1326621, 50.61],
		
["20191128", 83100, 83800, 82500, 82800, 1413983, 50.61],
		
["20191129", 82500, 82800, 80700, 80900, 2139440, 50.52],
		
["20191202", 80900, 81800, 80500, 80500, 1945991, 50.44],
		
["20191203", 78100, 79300, 77300, 78700, 11657151, 50.19],
		
["20191204", 78000, 78100, 76800, 77700, 6164549, 50.01],
		
["20191205", 79800, 79900, 78000, 78800, 3667358, 50.02],
		
["20191206", 79300, 80800, 79100, 80600, 3054204, 50.0],
		
["20191209", 81300, 81800, 80700, 80700, 2290088, 49.98],
		
["20191210", 79800, 80900, 79400, 80700, 1831960, 49.93],
		
["20191211", 80700, 81000, 80100, 80600, 2009331, 49.88],
		
["20191212", 82000, 83500, 82000, 83400, 5247299, 50.04],
		
["20191213", 87200, 88200, 85800, 87900, 5831965, 50.36],
		
["20191216", 87200, 89400, 87000, 88600, 2652685, 50.35],
		
["20191217", 91000, 93800, 90200, 92800, 5070618, 50.44],
		
["20191218", 93400, 94500, 91800, 93000, 3434310, 50.52],
		
["20191219", 95400, 96400, 93400, 93600, 4938375, 50.71],
		
["20191220", 94100, 95100, 93700, 95000, 2791176, 50.77],
		
["20191223", 95800, 96200, 94100, 94600, 1720279, 50.74],
		
["20191224", 95000, 95600, 93800, 93800, 1464093, 50.68],
		
["20191226", 94000, 95100, 93500, 94800, 1559839, 50.52],
		
["20191227", 94800, 97000, 94200, 96000, 2229470, 50.46],
		
["20191230", 95600, 96300, 94100, 94100, 1862634, 50.34],
		
["20200102", 96000, 96200, 94100, 94700, 2342070, 50.51],
		
["20200103", 96500, 97900, 94300, 94500, 3021380, 50.51],
		
["20200106", 93000, 95300, 92800, 94300, 2577573, 50.56],
		
["20200107", 94500, 95400, 94000, 94000, 2489429, 50.53],
		
["20200108", 96400, 99500, 95200, 97400, 7014748, 50.58],
		
["20200109", 98900, 99000, 97400, 99000, 3586413, 50.54],
		
["20200110", 99100, 99700, 97900, 98900, 2867925, 50.55],
		
["20200113", 99000, 101000, 98000, 100500, 2242008, 50.57],
		
["20200114", 101500, 103500, 99900, 100500, 2913343, 50.6],
		
["20200115", 99900, 99900, 98000, 98200, 2745625, 50.61],
		
["20200116", 97400, 99400, 97400, 99200, 2824804, 50.57],
		
["20200117", 100500, 101500, 98800, 99000, 2246394, 50.59],
		
["20200120", 100000, 101000, 99600, 99900, 1781639, 50.62],
		
["20200121", 100500, 100500, 99000, 99300, 1483291, 50.67],
		
["20200122", 99000, 101000, 99000, 101000, 2257478, 50.66],
		
["20200123", 101000, 101000, 98200, 98700, 2780104, 50.54],
		
["20200128", 95500, 96900, 95000, 96300, 3630362, 50.49],
		
["20200129", 96900, 99000, 96700, 97900, 2741459, 50.61],
		
["20200130", 97800, 97800, 93800, 94000, 3223436, 50.77],
		
["20200131", 94500, 97500, 93500, 93500, 4597139, 50.74],
		
["20200203", 91800, 95600, 91500, 94700, 3725535, 50.68],
		
["20200204", 94800, 97500, 94500, 97100, 3169743, 50.52],
		
["20200205", 99300, 99300, 96900, 97700, 2911995, 50.56],
		
["20200206", 98900, 101000, 98300, 100500, 2861441, 50.68],
		
["20200207", 100000, 100500, 98400, 99300, 1827393, 50.67],
		
["20200210", 98000, 99200, 97400, 98800, 1825648, 50.66],
		
["20200211", 99900, 100500, 99000, 99800, 1820578, 50.66],
		
["20200212", 100500, 101000, 99100, 100000, 2616573, 50.63],
		
["20200213", 101000, 103500, 100500, 102000, 3519491, 50.73],
		
["20200214", 101500, 105000, 101000, 104500, 1893163, 50.73],
		
["20200217", 104500, 106000, 103500, 105000, 1190162, 50.74],
		
["20200218", 104000, 104500, 101500, 102000, 2789667, 50.75],
		
["20200219", 102500, 103500, 101000, 103500, 2315634, 50.76],
		
["20200220", 104500, 106000, 102500, 104000, 3093782, 50.88],
		
["20200221", 101500, 103500, 101000, 103000, 4064719, 50.98],
		
["20200224", 100500, 100500, 98900, 99500, 5550758, 50.99],
		
["20200225", 97800, 99100, 96400, 98000, 6594059, 50.72],
		
["20200226", 95500, 96100, 94400, 94600, 6405409, 50.52],
		
["20200227", 94700, 95300, 92200, 92800, 4644449, 50.48],
		
["20200228", 91000, 92200, 87700, 87900, 8171939, 50.26],
		
["20200302", 90000, 93100, 88300, 92100, 6382279, 50.22],
		
["20200303", 95000, 95100, 92400, 92800, 5573006, 50.14],
		
["20200304", 91300, 95000, 91300, 94300, 4984561, 50.04],
		
["20200305", 95200, 95900, 93800, 94900, 4028776, 50.02],
		
["20200306", 93300, 94300, 92000, 92600, 3281612, 50.0],
		
["20200309", 89500, 89700, 86400, 86900, 6196552, 49.73],
		
["20200310", 86900, 89400, 86600, 89100, 6579153, 49.55],
		
["20200311", 88200, 88500, 85100, 85500, 5226251, 49.49],
		
["20200312", 83800, 84600, 79600, 82800, 8191818, 49.43],
		
["20200313", 76900, 84700, 76000, 82500, 8160758, 49.39],
		
["20200316", 83700, 84800, 80400, 80600, 5097762, 49.32],
		
["20200317", 77500, 83100, 77000, 80400, 7107436, 49.34],
		
["20200318", 81600, 82500, 73000, 73100, 7949482, 49.17],
		
["20200319", 75500, 75800, 65800, 69000, 11140367, 49.21],
		
["20200320", 71800, 76200, 70100, 74800, 8750101, 49.25],
		
["20200323", 69700, 71600, 68000, 69400, 8192363, 49.18],
		
["20200324", 73000, 78800, 72100, 78700, 7247345, 49.25],
		
["20200325", 82000, 84700, 79800, 84500, 8787217, 49.31],
		
["20200326", 85000, 87900, 80400, 80700, 7895289, 49.13],
		
["20200327", 85700, 85700, 80500, 83300, 8085695, 49.45],
		
["20200330", 81000, 84900, 80000, 83700, 5270037, 49.38],
		
["20200331", 84000, 85500, 82000, 83300, 5333479, 49.47],
		
["20200401", 82100, 83200, 78400, 78400, 6845675, 49.16],
		
["20200402", 78800, 80000, 76500, 80000, 5394371, 49.16],
		
["20200403", 80000, 80800, 78500, 79600, 3755301, 49.22],
		
["20200406", 81000, 83300, 80200, 83100, 5784159, 49.21],
		
["20200407", 86600, 86700, 83700, 85800, 6188649, 49.26],
		
["20200408", 85800, 86500, 84500, 84500, 3749575, 49.27],
		
["20200409", 86200, 86500, 84500, 85000, 3555538, 49.25],
		
["20200410", 84000, 84400, 83000, 84100, 3675338, 49.23],
		
["20200413", 83200, 83400, 81100, 81400, 3615318, 49.15],
		
["20200414", 82200, 83700, 81200, 82300, 3344109, 49.14],
		
["20200416", 80600, 82300, 80600, 81300, 4470072, 48.98],
		
["20200417", 83600, 85900, 83200, 84100, 6205624, 48.96],
		
["20200420", 83900, 83900, 82000, 82000, 5027876, 48.79],
		
["20200421", 80600, 82200, 80200, 81300, 5090721, 48.4],
		
["20200422", 80600, 83900, 80000, 83900, 5335787, 48.44],
		
["20200423", 85200, 85200, 82000, 82600, 6519481, 48.41],
		
["20200424", 82000, 82500, 80800, 81400, 3193144, 48.48],
		
["20200427", 81700, 83200, 81200, 82600, 3235430, 48.6],
		
["20200428", 82500, 83900, 82400, 83400, 3205535, 48.74],
		
["20200429", 83500, 84800, 82900, 83700, 3750568, 48.78],
		
["20200504", 82900, 82900, 80800, 81000, 5280026, 48.54],
		
["20200506", 82000, 82500, 80900, 82400, 3351424, 48.5],
		
["20200507", 82400, 83400, 81800, 82400, 2660512, 48.49],
		
["20200508", 83000, 85500, 83000, 85000, 5039635, 48.7],
		
["20200511", 84500, 85200, 84100, 84500, 2800047, 48.75],
		
["20200512", 84500, 86500, 83200, 85700, 3574409, 48.8],
		
["20200513", 83500, 84100, 83000, 83600, 5371416, 48.56],
		
["20200514", 82200, 82500, 80600, 80600, 6409652, 48.19],
		
["20200515", 81500, 82300, 80700, 81900, 4168866, 48.14],
		
["20200518", 80400, 81800, 79200, 81100, 5294177, 48.16],
		
["20200519", 82400, 83200, 81700, 82700, 4620614, 48.23],
		
["20200520", 81900, 84200, 81800, 84100, 3924403, 48.44],
		
["20200521", 84900, 84900, 83200, 83400, 2678953, 48.46],
		
["20200522", 83100, 83300, 81000, 81300, 3471700, 48.33],
		
["20200525", 81500, 81800, 80500, 81400, 2850294, 48.24],
		
["20200526", 80600, 82100, 80600, 81900, 3040122, 48.21],
		
["20200527", 81100, 82700, 81000, 81400, 2946278, 48.18],
		
["20200528", 84100, 85400, 82400, 83900, 9227823, 48.3],
		
["20200529", 82600, 82700, 81300, 81500, 6815185, 48.03],
		
["20200601", 82100, 83700, 82100, 83600, 4205357, 48.06],
		
["20200602", 82700, 83600, 82700, 83300, 3114162, 47.97],
		
["20200603", 83400, 89200, 83400, 88700, 11642239, 48.1],
		
["20200604", 90000, 91600, 87100, 87700, 6678244, 48.0],
		
["20200605", 88500, 90800, 87700, 90400, 4000557, 48.05],
		
["20200608", 93000, 93000, 90600, 91000, 3789382, 48.1],
		
["20200609", 91000, 92000, 89100, 89800, 3410081, 48.04],
		
["20200610", 89800, 91100, 89400, 90800, 3045250, 48.07],
		
["20200611", 89300, 90300, 87500, 88500, 5467344, 48.15],
		
["20200612", 84500, 85800, 84500, 85200, 4742329, 48.18],
		
["20200615", 84100, 86500, 82000, 82000, 4710114, 48.15],
		
["20200616", 83400, 85700, 83300, 85400, 3518785, 48.16],
		
["20200617", 84800, 87400, 83500, 86800, 4160612, 48.17],
		
["20200618", 86100, 86800, 85400, 86200, 2484147, 48.18],
		
["20200619", 86500, 87000, 84500, 85400, 3216102, 48.19],
		
["20200622", 84400, 85900, 84300, 84900, 2167216, 48.22],
		
["20200623", 85600, 86200, 83900, 84100, 2955819, 48.23],
		
["20200624", 84200, 87400, 84000, 86000, 4079834, 48.54],
		
["20200625", 84300, 85600, 84000, 84300, 3397112, 48.62],
		
["20200626", 86000, 86100, 84500, 84600, 2889494, 48.65],
		
["20200629", 84000, 85300, 83500, 83600, 2932433, 48.6],
		
["20200630", 86200, 87300, 85000, 85100, 4983607, 48.66],
		
["20200701", 86800, 87300, 84900, 85300, 2382552, 48.67],
		
["20200702", 84800, 85200, 84000, 84400, 3295340, 48.59],
		
["20200703", 85000, 85600, 84500, 85400, 2195897, 48.63],
		
["20200706", 86000, 87000, 85800, 86000, 2561766, 48.59],
		
["20200707", 87300, 87300, 84600, 84800, 3196352, 48.63],
		
["20200708", 83800, 84900, 83600, 83700, 3523620, 48.58],
		
["20200709", 84200, 84600, 83000, 83000, 4002365, 48.47],
		
["20200710", 83300, 83500, 82400, 82800, 2201557, 48.46],
		
["20200713", 83100, 83500, 82500, 83000, 2080934, 48.41],
		
["20200714", 82600, 82900, 82000, 82900, 2048671, 48.35],
		
["20200715", 83100, 83900, 82900, 83000, 3024429, 48.29],
		
["20200716", 83000, 83100, 82300, 82700, 2312310, 48.28],
		
["20200717", 82700, 83500, 82600, 82900, 1579078, 48.28],
		
["20200720", 82800, 83000, 82100, 82200, 2008624, 48.22],
		
["20200721", 83400, 84700, 83000, 84100, 4181015, 48.35],
		
["20200722", 84100, 84200, 82900, 83200, 2876295, 48.24],
		
["20200723", 84000, 84000, 82300, 82400, 3591647, 48.16],
		
["20200724", 82300, 83700, 82200, 83700, 3667416, 48.3],
		
["20200727", 83100, 84000, 82800, 82800, 2784652, 48.24],
		
["20200728", 83900, 83900, 82700, 83100, 4538720, 48.23],
		
["20200729", 82900, 83800, 82600, 83200, 3719681, 48.23],
		
["20200730", 83300, 86400, 83000, 85300, 6870841, 48.35],
		
["20200731", 85700, 86000, 82800, 82800, 4848989, 48.19],
		
["20200803", 82400, 82600, 81500, 81800, 3483106, 48.15],
		
["20200804", 81800, 82500, 81400, 81600, 3005937, 48.07],
		
["20200805", 81200, 81300, 80500, 80700, 4537005, 47.92],
		
["20200806", 80700, 81900, 80700, 81100, 3391939, 47.92],
		
["20200807", 81200, 81300, 80000, 80600, 4946631, 47.8],
		
["20200810", 80100, 81900, 79800, 81400, 3277238, 47.82],
		
["20200811", 81700, 82000, 81000, 81300, 3234013, 47.82],
		
["20200812", 81100, 81300, 80200, 81000, 3595828, 47.71],
		
["20200813", 81900, 82000, 80300, 80700, 4049387, 47.7],
		
["20200814", 80200, 81100, 80100, 80200, 2589552, 47.64],
		
["20200818", 80000, 80200, 78000, 78100, 4946279, 47.55],
		
["20200819", 77300, 78000, 75000, 75000, 8028305, 47.2],
		
["20200820", 74400, 74400, 71300, 71800, 7260223, 47.08],
		
["20200821", 72800, 77000, 72500, 74500, 7700029, 47.23],
		
["20200824", 74600, 77200, 73700, 75500, 4298619, 47.22],
		
["20200825", 76300, 77700, 75400, 77000, 3473488, 47.25],
		
["20200826", 78000, 79100, 77100, 78800, 4741965, 47.36],
		
["20200827", 80200, 80200, 78800, 79100, 4223450, 47.47],
		
["20200828", 79500, 79600, 77700, 77800, 2511956, 47.44],
		
["20200831", 78200, 78800, 75100, 75100, 5113128, 47.22],
		
["20200901", 75200, 76500, 75200, 75200, 2538676, 47.2],
		
["20200902", 75900, 76400, 74900, 75500, 2369360, 47.14],
		
["20200903", 77700, 79700, 77200, 78700, 7002529, 47.14],
		
["20200904", 76400, 79400, 76100, 78700, 4582566, 47.13],
		
["20200907", 78600, 79500, 77600, 78400, 2786930, 47.09],
		
["20200908", 78700, 80000, 78200, 79400, 3380355, 47.14],
		
["20200909", 77900, 78400, 77200, 77300, 3918435, 47.22],
		
["20200910", 78000, 78200, 76600, 76600, 3541520, 47.2],
		
["20200911", 76700, 78500, 76300, 78400, 2831262, 47.34],
		
["20200914", 79100, 80100, 78900, 80000, 4099644, 47.49],
		
["20200915", 81300, 82100, 80200, 81900, 5899410, 47.71],
		
["20200916", 81700, 82400, 80500, 81500, 3119110, 47.75],
		
["20200917", 81900, 82900, 81200, 82200, 4055050, 47.98],
		
["20200918", 82900, 83900, 82200, 83700, 5199334, 48.26],
		
["20200921", 83700, 85000, 83600, 84500, 4102947, 48.43],
		
["20200922", 84400, 84800, 80200, 81300, 4139983, 48.43],
		
["20200923", 82300, 84800, 80500, 83600, 4439085, 48.52],
		
["20200924", 82800, 85400, 82300, 84300, 6401560, 48.65],
		
["20200925", 85800, 85900, 82200, 82900, 3205596, 48.67],
		
["20200928", 83400, 83700, 81300, 82500, 3154068, 48.68],
		
["20200929", 83100, 84900, 82200, 84000, 4707898, 48.83],
		
["20201005", 83000, 84100, 82300, 83200, 3396894, 48.87],
		
["20201006", 84000, 84200, 82600, 83000, 2750145, 48.9],
		
["20201007", 82900, 83700, 82500, 83400, 2254356, 48.86],
		
["20201008", 84300, 84500, 82900, 82900, 3330824, 48.86],
		
["20201012", 83900, 85500, 83500, 85500, 4464264, 49.06],
		
["20201013", 85500, 89000, 84600, 88200, 6375448, 49.14],
		
["20201014", 88000, 88900, 86100, 86500, 3223767, 49.11],
		
["20201015", 86100, 87300, 85900, 87100, 2802900, 49.15],
		
["20201016", 87000, 87900, 84900, 85300, 2435541, 49.14],
		
["20201019", 86100, 87900, 85800, 86700, 3150011, 49.21],
		
["20201020", 85300, 90900, 83700, 85200, 6622637, 49.05],
		
["20201021", 85300, 86200, 82800, 83800, 4925877, 48.9],
		
["20201022", 84200, 84300, 82500, 83300, 2593975, 48.81],
		
["20201023", 82800, 84700, 82300, 83900, 2609595, 48.81],
		
["20201026", 84300, 84700, 83000, 83200, 1662847, 48.79],
		
["20201027", 82300, 83400, 81800, 82600, 2265817, 48.82],
		
["20201028", 82100, 83600, 82000, 82900, 1773556, 48.84],
		
["20201029", 81900, 82400, 81000, 81700, 2637314, 48.82],
		
["20201030", 81600, 82100, 79900, 79900, 2710477, 48.76],
		
["20201102", 80200, 80600, 79200, 79600, 2000394, 48.69],
		
["20201103", 79600, 81400, 79600, 81400, 2057723, 48.64],
		
["20201104", 82100, 84400, 81200, 83200, 3782296, 48.67],
		
["20201105", 84100, 86200, 83300, 86100, 4082325, 48.8],
		
["20201106", 86500, 87700, 86000, 86300, 2863808, 48.89],
		
["20201109", 86500, 87300, 85600, 86000, 2444330, 48.92],
		
["20201110", 86900, 87200, 85900, 86500, 2849783, 49.05],
		
["20201111", 86100, 87200, 85900, 87000, 2638617, 49.1],
		
["20201112", 87600, 88400, 87000, 88100, 4006433, 49.3],
		
["20201113", 88100, 90000, 87500, 89700, 3774278, 49.43],
		
["20201116", 92100, 98100, 91100, 98000, 9274278, 49.87],
		
["20201117", 97400, 99600, 96500, 98100, 5218295, 50.0],
		
["20201118", 99800, 100500, 96600, 98000, 3734037, 50.05],
		
["20201119", 96200, 98300, 96000, 98200, 2766688, 50.11],
		
["20201120", 99000, 99000, 96800, 96800, 2424003, 50.07],
		
["20201123", 97300, 101000, 96600, 100000, 4149013, 50.19],
		
["20201124", 101000, 102000, 98300, 98600, 3766043, 50.2],
		
["20201125", 100500, 100500, 96300, 97200, 4081524, 50.16],
		
["20201126", 96800, 99500, 96300, 99400, 2933290, 50.2],
		
["20201127", 99600, 99900, 98200, 98800, 1976047, 50.21],
		
["20201130", 99700, 99800, 97300, 97500, 3877841, 50.12],
		
["20201201", 98600, 101500, 97800, 100500, 4455519, 50.2],
		
["20201202", 103000, 109500, 103000, 109000, 7488361, 50.42],
		
["20201203", 110500, 114500, 109000, 111500, 6617912, 50.43],
		
["20201204", 116000, 119500, 112500, 115000, 8258814, 50.48],
		
["20201207", 118500, 120000, 116000, 118000, 5191354, 50.29],
		
["20201208", 118000, 118000, 114000, 115000, 4536460, 50.26],
		
["20201209", 116000, 121000, 115000, 120500, 5490760, 50.23],
		
["20201210", 117000, 118500, 115500, 116500, 8205744, 49.86],
		
["20201211", 118000, 118000, 115000, 115500, 3944552, 49.76],
		
["20201214", 116000, 119000, 115500, 117000, 3066761, 49.8],
		
["20201215", 118500, 118500, 115000, 117500, 2755902, 49.79],
		
["20201216", 119000, 119500, 117000, 117500, 2213552, 49.78],
		
["20201217", 118500, 119500, 117000, 119500, 3649945, 49.84],
		
["20201218", 118500, 119000, 117500, 118500, 3010798, 49.81],
		
["20201221", 118000, 118000, 114500, 116000, 3585805, 49.83],
		
["20201222", 115000, 115500, 112500, 112500, 4270842, 49.82],
		
["20201223", 113000, 116000, 112500, 116000, 3173156, 49.77],
		
["20201224", 116000, 118500, 115500, 118000, 3486636, 49.7],
		
["20201228", 119000, 119500, 115000, 115500, 4825132, 49.68],
		
["20201229", 118000, 118500, 114000, 116000, 4208916, 49.65],
		
["20201230", 116000, 118500, 114500, 118500, 4195192, 49.72],
		
["20210104", 124500, 128000, 120500, 126000, 7995016, 49.88],
		
["20210105", 124500, 132500, 124000, 130500, 7180224, 49.91],
		
["20210106", 132500, 137000, 130000, 131000, 8525749, 50.01],
		
["20210107", 132500, 137500, 131500, 134500, 5981299, 50.02],
		
["20210108", 136000, 138000, 132500, 138000, 8713010, 50.1],
		
["20210111", 138000, 140000, 131000, 133000, 11154671, 50.03],
		
["20210112", 132000, 133500, 125500, 129000, 8700877, 50.0],
		
["20210113", 129000, 133500, 128500, 133000, 6791044, 50.23],
		
["20210114", 132500, 133000, 129000, 130500, 5380278, 50.2],
		
["20210115", 133000, 135000, 127000, 127500, 4838114, 50.2],
		
["20210118", 126000, 131000, 125000, 130000, 5927419, 50.21],
		
["20210119", 131000, 132000, 128500, 130500, 4513315, 50.17],
		
["20210120", 134000, 135000, 130000, 130500, 4913282, 50.13],
		
["20210121", 131500, 133000, 130000, 131500, 3067677, 50.16],
		
["20210122", 131500, 132000, 128500, 128500, 3927767, 50.22],
		
["20210125", 130000, 135000, 129500, 135000, 5061864, 50.34],
		
["20210126", 134000, 134000, 128500, 129000, 6270106, 50.13],
		
["20210127", 129500, 132000, 127500, 128500, 5068456, 50.11],
		
["20210128", 124000, 125500, 121500, 123000, 6270829, 49.92],
		
["20210129", 128500, 128500, 121500, 122500, 7391307, 49.94],
		
["20210201", 121000, 126000, 118000, 125000, 5620305, 49.89],
		
["20210202", 128500, 132500, 127000, 130000, 4880067, 49.94],
		
["20210203", 131000, 131500, 128500, 130000, 3693688, 49.97],
		
["20210204", 127500, 128500, 124000, 125000, 4600618, 49.96],
		
["20210205", 126500, 128000, 124500, 127500, 3497303, 49.98],
		
["20210208", 127500, 128000, 125000, 125000, 2876471, 49.88],
		
["20210209", 127500, 130000, 125000, 125500, 5177095, 49.83],
		
["20210210", 125500, 127000, 124500, 126000, 4262526, 49.87],
		
["20210215", 130000, 132500, 130000, 132000, 5384526, 50.04],
		
["20210216", 132500, 134000, 130500, 132500, 3218689, 50.07],
		
["20210217", 131000, 131000, 128000, 130000, 3621178, 50.04],
		
["20210218", 128500, 130000, 125500, 126000, 3792425, 49.98],
		
["20210219", 129000, 133000, 128500, 133000, 6986526, 50.24],
		
["20210222", 136000, 139500, 135000, 136500, 7961516, 50.33],
		
["20210223", 133500, 140000, 131500, 138500, 6400037, 50.38],
		
["20210224", 137500, 143500, 134000, 136000, 9074809, 50.36],
		
["20210225", 141000, 149500, 140000, 148500, 9936495, 50.66],
		
["20210226", 143500, 145000, 138000, 141500, 10843268, 50.31],
		
["20210302", 149000, 150500, 141000, 144500, 9376523, 50.28],
		
["20210303", 142500, 147000, 139500, 147000, 5827221, 50.28],
		
["20210304", 143000, 145500, 139500, 142000, 6586562, 50.01],
		
["20210305", 138000, 141500, 136500, 140000, 6091444, 49.91],
		
["20210308", 143000, 143000, 135500, 135500, 5587787, 49.85],
		
["20210309", 134000, 137500, 130500, 136500, 7822152, 49.74],
		
["20210310", 140500, 140500, 132500, 133000, 5614476, 49.76],
		
["20210311", 134500, 139000, 134000, 137000, 6707671, 50.03],
		
["20210312", 140500, 142500, 139500, 140000, 4548695, 50.08],
		
["20210315", 141500, 142000, 136000, 136500, 4289990, 49.99],
		
["20210316", 138500, 140500, 138000, 140500, 3304561, 50.04],
		
["20210317", 141000, 141000, 138500, 140000, 2588319, 50.04],
		
["20210318", 142500, 145000, 141000, 142000, 4426840, 50.15],
		
["20210319", 138000, 139500, 137000, 138000, 4015627, 50.1],
		
["20210322", 138500, 140000, 137000, 138000, 2727719, 50.09],
		
["20210323", 139000, 139500, 134000, 135000, 3839090, 50.04],
		
["20210324", 133000, 134500, 131500, 133500, 3894080, 50.03],
		
["20210325", 133000, 134500, 130500, 133000, 4157799, 50.01],
		
["20210326", 134000, 135000, 132000, 135000, 3835443, 50.23],
		
["20210329", 135500, 135500, 131500, 132000, 3575226, 50.26],
		
["20210330", 133000, 135500, 132000, 134500, 3304184, 50.31],
		
["20210331", 134500, 135000, 132000, 132500, 3309680, 50.24],
		
["20210401", 138000, 140500, 136500, 140500, 5833436, 50.59],
		
["20210402", 142000, 143000, 140000, 141000, 3432245, 50.58],
		
["20210405", 142000, 144500, 141000, 143000, 2616440, 50.62],
		
["20210406", 147000, 147000, 141500, 143000, 3753217, 50.61],
		
["20210407", 146000, 146000, 142500, 143500, 2424687, 50.64],
		
["20210408", 143500, 146000, 142500, 144000, 3774932, 50.53],
		
["20210409", 144000, 145000, 139500, 140000, 3276077, 50.5],
		
["20210412", 140500, 140500, 136000, 137500, 3878457, 50.43],
		
["20210413", 136000, 140000, 135500, 139500, 2876178, 50.47],
		
["20210414", 139000, 139000, 136500, 137000, 2777203, 50.4],
		
["20210415", 136000, 139000, 136000, 137500, 2291160, 50.37],
		
["20210416", 138500, 139000, 137500, 137500, 1982877, 50.37],
		
["20210419", 138000, 139000, 137000, 138000, 1906782, 50.39],
		
["20210420", 136500, 138500, 136500, 138500, 2167732, 50.39],
		
["20210421", 138000, 138000, 132000, 132500, 5120577, 50.15],
		
["20210422", 134500, 135500, 133000, 133000, 3007457, 50.15],
		
["20210423", 130500, 132500, 128500, 132500, 4854412, 50.1],
		
["20210426", 132500, 132500, 130500, 131500, 2904879, 50.02],
		
["20210427", 133000, 136000, 132500, 135000, 3394650, 50.09],
		
["20210428", 134500, 135000, 130000, 130000, 5596760, 49.94],
		
["20210429", 132000, 133000, 129000, 130000, 3738266, 49.89],
		
["20210430", 130000, 130500, 126500, 128000, 3955947, 49.85],
		
["20210503", 127500, 132500, 127000, 131500, 4085398, 49.91],
		
["20210504", 130500, 132000, 129000, 132000, 2547004, 49.95],
		
["20210506", 130000, 130500, 128000, 129000, 4211535, 49.84],
		
["20210507", 128000, 131000, 127000, 129500, 3450323, 49.85],
		
["20210510", 131000, 131000, 128500, 130000, 3067077, 49.78],
		
["20210511", 127000, 127500, 122000, 123000, 9882491, 49.32],
		
["20210512", 123000, 123500, 119000, 119500, 8272196, 49.11],
		
["20210513", 116000, 118500, 115500, 117500, 6042025, 49.06],
		
["20210514", 118500, 120000, 118000, 118500, 3227201, 48.99],
		
["20210517", 120000, 120000, 117000, 117500, 3110127, 48.95],
		
["20210518", 117500, 122000, 117500, 121000, 3470048, 48.95],
		
["20210520", 121000, 124000, 119500, 122500, 4600751, 48.95],
		
["20210521", 124500, 125500, 121000, 122500, 4062695, 48.94],
		
["20210524", 122000, 122500, 119000, 119500, 3188734, 48.96],
		
["20210525", 121500, 123000, 120500, 123000, 3258364, 49.04],
		
["20210526", 124000, 124500, 122000, 123000, 3015522, 49.11],
		
["20210527", 124500, 126000, 123000, 125500, 4539067, 49.23],
		
["20210528", 126500, 126500, 124000, 125000, 2332971, 49.18],
		
["20210531", 126000, 127000, 124000, 127000, 2448074, 49.25],
		
["20210601", 127000, 129000, 126000, 128500, 2819179, 49.27],
		
["20210602", 128500, 129000, 125500, 126000, 2885654, 49.26],
		
["20210603", 127000, 130000, 126500, 129000, 3353993, 49.35],
		
["20210604", 127500, 129000, 126500, 128500, 2555891, 49.4],
		
["20210607", 129500, 130000, 128000, 128500, 2562918, 49.4],
		
["20210608", 127000, 127500, 125000, 127500, 4194955, 49.47],
		
["20210609", 125500, 126000, 122500, 122500, 6087592, 49.28],
		
["20210610", 122500, 124000, 120500, 123000, 4533076, 49.31],
		
["20210611", 124500, 128500, 124000, 128000, 4868608, 49.51],
		
["20210614", 127000, 127500, 125500, 127000, 2022730, 49.51],
		
["20210615", 128500, 129500, 128000, 128500, 1975082, 49.56],
		
["20210616", 128000, 129500, 127000, 129500, 1893752, 49.61],
		
["20210617", 127000, 128000, 126000, 126500, 2123793, 49.58],
		
["20210618", 127500, 127500, 124500, 124500, 2506112, 49.45],
		
["20210621", 121000, 123000, 120500, 122000, 3275288, 49.36],
		
["20210622", 122500, 123500, 122000, 122000, 2179712, 49.42],
		
["20210623", 122500, 124500, 122000, 124000, 2703658, 49.49],
		
["20210624", 124000, 126500, 123500, 126000, 2646407, 49.53],
		
["20210625", 128000, 129000, 127500, 128500, 2531018, 49.56],
		
["20210628", 129000, 129500, 126000, 126000, 2402730, 49.61],
		
["20210629", 127500, 128000, 125000, 125000, 2211572, 49.57],
		
["20210630", 126500, 129500, 126000, 127500, 4346027, 49.8],
		
["20210701", 127500, 128000, 124000, 124500, 3336174, 49.69],
		
["20210702", 122500, 123500, 121500, 122500, 3983921, 49.51],
		
["20210705", 123500, 124500, 122500, 123000, 1632551, 49.41],
		
["20210706", 124000, 126000, 123500, 125000, 2067135, 49.35],
		
["20210707", 125000, 125500, 122500, 123500, 2229140, 49.32],
		
["20210708", 123500, 123500, 121000, 121500, 3165552, 49.19],
		
["20210709", 120500, 120500, 118000, 119500, 4823577, 49.01],
		
["20210712", 121000, 122000, 119500, 120000, 2477201, 48.98],
		
["20210713", 121000, 123500, 121000, 123000, 2879072, 49.09],
		
["20210714", 122500, 124000, 121500, 123500, 2443087, 49.15],
		
["20210715", 123500, 124000, 122500, 123500, 1500981, 49.11],
		
["20210716", 122000, 122500, 120500, 121500, 2905546, 49.09],
		
["20210719", 119000, 120000, 118500, 119000, 2066638, 49.03],
		
["20210720", 117500, 119500, 117500, 118500, 2070074, 48.96],
		
["20210721", 119500, 120000, 116500, 117000, 2864601, 48.87],
		
["20210722", 118000, 120000, 118000, 119500, 1919233, 48.87],
		
["20210723", 118500, 119000, 117500, 118500, 1747651, 48.8],
		
["20210726", 119500, 120000, 117000, 117000, 1836657, 48.79],
		
["20210727", 118000, 119000, 116000, 116000, 2916330, 48.71],
		
["20210728", 115000, 115500, 112500, 114000, 6033084, 48.45],
		
["20210729", 115000, 115500, 113000, 114000, 3054699, 48.38],
		
["20210730", 114000, 114000, 112500, 112500, 2888566, 48.36],
		
["20210802", 113500, 117000, 113000, 116000, 4276730, 48.38],
		
["20210803", 118000, 120500, 117000, 120000, 4396423, 48.45],
		
["20210804", 122000, 123000, 120500, 121000, 4162635, 48.45],
		
["20210805", 121000, 121500, 118000, 120000, 3491584, 48.4],
		
["20210806", 119000, 119500, 117500, 118000, 2209875, 48.4],
		
["20210809", 117500, 118000, 116000, 116000, 2755724, 48.35],
		
["20210810", 115000, 115500, 112000, 112500, 5420223, 48.05],
		
["20210811", 109000, 110000, 105000, 105500, 13715267, 47.18],
		
["20210812", 102000, 104000, 99800, 100500, 19150647, 46.04],
		
["20210813", 99600, 101500, 98900, 101500, 11622957, 45.72],
		
["20210817", 101000, 103500, 100500, 101500, 7851717, 45.83],
		
["20210818", 103000, 105500, 101500, 104000, 8047599, 45.98],
		
["20210819", 103000, 105500, 101500, 102500, 6161038, 46.06],
		
["20210820", 104000, 104500, 102000, 102500, 4719139, 46.09],
		
["20210823", 104500, 105000, 103000, 103000, 4515699, 46.07],
		
["20210824", 104500, 105500, 104000, 105000, 4454743, 46.13],
		
["20210825", 106000, 106000, 102500, 103500, 3194555, 46.1],
		
["20210826", 106000, 106500, 103500, 104000, 3694741, 46.19],
		
["20210827", 103500, 104500, 101000, 103500, 3507782, 46.2],
		
["20210830", 105000, 105500, 103500, 103500, 1815758, 46.2],
		
["20210831", 103500, 106500, 102000, 106500, 4979276, 46.32],
		
["20210901", 106000, 108000, 104500, 108000, 4736183, 46.42],
		
["20210902", 108000, 108500, 106000, 106500, 2724565, 46.42],
		
["20210903", 106500, 107500, 106000, 107000, 2513486, 46.46],
		
["20210906", 106500, 107000, 105000, 106000, 1888595, 46.46],
		
["20210907", 105500, 106000, 104000, 104500, 2547667, 46.47],
		
["20210908", 104000, 107500, 103500, 106000, 2891267, 46.62],
		
["20210909", 105000, 106000, 103000, 103000, 3233011, 46.56],
		
["20210910", 103500, 105500, 103000, 105000, 1999369, 46.61],
		
["20210913", 105000, 107000, 104000, 106500, 1923344, 46.69],
		
["20210914", 107500, 108500, 106500, 107500, 2463248, 46.77],
		
["20210915", 107500, 107500, 105500, 107500, 2933797, 46.84],
		
["20210916", 107000, 107500, 104000, 104000, 3602821, 46.71],
		
["20210917", 104500, 107500, 104000, 107000, 3386517, 46.89],
		
["20210923", 105500, 107000, 105000, 105500, 2493313, 46.87],
		
["20210924", 106000, 106500, 104000, 104000, 2236954, 46.97],
		
["20210927", 104000, 105500, 103500, 104500, 1839358, 47.01],
		
["20210928", 105000, 105500, 103000, 103500, 2951945, 47.0],
		
["20210929", 101000, 102000, 99700, 100000, 6353977, 46.97],
		
["20210930", 99900, 103500, 99600, 103000, 3910557, 47.13],
		
["20211001", 102000, 102500, 100000, 100000, 2681124, 47.1],
		
["20211005", 98900, 99500, 97200, 97900, 3244145, 46.93],
		
["20211006", 98400, 98700, 95800, 96500, 2816951, 46.97],
		
["20211007", 96300, 96800, 95000, 95700, 3834957, 46.88],
		
["20211008", 96200, 96300, 93500, 94000, 4098832, 46.89],
		
["20211012", 92400, 92900, 90800, 91500, 4728215, 46.97],
		
["20211013", 90900, 93500, 90500, 92000, 3045438, 46.97],
		
["20211014", 92400, 94500, 92100, 93800, 2414639, 46.95],
		
["20211015", 96000, 98500, 95700, 98400, 4229748, 47.07],
		
["20211018", 98300, 98300, 96700, 97100, 2111399, 47.08],
		
["20211019", 98600, 98600, 97100, 97700, 1400175, 47.06],
		
["20211020", 98200, 98600, 97200, 97900, 2010529, 47.12],
		
["20211021", 97300, 98300, 96100, 96300, 2152221, 47.1],
		
["20211022", 95500, 99200, 95500, 98500, 1962833, 47.11],
		
["20211025", 99500, 101500, 98300, 100000, 2950459, 47.14],
		
["20211026", 101500, 103500, 101000, 102000, 3458645, 47.12],
		
["20211027", 103000, 104000, 101500, 101500, 2859255, 47.13],
		
["20211028", 102000, 107500, 101500, 106500, 6329703, 47.27],
		
["20211029", 107000, 108500, 103000, 103000, 4007223, 47.2],
		
["20211101", 103500, 107000, 102500, 106500, 3118661, 47.2],
		
["20211102", 107000, 108500, 106500, 107500, 2892292, 47.22],
		
["20211103", 108500, 109000, 104500, 105500, 3116506, 47.27],
		
["20211104", 107000, 108000, 105500, 106000, 2059242, 47.27],
		
["20211105", 108000, 108500, 105500, 107000, 2523345, 47.33],
		
["20211108", 107000, 108000, 104000, 107500, 2212348, 47.36],
		
["20211109", 108000, 110000, 107500, 109000, 3440686, 47.49],
		
["20211110", 108500, 109500, 107500, 108500, 2361295, 47.54],
		
["20211111", 107500, 108000, 105500, 107500, 2731498, 47.56],
		
["20211112", 109000, 109500, 105500, 106500, 1786165, 47.52],
		
["20211115", 108500, 111500, 108000, 111000, 4701568, 47.76],
		
["20211116", 111000, 113000, 109000, 112000, 3767311, 47.82],
		
["20211117", 113000, 113000, 110000, 110500, 3062491, 47.87],
		
["20211118", 110000, 111000, 109000, 110000, 1928891, 47.9],
		
["20211119", 110000, 112500, 110000, 111500, 2324668, 47.97],
		
["20211122", 116500, 121000, 116000, 119500, 9786492, 48.3],
		
["20211123", 119500, 121000, 117500, 119000, 4847270, 48.36],
		
["20211124", 120500, 122500, 118000, 119500, 4001111, 48.42],
		
["20211125", 120500, 121000, 117000, 117500, 3339835, 48.42],
		
["20211126", 116500, 118500, 113000, 115500, 4337936, 48.45],
		
["20211129", 113000, 118500, 113000, 116000, 4412863, 48.45],
		
["20211130", 118000, 119000, 112500, 114000, 7449608, 48.44],
		
["20211201", 114500, 117500, 112000, 116500, 4214135, 48.45],
		
["20211202", 115500, 120500, 115000, 120000, 6980518, 48.56],
		
["20211203", 119000, 119500, 115500, 118000, 4567843, 48.53],
		
["20211206", 116000, 119000, 115500, 118500, 4318893, 48.57],
		
["20211207", 119000, 122500, 118000, 121500, 5112025, 48.68],
		
["20211208", 124000, 125000, 119500, 120000, 6168137, 48.65],
		
["20211209", 120500, 123500, 119000, 123500, 5631833, 48.77],
		
["20211210", 120500, 121500, 119500, 120500, 2512642, 48.58],
		
["20211213", 121000, 124000, 121000, 121500, 3329176, 48.66],
		
["20211214", 120500, 123000, 120000, 121000, 2201003, 48.67],
		
["20211215", 120000, 123500, 120000, 123500, 2681332, 48.74],
		
["20211216", 125000, 125500, 122500, 124000, 3869086, 48.79],
		
["20211217", 120500, 123000, 120500, 122000, 3850444, 48.78],
		
["20211220", 121500, 123500, 120500, 120500, 2846815, 48.8],
		
["20211221", 124000, 124500, 122500, 124500, 3678590, 48.87],
		
["20211222", 127500, 128500, 126000, 127000, 3817689, 48.93],
		
["20211223", 129000, 129000, 126500, 127500, 2398358, 48.84],
		
["20211224", 129000, 130000, 128000, 128000, 2462683, 48.87],
		
["20211227", 128500, 129000, 126000, 126000, 2684135, 48.86],
		
["20211228", 126500, 128000, 124500, 127500, 4086063, 48.95],
		
["20211229", 127500, 128500, 125500, 127000, 3832154, 48.92],
		
["20211230", 131000, 133500, 130000, 131000, 5172987, 48.94],
		
["20220103", 132000, 132500, 128000, 128500, 3782213, 48.99],
		
["20220104", 129500, 130000, 127500, 128500, 3622369, 49.02],
		
["20220105", 129000, 129000, 121500, 125500, 7414954, 49.11],
		
["20220106", 123500, 127000, 123000, 125000, 3725569, 49.23],
		
["20220107", 127000, 129000, 126500, 127000, 3270119, 49.35],
		
["20220110", 126500, 127000, 123000, 124500, 3449197, 49.39],
		
["20220111", 125500, 128500, 124500, 128000, 3958787, 49.51],
		
["20220112", 129500, 130000, 126500, 128500, 3552174, 49.48],
		
["20220113", 128500, 130000, 128000, 129500, 4155984, 49.59],
		
["20220114", 128500, 129000, 126000, 128500, 3769648, 49.57],
		
["20220117", 127500, 128000, 124500, 127000, 3730393, 49.53],
		
["20220118", 126500, 127500, 125000, 126500, 3607850, 49.58],
		
["20220119", 123500, 128500, 123500, 127000, 4094609, 49.66],
		
["20220120", 126000, 126500, 123500, 125000, 5441986, 49.62],
		
["20220121", 121500, 122500, 118000, 119000, 6465040, 49.62],
		
["20220124", 116500, 120500, 116500, 119000, 4883822, 49.64],
		
["20220125", 118000, 120000, 116500, 118000, 5702595, 49.65],
		
["20220126", 119000, 119500, 117500, 117500, 3416240, 49.67],
		
["20220127", 119500, 119500, 111000, 113500, 6679404, 49.61],
		
["20220128", 115000, 121500, 114500, 120500, 4776510, 49.71],
		
["20220203", 124500, 127000, 124000, 124000, 5171178, 49.89],
		
["20220204", 125500, 127000, 124000, 124500, 3037097, 49.9],
		
["20220207", 123000, 123500, 119500, 123000, 4804261, 49.93],
		
["20220208", 124500, 126000, 123500, 125000, 4054097, 50.03],
		
["20220209", 127000, 128000, 124500, 126000, 4339337, 50.05],
		
["20220210", 129000, 131000, 127000, 129500, 7269729, 50.29],
		
["20220211", 130500, 132500, 130000, 132000, 6057207, 50.5],
		
["20220214", 130000, 132500, 129500, 132500, 4962205, 50.65],
		
["20220215", 131500, 132000, 127000, 127000, 5097120, 50.6],
		
["20220216", 131000, 132500, 130000, 130500, 3499809, 50.64],
		
["20220217", 130500, 134000, 130000, 133000, 5433402, 50.88],
		
["20220218", 131500, 133000, 129500, 131500, 3108887, 50.86],
		
["20220221", 129000, 130500, 127000, 130000, 4048108, 50.88],
		
["20220222", 127000, 129500, 126000, 128500, 3179806, 50.85],
		
["20220223", 130000, 130500, 127000, 128500, 2752112, 50.84],
		
["20220224", 125500, 126000, 122000, 122500, 5748069, 50.68],
		
["20220225", 125500, 126000, 122500, 123000, 3309625, 50.72],
		
["20220228", 123000, 123500, 121000, 123500, 3224264, 50.76],
		
["20220302", 124500, 126500, 123000, 125000, 2903340, 50.83],
		
["20220303", 128000, 129500, 127000, 129000, 3088097, 50.89],
		
["20220304", 127500, 128000, 124000, 124500, 3249773, 50.78],
		
["20220307", 119000, 121000, 119000, 119500, 5203286, 50.61],
		
["20220308", 117000, 119500, 116500, 118000, 3619045, 50.59],
		
["20220310", 121000, 121500, 118500, 120000, 3912683, 50.51],
		
["20220311", 118500, 119000, 115500, 117000, 3087532, 50.43],
		
["20220314", 115500, 117000, 114500, 116000, 3172353, 50.4],
		
["20220315", 114500, 115500, 112000, 112500, 3578256, 50.31],
		
["20220316", 115000, 117000, 114000, 116500, 3739977, 50.33],
		
["20220317", 121000, 124500, 121000, 124000, 7219813, 50.62],
		
["20220318", 124000, 125000, 121000, 124000, 4493159, 50.64],
		
["20220321", 124000, 124500, 121000, 122000, 3433809, 50.62],
		
["20220322", 121000, 124000, 121000, 123500, 2246439, 50.66],
		
["20220323", 124000, 124500, 122000, 123500, 4085633, 50.64],
		
["20220324", 121000, 122000, 119500, 120500, 4215272, 50.62],
		
["20220325", 122000, 123000, 118000, 118000, 5514940, 50.45],
		
["20220328", 117500, 119500, 116500, 118000, 3234792, 50.39],
		
["20220329", 119500, 120500, 118500, 120000, 3375247, 50.44],
		
["20220330", 123000, 123000, 120500, 121000, 3436282, 50.48],
		
["20220331", 119500, 120000, 117500, 118000, 4558063, 50.32],
		
["20220401", 117000, 117500, 116000, 116000, 3851558, 50.3],
		
["20220404", 115000, 117500, 114500, 117000, 2470792, 50.33],
		
["20220405", 117500, 118000, 116000, 116500, 2101474, 50.33],
		
["20220406", 114500, 115500, 113000, 113000, 4541938, 50.17],
		
["20220407", 111500, 114500, 110500, 113500, 5027865, 50.11],
		
["20220408", 113000, 114000, 110500, 112000, 4268316, 50.04],
		
["20220411", 111000, 113000, 110500, 111500, 2390786, 50.04],
		
["20220412", 110500, 113000, 110500, 111000, 2738163, 50.01],
		
["20220413", 112000, 113000, 111000, 113000, 2484490, 49.96],
		
["20220414", 113000, 113000, 110000, 110000, 4715700, 49.84],
		
["20220415", 108000, 108500, 107000, 108000, 3694012, 49.85],
		
["20220418", 107000, 109500, 106500, 109000, 2670439, 49.82],
		
["20220419", 110000, 112500, 109500, 112500, 3021192, 49.86],
		
["20220420", 112500, 113000, 111000, 112500, 2905007, 49.9],
		
["20220421", 112500, 115000, 112500, 113000, 3199858, 49.89],
		
["20220422", 110500, 112000, 110500, 110500, 2360834, 49.87],
		
["20220425", 109000, 109500, 108000, 108000, 2282343, 49.81],
		
["20220426", 109500, 111000, 108000, 111000, 2969516, 49.82],
		
["20220427", 108000, 109500, 107500, 108500, 3261290, 49.75],
		
["20220428", 109500, 110000, 108000, 109500, 2804966, 49.76],
		
["20220429", 110000, 112500, 109500, 112500, 3752415, 49.75],
		
["20220502", 110000, 111500, 110000, 110500, 2175384, 49.69],
		
["20220503", 111000, 112000, 109500, 110000, 2676115, 49.67],
		
["20220504", 110500, 111000, 108500, 109500, 2491890, 49.66],
		
["20220506", 108000, 108500, 106500, 107500, 2566813, 49.68],
		
["20220509", 107000, 109000, 106500, 107500, 2203472, 49.7],
		
["20220510", 107000, 111000, 107000, 110000, 4141923, 49.75],
		
["20220511", 110500, 112500, 108000, 110500, 3658168, 49.74],
		
["20220512", 109500, 111500, 108500, 109000, 4132948, 49.69],
		
["20220513", 109000, 112500, 109000, 112500, 4003349, 49.7],
		
["20220516", 113500, 114000, 110000, 110500, 3930044, 49.65],
		
["20220517", 111000, 113000, 110500, 112500, 2056143, 49.65],
		
["20220518", 114000, 115000, 113000, 113500, 3570113, 49.72],
		
["20220519", 110500, 112500, 110000, 111000, 3680049, 49.74],
		
["20220520", 111500, 113000, 111000, 112500, 2398978, 49.71],
		
["20220523", 113000, 113500, 111000, 113000, 3160028, 49.74],
		
["20220524", 111500, 112000, 108500, 108500, 4491835, 49.58],
		
["20220525", 109500, 110000, 107000, 108000, 4151560, 49.57],
		
["20220526", 107500, 108500, 101500, 103000, 8523001, 49.42],
		
["20220527", 105500, 107000, 105000, 106000, 3686487, 49.6],
		
["20220530", 108000, 108000, 106000, 107000, 2054526, 49.56],
		
["20220531", 106500, 108000, 105500, 108000, 4024509, 49.7],
		
["20220602", 106000, 107500, 106000, 107000, 3097583, 49.78],
		
["20220603", 108000, 108500, 107000, 107000, 1638006, 49.78],
		
["20220607", 105500, 106000, 103500, 104000, 3174521, 49.77],
		
["20220608", 104500, 107500, 104500, 106000, 3075530, 49.89],
		
["20220609", 105500, 107000, 104500, 105500, 4640744, 49.88],
		
["20220610", 104000, 104500, 102500, 103500, 3480289, 49.79],
		
["20220613", 100000, 101000, 99000, 99000, 4133447, 49.69],
		
["20220614", 96900, 99600, 96800, 99100, 3242550, 49.64],
		
["20220615", 98500, 98900, 96700, 97900, 2578500, 49.62],
		
["20220616", 99900, 101500, 97100, 97400, 3810703, 49.66],
		
["20220617", 95100, 96400, 95000, 96400, 3965464, 49.59],
		
["20220620", 96700, 96800, 93100, 94500, 2386222, 49.54],
		
["20220621", 94700, 95900, 93900, 95200, 2707302, 49.52],
		
["20220622", 95700, 95700, 91700, 92200, 3509830, 49.45],
		
["20220623", 92100, 93000, 89700, 90200, 3983116, 49.34],
		
["20220624", 90500, 92000, 90500, 91600, 3045970, 49.32],
		
["20220627", 92700, 96100, 92600, 95000, 3408749, 49.34],
		
["20220628", 94500, 95300, 93700, 95300, 2022966, 49.38],
		
["20220629", 93300, 94900, 92900, 94000, 2529973, 49.38],
		
["20220630", 91500, 93100, 91000, 91000, 3098854, 49.41],
		
["20220701", 91000, 92500, 87100, 87500, 4959176, 49.27],
		
["20220704", 87500, 89600, 86300, 89100, 4331728, 49.31],
		
["20220705", 90400, 93400, 90400, 92500, 3560085, 49.33],
		
["20220706", 92800, 93600, 90900, 92100, 3981326, 49.36],
		
["20220707", 91300, 95200, 91300, 93900, 3330794, 49.31],
		
["20220708", 95900, 96500, 94500, 94800, 2814478, 49.4],
		
["20220711", 95000, 95700, 93500, 93700, 1885425, 49.39],
		
["20220712", 94000, 94000, 91700, 93300, 2385688, 49.43],
		
["20220713", 94600, 96400, 93800, 94000, 2721816, 49.37],
		
["20220714", 92800, 95500, 92300, 94000, 2550307, 49.43],
		
["20220715", 95900, 99000, 95500, 98700, 4457208, 49.55],
		
["20220718", 101000, 103500, 100000, 101000, 4564780, 49.71],
		
["20220719", 100000, 100500, 98700, 100000, 2709084, 49.71],
		
["20220720", 103000, 104500, 101000, 102000, 3981053, 49.88],
		
["20220721", 102000, 103000, 100500, 102500, 2143984, 49.91],
		
["20220722", 102500, 102500, 100000, 100000, 3126556, 49.89],
		
["20220725", 99100, 101500, 98900, 100000, 2185108, 49.9],
		
["20220726", 100500, 101000, 99100, 100500, 1636970, 49.9],
		
["20220727", 101000, 101500, 98600, 100000, 3159499, 49.86],
		
["20220728", 101000, 101500, 98900, 99400, 3359717, 49.92],
		
["20220729", 99900, 100000, 97400, 97900, 3899079, 49.86],
		
["20220801", 97200, 98100, 96500, 97100, 2007646, 49.87],
		
["20220802", 97200, 97200, 96200, 96500, 1916851, 49.88],
		
["20220803", 96900, 97500, 96100, 97500, 1703330, 49.92],
		
["20220804", 98000, 98100, 97100, 97500, 1960526, 49.92],
		
["20220805", 98100, 98700, 97400, 98500, 2052852, 49.97],
		
["20220808", 97700, 97700, 95800, 96300, 3206548, 49.95],
		
["20220809", 96000, 96100, 94500, 95100, 3152955, 49.96],
		
["20220810", 91800, 93000, 91800, 91800, 4356568, 49.83],
		
["20220811", 93500, 94400, 92600, 93300, 5206962, 49.83],
		
["20220812", 92800, 94400, 92600, 93300, 1910127, 49.84],
		
["20220816", 94500, 97600, 94400, 96700, 4267280, 49.94],
		
["20220817", 96800, 97600, 95900, 97100, 1764674, 49.98],
		
["20220818", 95900, 96400, 95300, 95700, 1889587, 49.95],
		
["20220819", 97000, 97500, 95900, 96400, 1890839, 50.03],
		
["20220822", 95200, 95600, 94000, 95200, 2293601, 50.1],
		
["20220823", 94100, 95400, 93600, 93600, 1932822, 50.1],
		
["20220824", 93900, 94200, 93000, 93200, 1447036, 50.11],
		
["20220825", 93600, 94100, 92100, 94100, 2189458, 50.06],
		
["20220826", 95400, 96800, 94700, 95100, 2301949, 50.07],
		
["20220829", 92700, 93300, 92000, 92500, 2619260, 50.11],
		
["20220830", 92700, 93400, 92400, 93200, 1595242, 50.11],
		
["20220831", 92600, 95500, 92100, 95200, 2421669, 50.22],
		
["20220901", 93900, 93900, 92300, 92400, 2337521, 50.22],
		
["20220902", 92700, 93300, 91600, 91700, 2036818, 50.32],
		
["20220905", 91800, 92400, 90400, 91100, 1706148, 50.33],
		
["20220906", 91900, 92900, 91100, 91800, 1389821, 50.35],
		
["20220907", 91100, 91100, 89900, 90400, 2053413, 50.34],
		
["20220908", 90500, 91000, 90000, 90400, 2012123, 50.3],
		
["20220913", 91700, 95200, 91700, 94800, 3288428, 50.38],
		
["20220914", 91700, 93400, 91300, 93000, 2444928, 50.42],
		
["20220915", 92900, 93000, 91500, 92000, 1755820, 50.43],
		
["20220916", 90900, 91400, 90000, 91200, 2243179, 50.34],
		
["20220919", 90800, 91500, 90000, 90000, 2078633, 50.31],
		
["20220920", 89000, 90600, 87500, 88000, 4259789, 50.07],
		
["20220921", 87500, 88500, 86300, 88000, 2954420, 50.01],
		
["20220922", 86300, 86900, 85900, 86000, 2204430, 49.96],
		
["20220923", 85500, 86600, 83300, 83500, 3932242, 49.83],
		
["20220926", 81500, 83200, 81500, 82500, 3281145, 49.82],
		
["20220927", 82200, 82700, 80700, 82000, 2606333, 49.74],
		
["20220928", 81900, 83500, 80500, 81200, 3068181, 49.7],
		
["20220929", 82500, 82900, 80500, 80800, 2064798, 49.75],
		
["20220930", 80900, 83900, 80400, 83100, 4711130, 49.78],
		
["20221004", 85200, 87200, 85200, 86200, 4277404, 49.82],
		
["20221005", 90000, 90400, 88100, 89800, 5927256, 50.14],
		
["20221006", 90900, 92000, 89800, 89900, 3039698, 50.24],
		
["20221007", 89600, 91800, 87800, 91200, 3100583, 50.38],
		
["20221011", 89700, 91200, 88000, 90200, 3840842, 50.5],
		
["20221012", 91000, 94000, 90900, 94000, 4648231, 50.62],
		
["20221013", 93400, 94900, 92800, 94900, 4390570, 50.72],
		
["20221014", 96000, 96600, 94300, 95500, 3516437, 50.84],
		
["20221017", 94600, 95300, 94000, 95200, 2134558, 50.9],
		
["20221018", 95900, 96200, 94600, 95800, 2618680, 50.96],
		
["20221019", 94700, 94900, 92700, 92900, 3684934, 51.03],
		
["20221020", 91000, 91800, 89000, 90200, 4547678, 50.98],
		
["20221021", 89800, 91400, 89700, 90500, 2206754, 51.0],
		
["20221024", 92200, 93100, 91200, 91800, 2165991, 50.97],
		
["20221025", 91900, 94800, 91000, 93500, 2656194, 50.99],
		
["20221026", 93300, 95500, 93200, 93900, 3310322, 51.12],
		
["20221027", 95100, 95100, 89800, 90000, 4550273, 51.07],
		
["20221028", 87100, 87800, 83000, 83400, 7748514, 50.83],
		
["20221031", 84300, 85400, 82400, 82700, 6271574, 50.74],
		
["20221101", 82700, 83900, 81400, 83900, 3820185, 50.76],
		
["20221102", 84200, 85500, 83600, 84500, 2536363, 50.82],
		
["20221103", 82600, 83500, 81900, 82700, 2901380, 50.77],
		
["20221104", 82700, 84600, 81700, 84500, 3032985, 50.77],
		
["20221107", 85400, 86800, 85000, 86500, 2765284, 50.81],
		
["20221108", 87600, 89000, 87400, 87700, 2799575, 50.82],
		
["20221109", 88100, 89200, 86600, 89200, 2619752, 50.9],
		
["20221110", 89000, 90800, 88300, 89100, 3856811, 51.02],
		
["20221111", 95200, 95300, 92500, 93500, 5002149, 51.07],
		
["20221114", 93900, 93900, 90900, 90900, 2483441, 51.06],
		
["20221115", 91300, 92100, 90400, 91600, 2460465, 51.0],
		
["20221116", 92000, 92400, 90300, 91500, 2609199, 50.99],
		
["20221117", 82400, 88500, 82000, 87700, 3703870, 50.86],
		
["20221118", 88700, 91500, 88100, 88400, 2981192, 50.92],
		
["20221121", 87600, 87700, 86100, 86300, 2111523, 50.84],
		
["20221122", 85500, 86600, 84900, 85200, 1617131, 50.8],
		
["20221123", 86100, 86700, 84900, 85200, 1480400, 50.76],
		
["20221124", 86900, 87200, 85700, 86900, 2148255, 50.76],
		
["20221125", 87200, 87300, 85100, 85100, 1439011, 50.69],
		
["20221128", 84100, 84200, 82900, 83100, 2471506, 50.63],
		
["20221129", 82700, 83800, 82100, 83700, 1501783, 50.56],
		
["20221130", 83200, 85400, 83100, 85000, 3332708, 50.6],
		
["20221201", 87300, 87300, 84600, 84700, 2878591, 50.54],
		
["20221202", 83900, 83900, 81800, 81900, 4594058, 50.32],
		
["20221205", 81900, 82300, 80700, 81000, 3516456, 50.14],
		
["20221206", 79900, 81100, 79800, 81000, 2781352, 50.08],
		
["20221207", 79900, 80700, 78700, 78900, 3589926, 49.95],
		
["20221208", 78200, 79800, 78200, 78800, 3809847, 49.84],
		
["20221209", 79400, 81500, 79300, 81500, 2985508, 49.91],
		
["20221212", 80100, 81300, 79500, 81100, 1242007, 49.91],
		
["20221213", 81300, 82700, 80500, 82300, 2761104, 49.92],
		
["20221214", 82100, 82600, 81100, 81800, 2357491, 49.94],
		
["20221215", 80600, 81100, 79900, 80200, 1713617, 49.97],
		
["20221216", 77700, 79400, 77500, 78400, 3827227, 49.82],
		
["20221219", 78300, 80100, 78300, 79000, 1813544, 49.87],
		
["20221220", 78200, 78900, 77800, 78300, 1361926, 49.85],
		
["20221221", 78500, 79200, 78000, 78000, 1513864, 49.79],
		
["20221222", 78500, 79300, 77900, 79200, 2061883, 49.8],
		
["20221223", 77800, 78300, 77300, 77800, 1554446, 49.75],
		
["20221226", 77700, 77700, 76500, 77000, 1414717, 49.75],
		
["20221227", 77500, 77600, 76500, 77000, 1694225, 49.7],
		
["20221228", 76800, 77000, 75400, 76000, 1891221, 49.72],
		
["20221229", 75200, 75600, 74700, 75000, 1736661, 49.71],
		
["20230102", 75100, 76700, 75000, 75700, 1376985, 49.75],
		
["20230103", 75600, 76300, 73100, 75600, 2719437, 49.64],
		
["20230104", 75400, 81900, 75200, 81000, 5154609, 49.83],
		
["20230105", 83300, 83300, 80800, 81400, 3510964, 49.86],
		
["20230106", 81400, 83600, 81100, 83100, 3687430, 49.86],
		
["20230109", 84900, 86000, 83500, 86000, 3948670, 49.99],
		
["20230110", 85500, 87200, 85000, 86500, 3105311, 50.09],
		
["20230111", 87800, 88400, 86500, 87300, 3083961, 50.2],
		
["20230112", 88100, 88100, 85800, 86800, 3065582, 50.34],
		
["20230113", 86800, 87500, 85400, 85700, 2058890, 50.37],
		
["20230116", 86000, 86500, 84900, 85800, 1512876, 50.39],
		
["20230117", 86400, 87200, 85700, 86000, 1586136, 50.41],
		
["20230118", 86400, 86500, 84500, 85100, 1494262, 50.42],
		
["20230119", 84000, 85800, 84000, 85500, 1674834, 50.45],
		
["20230120", 86300, 87800, 86100, 87600, 2386074, 50.52],
		
["20230125", 92000, 92000, 90600, 91400, 3611901, 50.7],
		
["20230126", 90800, 92300, 90100, 92300, 2319962, 50.76],
		
["20230127", 91300, 92800, 90300, 91500, 2553811, 50.73],
		
["20230130", 91300, 91600, 90000, 90700, 2603297, 50.79],
		
["20230131", 90800, 90800, 86800, 88500, 5185088, 50.76],
		
["20230201", 91200, 91400, 88500, 91400, 3889171, 50.86],
		
["20230202", 94900, 94900, 92700, 93400, 4350607, 51.03],
		
["20230203", 92400, 93200, 91300, 92200, 2925123, 51.06],
		
["20230206", 91400, 92000, 89100, 89100, 2819903, 51.03],
		
["20230207", 88800, 91200, 88800, 90800, 2166265, 51.1],
		
["20230208", 91700, 95000, 91600, 94900, 3964981, 51.37],
		
["20230209", 94800, 94800, 92600, 94400, 2726568, 51.35],
		
["20230210", 94300, 94700, 93100, 93500, 1971090, 51.43],
		
["20230213", 92000, 92000, 89900, 90600, 3159031, 51.29],
		
["20230214", 91800, 93500, 91600, 93400, 2185525, 51.32],
		
["20230215", 93800, 94200, 91200, 91700, 1801577, 51.3],
		
["20230216", 91900, 93400, 91600, 92900, 1812496, 51.26],
		
["20230217", 91400, 92700, 90900, 92000, 1691509, 51.3],
		
["20230220", 92700, 93300, 90700, 92500, 1774617, 51.3],
		
["20230221", 92500, 92600, 90900, 91200, 1477419, 51.26],
		
["20230222", 89900, 90300, 88500, 89100, 2301835, 51.26],
		
["20230223", 90000, 93700, 89600, 92700, 3659678, 51.35],
		
["20230224", 93500, 94000, 91000, 91000, 2496352, 51.36],
		
["20230227", 90100, 90300, 89100, 90000, 1893345, 51.31],
		
["20230228", 91000, 91000, 88700, 89400, 2082486, 51.21],
		
["20230302", 89400, 90300, 87500, 88100, 2744038, 51.19],
		
["20230303", 88500, 89200, 87200, 87300, 2239958, 51.15],
		
["20230306", 87900, 89800, 87500, 89700, 2374415, 51.19],
		
["20230307", 89700, 90000, 88800, 88900, 1610948, 51.23],
		
["20230308", 87700, 87800, 86400, 86800, 2790989, 51.16],
		
["20230309", 87300, 87800, 85300, 85600, 3315016, 51.02],
		
["20230310", 83800, 84400, 83100, 83300, 3559824, 50.93],
		
["20230313", 83200, 84700, 82400, 84300, 2860341, 50.93],
		
["20230314", 82600, 83000, 81100, 81100, 3359381, 50.82],
		
["20230315", 81900, 82300, 78800, 79100, 5357314, 50.6],
		
["20230316", 76700, 80200, 76700, 79000, 4804196, 50.46],
		
["20230317", 81200, 84800, 81100, 84000, 6239588, 50.41],
		
["20230320", 83800, 85100, 83000, 83700, 2223378, 50.37],
		
["20230321", 84100, 85100, 82900, 83600, 1880231, 50.35],
		
["20230322", 85200, 87300, 83800, 86900, 2667268, 50.4],
		
["20230323", 85400, 88500, 85100, 88500, 3091673, 50.3],
		
["20230324", 89100, 90700, 86700, 87300, 4670908, 50.2],
		
["20230327", 87500, 87800, 84700, 85500, 3211190, 50.15],
		
["20230328", 85300, 88700, 85200, 88400, 3180431, 50.16],
		
["20230329", 87400, 88700, 86500, 86900, 3070422, 50.06],
		
["20230330", 89900, 90500, 87700, 88800, 4264354, 50.05],
		
["20230331", 89200, 89500, 87600, 88600, 2676327, 50.08],
		
["20230403", 89700, 89700, 86600, 87200, 2502220, 50.05],
		
["20230404", 85700, 85900, 83700, 84500, 16808036, 49.67],
		
["20230405", 84300, 85700, 84100, 84600, 4380498, 49.64],
		
["20230406", 83900, 84700, 82700, 83800, 5379170, 49.51],
		
["20230407", 87900, 89400, 86000, 89100, 10867359, 49.52],
		
["20230410", 88700, 92500, 88500, 90700, 5387514, 49.63],
		
["20230411", 90700, 92200, 89900, 91800, 5001836, 49.64],
		
["20230412", 91900, 92000, 89700, 90300, 4751001, 49.6],
		
["20230413", 89500, 90300, 88200, 88700, 4907552, 49.5],
		
["20230414", 90100, 90300, 88600, 89300, 2324722, 49.54],
		
["20230417", 89000, 89000, 87700, 88500, 1877825, 49.54],
		
["20230418", 89300, 89300, 87300, 87600, 1763334, 49.54],
		
["20230419", 88000, 88500, 86600, 88200, 2024519, 49.52],
		
["20230420", 86600, 88400, 86200, 87700, 1746001, 49.51],
		
["20230421", 87700, 89800, 87200, 89100, 2624982, 49.52],
		
["20230424", 88100, 88800, 87000, 87200, 2054455, 49.44],
		
["20230425", 87500, 87800, 83700, 85500, 4096411, 49.42],
		
["20230426", 86400, 88700, 86200, 87400, 3240654, 49.53],
		
["20230427", 87900, 89200, 86000, 88800, 2980163, 49.53],
		
["20230428", 90800, 91400, 88700, 89500, 3737493, 49.63],
		
["20230502", 90900, 90900, 88900, 90200, 2427349, 49.63],
		
["20230503", 89000, 90300, 88600, 89800, 1779615, 49.65],
		
["20230504", 88900, 89600, 87500, 88700, 1794303, 49.61],
		
["20230508", 89700, 90000, 87700, 88700, 2615242, 49.57],
		
["20230509", 88400, 88600, 86700, 87300, 2297473, 49.52],
		
["20230510", 87200, 87700, 86300, 86900, 2137658, 49.53],
		
["20230511", 86900, 87300, 85000, 86300, 2806299, 49.44],
		
["20230512", 86300, 87600, 86200, 87200, 2712372, 49.48],
		
["20230515", 87000, 87100, 85500, 86400, 2357794, 49.46],
		
["20230516", 89500, 90700, 88500, 90400, 5121364, 49.79],
		
["20230517", 92000, 92000, 90300, 91900, 3340386, 49.94],
		
["20230518", 92800, 94000, 92000, 93600, 3473641, 50.09],
		
["20230519", 95000, 97900, 94900, 97300, 5062669, 50.1],
		
["20230522", 97700, 99400, 97100, 98200, 4248401, 50.17],
		
["20230523", 99000, 99000, 97000, 97900, 2472514, 50.2],
		
["20230524", 97400, 97800, 96300, 97700, 2097933, 50.21],
		
["20230525", 104300, 104300, 101100, 103500, 7431586, 50.56],
		
["20230526", 107500, 110500, 106100, 109200, 10136706, 51.12],
		
["20230530", 113200, 113400, 109500, 110300, 9058509, 51.31],
		
["20230531", 110000, 110900, 108500, 108600, 8166685, 51.55],
		
["20230601", 106000, 110500, 106000, 110300, 5553560, 51.71],
		
["20230602", 111000, 112700, 109200, 110300, 3991904, 51.7],
		
["20230605", 110100, 110500, 108500, 108700, 3316020, 51.74],
		
["20230607", 108700, 109300, 108000, 108000, 3313460, 51.72],
		
["20230608", 107000, 109700, 106700, 109700, 4355468, 51.63],
		
["20230609", 110300, 115600, 108300, 115400, 7950947, 51.76],
		
["20230612", 114400, 115800, 114000, 114800, 2637721, 51.76],
		
["20230613", 117000, 120100, 117000, 119500, 6232477, 51.87],
		
["20230614", 118800, 119700, 118100, 118800, 3240260, 51.86],
		
["20230615", 120200, 121100, 118000, 119000, 3778592, 51.84],
		
["20230616", 117300, 119800, 116300, 118900, 4303391, 51.87],
		
["20230619", 118000, 118500, 113500, 114800, 4208396, 51.82],
		
["20230620", 114000, 117000, 113200, 116100, 3319570, 51.84],
		
["20230621", 116200, 117500, 114600, 115100, 2728146, 51.83],
		
["20230622", 114200, 115900, 113400, 114000, 2612402, 51.81],
		
["20230623", 114000, 115200, 112500, 113600, 2987472, 51.78],
		
["20230626", 113100, 113900, 111200, 113500, 3350758, 51.72],
		
["20230627", 114000, 114000, 110800, 113000, 3602087, 51.68],
		
["20230628", 114200, 115200, 112800, 114300, 3178571, 51.65],
		
["20230629", 115200, 117400, 114500, 116200, 4398301, 51.6],
		
["20230630", 114600, 115500, 113200, 115200, 2674318, 51.59],
		
["20230703", 115300, 118900, 115300, 117600, 3022009, 51.65],
		
["20230704", 118200, 118400, 117200, 117900, 1988592, 51.64],
		
["20230705", 118100, 118200, 116100, 116700, 2483034, 51.72],
		
["20230706", 116000, 116100, 113100, 113800, 3465047, 51.73],
		
["20230707", 112700, 113000, 111200, 111800, 2781723, 51.73],
		
["20230710", 111800, 112900, 109700, 110300, 3163245, 51.69],
		
["20230711", 111500, 113400, 111200, 113400, 2209391, 51.69],
		
["20230712", 113200, 115400, 112800, 115400, 2228477, 51.74],
		
["20230713", 115400, 117000, 113600, 114100, 3421492, 51.72],
		
["20230714", 115500, 120200, 115300, 118000, 5817889, 51.91],
		
["20230717", 116900, 118700, 116000, 117200, 2427281, 51.89],
		
["20230718", 117500, 119000, 116700, 117800, 2299880, 51.92],
		
["20230719", 118700, 119100, 116700, 117500, 2580301, 51.92],
		
["20230720", 116500, 117500, 115200, 116900, 1949776, 51.91],
		
["20230721", 114700, 115100, 113200, 115100, 2745384, 51.88],
		
["20230724", 114100, 114900, 112900, 114000, 2761991, 51.87],
		
["20230725", 114000, 114200, 112200, 113400, 2678385, 51.81],
		
["20230726", 116000, 116100, 111300, 113000, 4995935, 51.81],
		
["20230727", 115000, 124000, 114100, 124000, 9638980, 52.14],
		
["20230728", 126200, 129000, 122000, 128000, 8718746, 52.43],
		
["20230731", 128000, 128500, 122500, 123400, 4623350, 52.37],
		
["20230801", 124000, 126400, 120700, 125100, 4656047, 52.35],
		
["20230802", 123300, 124800, 118700, 119500, 3765478, 52.38],
		
["20230803", 119000, 121300, 117200, 120000, 3498537, 52.43],
		
["20230804", 118300, 120900, 118100, 120100, 2375384, 52.44],
		
["20230807", 120600, 124900, 120500, 121900, 3724826, 52.55],
		
["20230808", 121900, 122400, 118300, 118600, 2729243, 52.54],
		
["20230809", 118500, 119200, 117200, 118500, 2551668, 52.58],
		
["20230810", 117400, 118500, 115100, 118500, 2622604, 52.57],
		
["20230811", 118000, 119400, 115200, 115300, 2412381, 52.52],
		
["20230814", 114600, 117300, 114000, 114900, 2038360, 52.51],
		
["20230816", 117200, 118500, 115000, 115800, 3870479, 52.55],
		
["20230817", 114300, 115500, 112500, 114800, 3064253, 52.5],
		
["20230818", 112600, 118700, 111800, 117200, 3329697, 52.5],
		
["20230821", 117300, 118500, 115600, 116400, 2621973, 52.51],
		
["20230822", 120000, 120900, 114900, 116500, 3349473, 52.49],
		
["20230823", 116200, 116800, 114100, 116000, 2573292, 52.45],
		
["20230824", 122300, 123600, 120300, 120900, 6368401, 52.6],
		
["20230825", 117400, 118300, 115300, 116500, 3533647, 52.55],
		
["20230828", 117000, 117500, 115500, 115900, 1746882, 52.51],
		
["20230829", 118300, 120300, 117100, 118600, 2682352, 52.54],
		
["20230830", 122400, 122800, 119400, 119400, 2629711, 52.55],
		
["20230831", 121000, 122800, 120000, 121800, 4403695, 52.58],
		
["20230901", 121400, 122600, 119600, 120000, 2886011, 52.53],
		
["20230904", 118300, 119700, 116200, 119200, 3491280, 52.49],
		
["20230905", 118100, 121000, 117700, 119400, 1749591, 52.49],
		
["20230906", 118600, 120000, 117800, 118200, 1615519, 52.46],
		
["20230907", 118200, 120900, 117100, 118500, 2995088, 52.5],
		
["20230908", 117000, 117100, 112800, 113700, 4943255, 52.26],
		
["20230911", 113700, 116000, 112900, 115900, 2542590, 52.29],
		
["20230912", 115400, 117500, 113900, 116700, 2749688, 52.26],
		
["20230913", 117900, 120700, 116900, 118500, 3860589, 52.26],
		
["20230914", 118600, 122200, 118600, 122200, 3948784, 52.28],
		
["20230915", 122900, 124400, 121600, 122400, 3579662, 52.25],
		
["20230918", 120300, 122900, 118800, 119000, 2356621, 52.2],
		
["20230919", 119400, 121300, 118600, 119200, 1921912, 52.16],
		
["20230920", 118900, 119700, 116700, 118000, 2228681, 52.07],
		
["20230921", 116000, 116900, 114100, 116500, 3151900, 52.0],
		
["20230922", 114300, 117300, 114200, 117300, 2938386, 51.85],
		
["20230925", 115900, 117700, 115700, 117000, 2181722, 51.83],
		
["20230926", 117000, 117200, 113300, 115000, 3237819, 51.74],
		
["20230927", 113000, 115200, 112300, 114700, 3060751, 51.71],
		
["20231004", 113000, 116600, 113000, 115400, 4447702, 51.77],
		
["20231005", 122900, 122900, 118100, 120200, 6112858, 52.02],
		
["20231006", 120200, 121600, 119000, 120400, 4158083, 51.97],
		
["20231010", 122800, 124300, 119500, 119500, 5580659, 52.02],
		
["20231011", 123000, 123900, 119200, 119200, 4293299, 52.0],
		
["20231012", 121100, 124200, 120500, 124200, 4016352, 52.07],
		
["20231013", 123100, 126300, 122500, 124700, 3205273, 52.11],
		
["20231016", 124700, 125200, 122400, 124100, 3008476, 52.08],
		
["20231017", 125000, 130800, 123500, 130000, 6411880, 52.25],
		
["20231018", 128600, 130700, 127200, 130000, 4760148, 52.18],
		
["20231019", 127600, 128900, 125100, 125700, 5089745, 52.13],
		
["20231020", 124300, 127200, 122800, 126200, 3868266, 52.17],
		
["20231023", 126800, 127200, 123500, 124000, 2432303, 52.12],
		
["20231024", 125400, 127000, 123900, 126800, 2802010, 52.11],
		
["20231025", 127500, 129000, 126100, 127500, 3053002, 52.15],
		
["20231026", 122100, 124800, 119500, 120000, 5961584, 52.03],
		
["20231027", 119800, 120900, 117500, 119100, 5486088, 51.85],
		
["20231030", 119100, 121700, 118700, 119100, 2798497, 51.97],
		
["20231031", 119800, 120900, 116300, 116300, 3166739, 51.96],
		
["20231101", 117900, 120300, 117000, 120300, 2707225, 52.02],
		
["20231102", 123900, 125400, 123100, 125300, 3736208, 52.08],
		
["20231103", 126500, 127200, 125000, 125800, 2796773, 52.17],
		
["20231106", 125800, 133000, 125800, 133000, 6923192, 52.43],
		
["20231107", 132000, 133500, 129300, 130400, 4940510, 52.41],
		
["20231108", 131600, 132700, 126600, 127600, 3328279, 52.44],
		
["20231109", 127700, 129800, 126700, 128000, 2228081, 52.56],
		
["20231110", 127900, 130800, 127000, 130500, 2656526, 52.59],
		
["20231113", 133000, 134100, 131000, 131800, 2644761, 52.66],
		
["20231114", 133500, 133500, 130000, 130000, 2589591, 52.58],
		
["20231115", 133900, 134200, 132100, 134100, 3616292, 52.68],
		
["20231116", 133000, 134400, 131200, 132300, 2456351, 52.66],
		
["20231117", 131500, 132000, 129100, 129900, 2438499, 52.63],
		
["20231120", 129300, 132000, 129300, 131400, 2004403, 52.63],
		
["20231121", 132000, 133300, 131600, 132000, 2439306, 52.66],
		
["20231122", 129600, 131600, 129500, 131300, 2128566, 52.68],
		
["20231123", 130600, 131400, 129500, 130100, 1839516, 52.7],
		
["20231124", 130600, 131000, 128000, 128000, 1925668, 52.68],
		
["20231127", 129200, 130700, 128400, 130700, 2264243, 52.73],
		
["20231128", 132100, 132100, 129900, 131400, 2562226, 52.71],
		
["20231129", 130200, 131000, 128900, 130400, 2227853, 52.7],
		
["20231130", 129900, 133900, 129900, 133900, 3625365, 52.81],
		
["20231201", 132200, 133000, 130800, 132600, 3641222, 52.85],
		
["20231204", 133400, 134600, 131100, 131100, 2680820, 52.83],
		
["20231205", 129700, 130000, 125400, 125900, 4375531, 52.71],
		
["20231206", 126800, 127500, 125400, 125600, 2667583, 52.67],
		
["20231207", 125600, 127800, 124500, 125600, 2478565, 52.67],
		
["20231208", 128100, 129100, 127500, 127500, 2762531, 52.67],
		
["20231211", 128700, 129100, 127300, 128900, 3696790, 52.69],
		
["20231212", 130600, 131900, 130500, 131000, 3126577, 52.68],
		
["20231213", 130000, 132400, 130000, 131200, 2852873, 52.76],
		
["20231214", 133700, 138300, 133600, 136700, 8217135, 53.09],
		
["20231215", 137000, 140000, 137000, 140000, 5011719, 53.1],
		
["20231218", 139000, 140800, 138900, 140000, 2540812, 53.0],
		
["20231219", 140000, 140800, 138100, 138200, 2309721, 52.98],
		
["20231220", 139900, 140800, 139300, 140500, 3108011, 52.93],
		
["20231221", 139200, 140600, 138100, 140500, 2737124, 53.11],
		
["20231222", 142700, 143700, 140600, 140600, 3183709, 53.1],
		
["20231226", 142000, 142000, 139400, 140900, 2239789, 53.11],
		
["20231227", 140800, 141600, 139200, 140400, 2336777, 53.08],
		
["20231228", 140900, 141600, 139500, 141500, 2459473, 53.17],
		
["20240102", 139700, 142800, 139700, 142400, 2147458, 53.19],
		
["20240103", 140000, 140800, 136800, 136800, 3257820, 53.16],
		
["20240104", 136800, 138800, 135800, 136400, 2661970, 53.18],
		
["20240105", 135800, 137500, 135800, 137500, 1846781, 53.23],
		
["20240108", 137500, 137900, 135400, 136000, 2498302, 53.31],
		
["20240109", 139000, 139500, 136600, 137400, 3473806, 53.29],
		
["20240110", 137700, 138100, 132100, 133500, 3769252, 53.2],
		
["20240111", 132400, 137100, 132400, 136000, 3594909, 53.24],
		
["20240112", 136400, 137300, 133400, 134100, 1878915, 53.19],
		
["20240115", 134800, 135100, 133300, 134100, 1858867, 53.13],
		
["20240116", 132600, 133700, 131100, 132100, 3670169, 53.09],
		
["20240117", 133800, 134500, 129000, 131000, 3822702, 53.01],
		
["20240118", 131500, 136800, 130600, 136200, 3050556, 53.07],
		
["20240119", 138700, 141300, 137400, 141300, 4946040, 53.22],
		
["20240122", 145200, 145400, 142300, 142600, 3784276, 53.31],
		
["20240123", 142300, 142800, 138300, 140800, 2912611, 53.26],
		
["20240124", 140000, 141700, 137600, 141500, 2580665, 53.24],
		
["20240125", 142700, 143700, 136900, 137400, 4708651, 53.09],
		
["20240126", 136200, 138600, 136000, 136000, 3247410, 53.13],
		
["20240129", 135500, 137000, 135000, 135000, 2311854, 53.12],
		
["20240130", 135300, 137800, 134400, 136900, 2297631, 53.12],
		
["20240131", 134800, 136600, 133600, 134700, 2815362, 53.11],
		
["20240201", 133100, 135600, 131700, 132700, 3778274, 53.02],
		
["20240202", 132300, 135300, 132200, 134900, 3708253, 52.98],
		
["20240205", 134900, 135800, 131700, 132300, 3300954, 53.0],
		
["20240206", 133700, 138400, 132000, 138000, 4672324, 53.09],
		
["20240207", 136600, 138500, 135500, 138000, 3348045, 53.09],
		
["20240208", 139000, 143000, 137900, 142800, 5780714, 53.33],
		
["20240213", 146800, 150000, 145000, 150000, 6902585, 53.54],
		
["20240214", 146300, 149200, 144900, 148700, 4396924, 53.56],
		
["20240215", 151300, 152700, 148000, 148700, 3560211, 53.56],
		
["20240216", 150600, 150600, 145700, 146800, 3265836, 53.6],
		
["20240219", 146200, 153200, 146000, 151300, 3997323, 53.67],
		
["20240220", 150300, 151100, 147500, 149600, 3507601, 53.66],
		
["20240221", 147100, 152200, 147100, 149000, 4278500, 53.63],
		
["20240222", 154500, 156500, 152600, 156500, 5966352, 53.83],
		
["20240223", 166900, 166900, 159800, 161400, 7012032, 54.02],
		
["20240226", 158400, 164800, 158400, 161800, 4329477, 54.06],
		
["20240227", 159000, 160000, 153300, 153800, 6107954, 53.99],
		
["20240228", 154500, 159200, 153800, 158000, 3666960, 54.09],
		
["20240229", 154900, 158400, 154500, 156200, 3386307, 54.12],
		
["20240304", 161000, 168100, 160700, 166500, 5230909, 54.29],
		
["20240305", 165100, 169000, 164100, 165800, 3612530, 54.34],
		
["20240306", 164100, 165500, 162700, 162900, 2672526, 54.3],
		
["20240307", 164500, 165900, 161000, 164900, 3052700, 54.35],
		
["20240308", 169800, 174900, 169300, 171900, 5089650, 54.52],
		
["20240311", 165000, 168900, 164700, 166600, 3450905, 54.5],
		
["20240312", 166100, 167200, 164000, 165700, 3102706, 54.33],
		
["20240313", 168600, 169700, 162000, 163600, 5072935, 54.3],
		
["20240314", 163600, 164200, 161100, 161900, 3655060, 54.26],
		
["20240315", 159600, 162900, 158600, 161200, 4099531, 54.24],
		
["20240318", 161200, 164500, 161000, 164300, 2696598, 54.12],
		
["20240319", 161700, 161800, 157600, 160200, 4159293, 54.09],
		
["20240320", 160200, 161400, 154100, 156500, 5692523, 54.08],
		
["20240321", 165200, 171400, 162600, 170000, 9205769, 54.39],
		
["20240322", 169000, 173900, 167400, 169800, 5400916, 54.44],
		
["20240325", 170500, 174800, 168500, 169400, 3434516, 54.41],
		
["20240326", 172000, 179500, 171900, 176600, 6549669, 54.59],
		
["20240327", 176700, 183000, 175600, 181200, 5774536, 54.75],
		
["20240328", 178000, 182100, 178000, 178200, 3424716, 54.7],
		
["20240329", 179200, 183900, 177600, 183000, 3035080, 54.76],
		
["20240401", 186400, 190500, 185000, 185500, 2723474, 54.72],
		
["20240402", 188000, 190000, 184400, 186300, 4207759, 54.69],
		
["20240403", 182000, 183700, 178200, 179200, 5416518, 54.63],
		
["20240404", 184400, 188500, 184000, 188000, 5344102, 54.78],
		
["20240405", 184800, 187600, 181800, 182800, 4043133, 54.76],
		
["20240408", 183900, 183900, 180000, 181200, 3278855, 54.72],
		
["20240409", 182300, 185300, 181700, 182900, 2302751, 54.74],
		
["20240411", 182900, 188400, 182400, 188400, 4098231, 54.9],
		
["20240412", 188700, 191400, 187000, 187400, 3097301, 54.92],
		
["20240415", 185400, 188400, 183000, 188200, 2672047, 54.89],
		
["20240416", 184400, 185500, 178300, 179100, 4956035, 54.69],
		
["20240417", 179600, 182500, 177700, 178700, 4340591, 54.69],
		
["20240418", 176000, 183300, 175400, 182300, 4170243, 54.67],
		
["20240419", 177200, 178500, 169500, 173300, 7545976, 54.51],
		
["20240422", 170700, 172400, 167000, 171600, 5882906, 54.41],
		
["20240423", 172600, 173700, 169700, 171000, 3975371, 54.37],
		
["20240424", 178900, 180200, 176300, 179800, 4254632, 54.4],
		
["20240425", 173800, 176700, 170600, 170600, 5332149, 54.18],
		
["20240426", 176200, 178300, 174900, 177800, 5471765, 54.36],
		
["20240429", 179100, 180400, 175600, 175900, 2892809, 54.28],
		
["20240430", 175900, 179000, 173800, 174200, 3655060, 54.28],
		
["20240502", 169000, 174700, 169000, 173600, 3168250, 54.28],
		
["20240503", 177000, 177500, 173200, 173200, 2336256, 54.23],
		
["20240507", 179400, 180900, 179300, 179600, 4349589, 54.37],
		
["20240508", 177600, 179400, 176000, 178000, 2304744, 54.36],
		
["20240509", 179000, 179400, 175400, 175400, 2861600, 54.32],
		
["20240510", 176500, 180100, 176400, 179900, 2813668, 54.37],
		
["20240513", 180000, 184000, 179000, 183800, 3230023, 54.44],
		
["20240514", 184200, 185800, 181800, 185300, 2763069, 54.5],
		
["20240516", 191100, 194000, 191100, 193000, 5083178, 54.72],
		
["20240517", 192000, 193500, 189900, 189900, 2841394, 54.73],
		
["20240520", 192300, 193200, 188600, 190100, 3592128, 54.71],
		
["20240521", 193400, 193500, 191200, 192000, 2468109, 54.74],
		
["20240522", 191900, 197700, 190900, 197700, 3949439, 54.92],
		
["20240523", 203500, 204000, 198200, 200000, 4681849, 55.1],
		
["20240524", 199800, 202500, 197500, 198600, 3793872, 55.21],
		
["20240527", 203500, 209000, 199100, 201500, 4774882, 55.53],
		
["20240528", 202500, 205500, 200500, 202500, 2084945, 55.56],
		
["20240529", 210000, 210000, 200500, 202500, 3073139, 55.6],
		
["20240530", 202500, 202500, 195700, 195700, 2402236, 55.59],
		
["20240531", 194400, 195200, 188200, 189200, 5958829, 55.49],
		
["20240603", 189500, 194600, 188200, 194200, 2982443, 55.54],
		
["20240604", 196400, 196500, 192900, 193300, 1996780, 55.57],
		
["20240605", 189400, 195200, 188800, 193700, 2709631, 55.57],
		
["20240607", 199500, 207500, 197300, 207500, 4805326, 55.82],
		
["20240610", 206000, 209500, 205000, 208000, 2448961, 55.88],
		
["20240611", 210000, 215000, 206000, 212500, 3070163, 55.95],
		
["20240612", 212000, 216000, 211000, 215000, 2151331, 56.03],
		
["20240613", 226000, 226500, 219000, 222000, 5777279, 56.25],
		
["20240614", 225000, 225000, 216000, 221000, 3311223, 56.36],
		
["20240617", 219000, 229500, 219000, 223000, 2198340, 56.36],
		
["20240618", 227000, 234500, 227000, 234500, 3136231, 56.41],
		
["20240619", 235000, 243000, 231500, 233500, 3758652, 56.35],
		
["20240620", 233500, 238500, 231000, 237500, 2927358, 56.33],
		
["20240621", 230500, 234500, 230000, 234000, 3848394, 56.3],
		
["20240624", 228000, 230000, 220000, 223000, 5080726, 56.11],
		
["20240625", 215500, 225000, 215000, 225000, 5730999, 56.04],
		
["20240626", 228000, 238500, 227500, 237000, 5166862, 56.14],
		
["20240627", 229500, 239000, 227500, 236500, 3763005, 56.17],
		
["20240628", 235500, 237500, 232500, 236500, 2368287, 56.14],
		
["20240701", 233500, 236500, 232000, 235500, 1709955, 56.14],
		
["20240702", 235500, 237000, 230500, 232000, 2343947, 56.15],
		
["20240703", 231000, 236000, 225000, 236000, 3315677, 56.17],
		
["20240704", 240500, 240500, 225000, 230000, 7599882, 56.03],
		
["20240705", 228500, 237500, 227500, 236000, 4041293, 56.02],
		
["20240708", 234000, 237000, 232500, 233500, 2309023, 56.01],
		
["20240709", 235500, 241000, 233000, 238500, 4810781, 56.04],
		
["20240710", 237500, 239000, 234000, 239000, 2579373, 56.06],
		
["20240711", 242500, 248500, 241000, 241000, 5336097, 56.07],
		
["20240712", 232000, 236000, 230000, 233000, 4972976, 55.95],
		
["20240715", 235000, 235500, 226500, 230000, 3301380, 56.01],
		
["20240716", 226500, 235000, 224000, 233000, 3982189, 56.06],
		
["20240717", 229500, 230000, 220500, 220500, 6051510, 55.81],
		
["20240718", 212500, 215000, 209000, 212500, 8847665, 55.61],
		
["20240719", 208500, 214000, 207000, 209500, 4519170, 55.57],
		
["20240722", 209000, 209500, 200500, 205000, 6662441, 55.54],
		
["20240723", 208500, 209500, 200500, 205000, 5976519, 55.47],
		
["20240724", 202000, 212500, 200000, 208500, 4838734, 55.48],
		
["20240725", 196200, 198800, 189000, 190000, 12503762, 54.97],
		
["20240726", 190800, 194500, 186100, 191800, 8769107, 54.76],
		
["20240729", 195000, 195700, 192200, 195600, 4017366, 54.88],
		
["20240730", 191300, 192200, 186500, 188900, 5165131, 54.81],
		
["20240731", 188000, 195000, 185200, 194600, 6439929, 54.83],
		
["20240801", 201500, 201500, 193300, 193300, 6457167, 54.84],
		
["20240802", 183600, 184000, 172400, 173200, 13050139, 54.55],
		
["20240805", 168000, 171200, 151600, 156100, 12358821, 54.36],
		
["20240806", 165100, 166400, 161500, 163700, 10717321, 54.39],
		
["20240807", 160900, 171000, 157400, 169300, 9732037, 54.37],
		
["20240808", 162600, 168200, 161200, 163400, 5370361, 54.37],
		
["20240809", 172800, 172800, 168800, 171500, 5141277, 54.5],
		
["20240812", 174500, 179800, 172600, 177000, 4413736, 54.56],
		
["20240813", 179900, 182400, 178800, 181900, 4234287, 54.63],
		
["20240814", 188000, 188100, 184700, 186700, 4420516, 54.66],
		
["20240816", 196000, 200000, 194700, 199700, 6959688, 54.93],
		
["20240819", 199900, 199900, 192400, 193900, 3977026, 54.92],
		
["20240820", 198700, 202500, 198100, 199700, 4258190, 55.03],
		
["20240821", 193000, 195400, 191100, 192600, 4508983, 54.95],
		
["20240822", 192000, 194400, 189000, 191100, 3166217, 54.98],
		
["20240823", 186000, 189300, 185400, 185500, 4371332, 54.79],
		
["20240826", 187800, 188500, 179600, 179600, 4913204, 54.64],
		
["20240827", 176800, 180200, 173400, 175000, 5796566, 54.46],
		
["20240828", 175000, 180800, 174000, 179300, 5590086, 54.32],
		
["20240829", 167600, 171700, 167200, 169700, 8284585, 54.21],
		
["20240830", 171000, 175500, 169400, 173700, 4498221, 54.18],
		
["20240902", 173600, 174900, 168400, 174000, 3507670, 54.23],
		
["20240903", 172900, 173800, 168300, 168300, 3286574, 54.19],
		
["20240904", 152900, 159000, 152900, 154800, 10020391, 53.89],
		
["20240905", 157000, 163000, 156600, 159400, 5349484, 53.94],
		
["20240906", 157100, 158200, 154900, 156400, 3459914, 53.86],
		
["20240909", 151800, 157700, 150500, 157000, 4484162, 53.72],
		
["20240910", 157400, 161700, 154300, 155500, 4718523, 53.64],
		
["20240911", 156800, 158700, 154300, 157200, 3203928, 53.61],
		
["20240912", 165200, 171300, 163800, 168800, 8628996, 53.79],
		
["20240913", 166500, 166700, 161100, 162800, 5246578, 53.58],
		
["20240919", 154700, 155700, 144700, 152800, 15001257, 53.25],
		
["20240920", 160500, 160800, 155900, 157100, 7155655, 53.39],
		
["20240923", 155800, 162900, 155700, 162000, 4497592, 53.39],
		
["20240924", 163700, 163700, 159200, 163500, 3442530, 53.34],
		
["20240925", 166700, 169300, 165000, 165300, 4665075, 53.38],
		
["20240926", 178400, 180900, 176200, 180900, 9519633, 53.67],
		
["20240927", 187500, 189300, 183800, 183800, 6886272, 53.98],
		
["20240930", 183700, 183800, 174600, 174600, 4859468, 54.01],
		
["20241002", 172700, 175500, 169100, 169100, 4720638, 53.97],
		
["20241004", 171700, 175600, 170700, 174100, 3633358, 54.0],
		
["20241007", 178400, 184900, 176000, 184900, 3904925, 54.16],
		
["20241008", 182200, 185000, 178000, 178000, 3988028, 54.08],
		
["20241010", 184500, 188100, 183400, 186700, 6325045, 54.21],
		
["20241011", 190000, 191200, 185100, 186000, 3475666, 54.24],
		
["20241014", 186900, 192300, 186900, 187500, 3309274, 54.27],
		
["20241015", 191900, 193200, 189700, 192900, 4060365, 54.42],
		
["20241016", 184700, 192500, 183600, 188700, 4787317, 54.37],
		
["20241017", 191200, 196000, 188700, 196000, 3996946, 54.38],
		
["20241018", 198200, 198200, 186200, 187300, 5509895, 54.27],
		
["20241021", 189400, 192300, 188000, 190900, 2428544, 54.35],
		
["20241022", 195300, 195300, 187500, 187800, 3466963, 54.37],
		
["20241023", 188500, 196700, 188000, 196000, 4366079, 54.53],
		
["20241024", 193500, 202000, 190000, 198200, 6344515, 54.66],
		
["20241025", 203000, 206000, 199400, 201000, 5530362, 54.68],
		
["20241028", 203500, 205000, 194200, 196000, 4114186, 54.62],
		
["20241029", 196000, 197000, 189100, 190300, 4067991, 54.56],
		
["20241030", 190200, 195400, 189400, 195000, 3580400, 54.64],
		
["20241031", 189900, 192900, 186100, 186300, 4573282, 54.58],
		
["20241101", 182500, 184900, 180500, 182200, 3478519, 54.59],
		
["20241104", 185200, 194000, 183700, 194000, 3569575, 54.65],
		
["20241105", 193600, 198800, 192100, 193200, 3560310, 54.68],
		
["20241106", 197700, 199200, 192700, 195800, 3460361, 54.76],
		
["20241107", 197400, 198300, 193100, 197400, 2976546, 54.8],
		
["20241108", 200500, 203000, 198800, 200500, 3031573, 54.9],
		
["20241111", 199300, 199300, 192400, 192600, 2636191, 54.89],
		
["20241112", 192500, 192500, 184900, 185800, 3920254, 54.91],
		
["20241113", 185700, 189500, 182600, 182900, 3172827, 54.88],
		
["20241114", 182900, 184900, 171700, 173000, 6309368, 54.75],
		
["20241115", 174000, 179000, 173600, 178200, 4330750, 54.73],
		
["20241118", 173800, 177800, 170300, 171700, 3885644, 54.64],
		
["20241119", 170400, 172900, 168100, 170600, 4075013, 54.51],
		
["20241120", 175000, 175100, 170200, 170600, 3689296, 54.45],
		
["20241121", 168200, 173000, 168200, 168800, 3821502, 54.36],
		
["20241122", 171700, 178200, 171200, 176700, 3919973, 54.46],
		
["20241125", 174500, 179500, 173900, 177000, 4393882, 54.45],
		
["20241126", 175200, 177700, 174700, 177100, 1996128, 54.5],
		
["20241127", 175600, 175700, 167900, 168300, 4756820, 54.42],
		
["20241128", 164600, 166300, 160800, 161100, 5691298, 54.31],
		
["20241129", 160000, 162400, 157600, 159900, 4682788, 54.29],
		
["20241202", 162200, 162700, 158600, 158800, 3558868, 54.32],
		
["20241203", 159200, 165100, 159100, 164900, 4180365, 54.35],
		
["20241204", 161300, 168000, 161100, 168000, 5701792, 54.36],
		
["20241205", 170000, 175600, 169300, 173000, 4671438, 54.49],
		
["20241206", 173500, 173600, 165000, 167100, 4434259, 54.34],
		
["20241209", 167100, 170600, 165000, 168900, 5305672, 54.44],
		
["20241210", 168000, 170400, 167600, 170400, 3159112, 54.42],
		
["20241211", 167400, 171800, 167000, 171800, 2281189, 54.46],
		
["20241212", 176500, 177400, 173500, 176100, 4550292, 54.49],
		
["20241213", 174400, 176400, 173500, 175500, 3677980, 54.46],
		
["20241216", 177400, 180400, 177300, 179300, 3278975, 54.51],
		
["20241217", 183000, 184500, 182100, 184000, 3188910, 54.6],
		
["20241218", 183400, 183900, 181600, 183500, 2363872, 54.67],
		
["20241219", 173900, 176800, 173000, 175000, 4833862, 54.72],
		
["20241220", 174100, 174800, 167100, 168500, 4487308, 54.51],
		
["20241223", 170000, 173300, 169600, 169600, 3287596, 54.46],
		
["20241224", 171700, 171900, 168300, 168500, 1844961, 54.6],
		
["20241226", 170000, 172000, 169400, 170100, 2022727, 54.7],
		
["20241227", 170100, 176000, 170000, 174500, 2643523, 54.72],
		
["20241230", 174000, 175800, 172400, 173900, 1434202, 54.71],
		
["20250102", 170500, 172200, 170000, 171200, 2102175, 54.67],
		
["20250103", 174500, 182700, 173100, 181900, 4233446, 54.8],
		
["20250106", 184400, 199800, 184400, 199800, 7320382, 55.0],
		
["20250107", 205000, 206500, 194800, 195000, 6075445, 54.98],
		
["20250108", 193100, 198100, 191000, 194700, 4275792, 54.97],
		
["20250109", 201000, 206000, 199800, 205000, 6692254, 55.27],
		
["20250110", 208000, 212500, 202500, 203500, 6149475, 55.37],
		
["20250113", 203000, 203000, 193900, 194300, 4767294, 55.26],
		
["20250114", 194300, 197900, 193600, 195000, 3019149, 55.21],
		
["20250115", 198000, 201000, 197700, 198200, 3620460, 55.32],
		
["20250116", 208500, 210000, 206500, 210000, 6029645, 55.63],
		
["20250117", 209500, 217500, 209000, 214500, 5041329, 55.77],
		
["20250120", 219000, 219000, 210500, 212000, 3036234, 55.77],
		
["20250121", 216500, 220000, 214000, 218000, 3323212, 55.82],
		
["20250122", 221500, 227000, 217000, 225500, 5901740, 55.97],
		
["20250123", 221000, 225500, 215000, 219500, 5994781, 55.88],
		
["20250124", 220500, 227000, 217500, 221000, 3771572, 55.89],
		
["20250131", 197000, 204500, 194800, 199200, 11871995, 55.62],
		
["20250203", 191500, 193200, 186900, 190900, 7926444, 55.64],
		
["20250204", 192900, 194300, 190100, 191100, 5851146, 55.51],
		
["20250205", 191900, 199400, 191900, 198800, 4245118, 55.63],
		
["20250206", 202000, 205000, 200500, 203500, 4032622, 55.76],
		
["20250207", 205000, 206000, 200500, 203000, 2206293, 55.8],
		
["20250210", 197800, 203000, 197000, 198100, 2779740, 55.8],
		
["20250211", 201000, 201500, 198000, 199700, 2488710, 55.81],
		
["20250212", 196500, 199900, 196000, 198900, 2884072, 55.85],
		
["20250213", 198800, 208500, 198100, 208500, 3574410, 55.88],
		
["20250214", 209000, 212000, 206500, 210000, 2598656, 55.97],
		
["20250217", 211500, 216000, 211000, 212000, 2497922, 56.01],
		
["20250218", 212000, 215000, 207000, 210000, 1937894, 55.98],
		
["20250219", 216000, 219500, 214000, 218500, 3537720, 56.08],
		
["20250220", 217000, 218500, 211000, 212000, 3080242, 56.02],
		
["20250221", 209500, 211000, 205500, 209500, 2601151, 55.99],
		
["20250224", 202500, 205000, 201000, 205000, 3087127, 55.95],
		
["20250225", 199800, 202000, 199200, 200500, 3651613, 55.84],
		
["20250226", 199000, 206000, 198600, 203000, 3849749, 55.88],
		
["20250227", 204500, 205000, 198100, 199200, 3993419, 55.56],
		
["20250228", 191600, 193000, 188700, 190200, 5533027, 55.38],
		
["20250304", 184800, 187500, 184000, 186100, 5424556, 55.28],
		
["20250305", 188200, 194400, 186600, 193100, 4162368, 55.31],
		
["20250306", 193500, 194000, 190300, 192400, 2540131, 55.34],
		
["20250307", 191000, 192800, 187900, 192400, 2700590, 55.4],
		
["20250310", 187500, 191500, 187300, 187900, 2441476, 55.29],
		
["20250311", 182100, 189000, 181300, 187800, 3521800, 55.26],
		
["20250312", 192400, 199350, 189700, 198900, 4064278, 55.4],
		
["20250313", 202500, 204500, 195500, 199700, 3883033, 55.32],
		
["20250314", 198500, 206000, 198500, 204500, 3397462, 55.47],
		
["20250317", 207000, 209500, 203500, 206000, 2584679, 55.47],
		
["20250318", 208500, 209000, 201000, 203000, 2696191, 55.45],
		
["20250319", 202000, 209500, 201000, 205500, 3102000, 55.48],
		
["20250320", 207000, 211000, 205500, 210000, 2779557, 55.59],
		
["20250321", 213500, 219500, 212000, 215500, 5731880, 55.78],
		
["20250324", 211500, 214500, 209500, 211500, 1611040, 55.74],
		
["20250325", 214500, 215500, 208000, 208000, 2262656, 55.72],
		
["20250326", 209000, 215500, 208500, 214000, 2058540, 55.77],
		
["20250327", 208000, 212000, 206500, 207000, 2287220, 55.71],
		
["20250328", 203000, 204500, 198900, 199300, 2673553, 55.53],
		
["20250331", 193500, 195500, 190500, 190700, 4561715, 55.35],
		
["20250401", 193600, 198500, 192000, 197000, 2317253, 55.38],
		
["20250402", 198800, 201500, 197300, 197900, 2764223, 55.36],
		
["20250403", 189600, 194600, 188200, 194600, 4177747, 55.14],
		
["20250404", 187900, 189600, 178400, 182200, 9182017, 54.45],
		
["20250407", 168000, 172800, 164800, 164800, 7879050, 54.18],
		
["20250408", 172000, 173100, 168200, 169500, 4965171, 54.17],
		
["20250409", 170000, 170000, 162700, 165000, 8035679, 53.94],
		
["20250410", 189700, 189900, 180000, 183200, 7836984, 53.96],
		
["20250411", 177800, 181800, 176100, 180800, 3223735, 53.8],
		
["20250414", 182900, 184400, 178000, 180200, 3466194, 53.71],
		
["20250415", 180200, 182400, 179700, 180600, 1915455, 53.73],
		
["20250416", 176500, 177500, 173500, 174000, 2933428, 53.64],
		
["20250417", 172100, 175400, 171800, 175000, 2989493, 53.51],
		
["20250418", 174000, 175500, 172800, 175000, 1305152, 53.46],
		
["20250421", 174800, 180000, 174500, 176600, 1877473, 53.43],
		
["20250422", 175000, 175500, 173300, 173800, 2008388, 53.37],
		
["20250423", 179100, 181600, 178100, 181000, 3857373, 53.32],
		
["20250424", 182800, 183400, 177600, 178300, 3162156, 53.23],
		
["20250425", 182500, 184900, 182100, 184400, 3507810, 53.34],
		
["20250428", 183500, 183900, 179700, 182000, 2455710, 53.32],
		
["20250429", 182000, 182900, 179100, 180800, 1866386, 53.29],
		
["20250430", 179100, 180000, 176700, 177500, 2354473, 53.22],
		
["20250502", 179400, 186200, 178400, 186000, 3886874, 53.47],
		
["20250507", 187700, 191500, 185900, 190800, 3830097, 53.61],
		
["20250508", 196000, 196000, 189400, 190300, 5125330, 53.75],
		
["20250509", 192000, 192800, 186800, 190100, 2539822, 53.78],
		
["20250512", 193600, 195200, 193500, 195000, 1624884, 53.93],
		
["20250513", 200500, 201500, 197300, 198500, 3385009, 54.1],
		
["20250514", 207000, 207000, 204000, 206000, 3333511, 54.29],
		
["20250515", 207500, 208000, 199500, 200500, 3178957, 54.34],
		
["20250516", 206000, 206750, 203500, 204500, 2419507, 54.45],
		
["20250519", 203000, 203000, 197500, 199400, 2482673, 54.45],
		
["20250520", 202500, 208000, 201500, 202000, 2820546, 54.5],
		
["20250521", 204500, 205000, 199900, 200500, 1721760, 54.47],
		
["20250522", 199900, 201500, 196500, 196900, 1988587, 54.48],
		
["20250523", 199900, 201500, 198700, 200000, 1538701, 54.36],
		
["20250526", 200000, 203500, 196900, 203000, 1459997, 54.38],
		
["20250527", 200500, 203500, 200000, 202500, 1424916, 54.39],
		
["20250528", 206500, 209500, 206000, 208000, 3161188, 54.4],
		
["20250529", 214500, 214500, 207500, 212000, 3827689, 54.19],
		
["20250530", 210000, 210000, 203000, 204500, 4826628, 54.24],
		
["20250602", 205000, 208500, 203000, 207500, 1775752, 54.41],
		
["20250604", 218000, 223000, 216500, 217500, 5108674, 54.81],
		
["20250605", 225500, 230000, 222000, 224500, 5768506, 54.94],
		
["20250609", 233000, 233500, 228000, 229000, 3666084, 55.0],
		
["20250610", 231000, 232500, 227500, 230500, 3718655, 55.01],
		
["20250611", 236000, 241000, 235000, 240000, 4230421, 55.18],
		
["20250612", 242500, 246500, 235000, 235500, 4994238, 55.19],
		
["20250613", 240500, 243000, 233750, 235500, 4100610, 55.31],
		
["20250616", 238000, 248500, 238000, 248000, 3760740, 55.42],
		
["20250617", 253000, 260000, 248000, 249000, 5044669, 55.33],
		
["20250618", 245500, 252000, 245000, 246500, 4081001, 55.31],
		
["20250619", 247000, 250000, 242000, 246000, 2317796, 55.32],
		
["20250620", 249000, 257000, 247500, 257000, 3597877, 55.42],
		
["20250623", 252500, 263000, 248500, 259500, 3398736, 55.44],
		
["20250624", 270000, 283000, 269500, 278500, 5436312, 55.59],
		
["20250625", 289000, 291500, 284000, 286000, 5466598, 55.61],
		
["20250626", 294500, 298500, 287000, 293000, 5894020, 55.66],
		
["20250627", 288000, 294500, 281000, 284000, 5134863, 55.52],
		
["20250630", 288500, 294500, 286000, 292000, 4375298, 55.51],
		
["20250701", 291000, 294500, 285500, 285500, 3687981, 55.51],
		
["20250702", 283500, 283500, 274500, 279000, 4702056, 55.5],
		
["20250703", 281000, 284000, 277000, 278500, 3642140, 55.48],
		
["20250704", 279500, 281500, 269000, 270500, 3654933, 55.46],
		
["20250707", 266000, 272000, 264500, 271000, 2523564, 55.42],
		
["20250708", 271000, 285000, 268500, 282000, 3119395, 55.44],
		
["20250709", 282500, 284000, 277500, 281000, 2626484, 55.43],
		
["20250710", 284000, 297000, 283500, 297000, 4556065, 55.47],
		
["20250711", 299500, 306500, 292000, 294500, 3732533, 55.46],
		
["20250714", 292500, 302500, 292500, 300000, 2936976, 55.55],
		
["20250715", 296000, 298500, 290000, 298500, 4196196, 55.55],
		
["20250716", 298500, 299500, 292500, 296000, 3123297, 55.57],
		
["20250717", 283500, 289500, 268000, 269500, 9328322, 55.28],
		
["20250718", 270000, 275000, 267000, 269000, 5359504, 55.19],
		
["20250721", 267500, 274500, 266500, 272500, 2424891, 55.16],
		
["20250722", 273000, 273500, 267000, 268500, 3139858, 55.13],
		
["20250723", 267500, 271000, 264500, 269000, 3116279, 55.16],
		
["20250724", 277000, 279000, 269000, 269500, 3667144, 55.22],
		
["20250725", 273000, 275000, 265500, 266000, 2171063, 55.2],
		
["20250728", 261000, 265500, 258500, 262000, 2877357, 55.17],
		
["20250729", 254500, 265000, 254500, 262500, 2944177, 55.12],
		
["20250730", 263000, 266000, 260500, 263500, 2482807, 55.11],
		
["20250731", 271000, 274000, 265500, 273500, 3472644, 55.2],
		
["20250801", 266000, 267000, 257000, 258000, 3227394, 55.08],
		
["20250804", 254500, 260000, 254000, 258000, 2281558, 55.06],
		
["20250805", 264000, 264500, 260500, 263500, 2118171, 55.12],
		
["20250806", 260500, 260500, 257500, 258500, 1374559, 55.14],
		
["20250807", 258000, 263000, 250000, 262000, 2724438, 55.17],
		
["20250808", 262000, 266000, 255500, 256500, 2676174, 55.15],
		
["20250811", 260500, 267500, 260000, 267000, 2415473, 55.21],
		
["20250812", 268000, 276000, 267500, 269000, 3008648, 55.31],
		
["20250813", 278000, 279000, 274000, 278000, 3472694, 55.48],
		
["20250814", 277500, 277500, 270500, 276500, 2101050, 55.48],
		
["20250818", 272000, 272000, 267000, 267500, 1993220, 55.41],
		
["20250819", 268500, 270000, 261500, 263000, 1709646, 55.37],
		
["20250820", 254500, 257000, 251000, 255500, 3571545, 55.3],
		
["20250821", 246500, 251000, 245000, 245000, 6301130, 55.05],
		
["20250822", 245500, 252500, 245500, 251000, 3064062, 55.07],
		
["20250825", 256000, 261500, 254000, 259500, 3183709, 55.14],
		
["20250826", 259500, 262500, 257000, 261500, 2050625, 55.15],
		
["20250827", 259000, 261000, 256000, 260000, 2801594, 55.06],
		
["20250828", 254000, 268500, 253000, 268500, 3836024, 54.81],
		
["20250829", 268000, 270000, 266000, 269000, 1892127, 54.82],
		
["20250901", 259500, 261000, 255000, 256000, 1837054, 55.06],
		
["20250902", 256000, 261500, 256000, 260500, 1584710, 55.13],
		
["20250903", 259500, 265500, 257750, 262500, 2437896, 55.18],
		
["20250904", 267000, 271000, 264500, 265500, 2189959, 55.16],
		
["20250905", 273000, 275000, 272000, 273500, 3103427, 55.35],
		
["20250908", 278500, 279000, 274000, 277000, 2018299, 55.44],
		
["20250909", 278000, 288500, 277000, 288000, 4158342, 55.63],
		
["20250910", 294500, 305000, 293000, 304000, 5265553, 55.97],
		
["20250911", 310000, 315000, 305500, 307000, 5148088, 56.09],
		
["20250912", 322000, 329500, 319000, 328500, 4242516, 56.21],
		
["20250915", 339500, 341500, 325000, 331000, 4221256, 56.25],
		
["20250916", 331500, 354000, 331500, 348000, 5841135, 56.32],
		
["20250917", 341000, 342500, 333500, 333500, 4498866, 56.26],
		
["20250918", 338500, 357000, 336500, 353000, 4526286, 56.21],
		
["20250919", 351500, 360000, 348000, 353000, 4385543, 56.08],
		
["20250922", 349000, 359000, 345250, 351000, 4377563, 55.9],
		
["20250923", 355500, 363000, 353000, 361000, 3315336, 55.9],
		
["20250924", 359000, 364000, 348500, 357500, 4165199, 55.81],
		
["20250925", 352000, 359000, 349500, 356500, 2148215, 55.85],
		
["20250926", 347500, 349000, 333000, 336500, 3685324, 55.57],
		
["20250929", 339500, 351000, 339000, 349000, 2275986, 55.48],
		
["20250930", 353000, 356500, 347500, 347500, 2238614, 55.45],
		
["20251001", 351000, 362000, 351000, 360000, 2802437, 55.48],
		
["20251002", 388500, 404500, 384000, 395500, 7430763, 55.64],
		
["20251010", 426000, 439250, 416500, 428000, 6835852, 55.61],
		
["20251013", 405500, 415500, 403000, 415000, 4356534, 55.44],
		
["20251014", 425000, 436500, 406500, 411500, 4101275, 55.41],
		
["20251015", 410500, 424000, 407000, 422500, 2688019, 55.3],
		
["20251016", 421000, 455000, 420500, 452500, 4247934, 55.34],
		
["20251017", 451500, 475000, 449500, 465500, 4541583, 55.3],
		
["20251020", 477500, 485500, 465500, 485500, 3333903, 55.23],
		
["20251021", 497000, 502000, 478000, 479000, 4126858, 55.13],
		
["20251022", 475000, 482000, 469000, 481500, 3870276, 54.96],
		
["20251023", 470000, 488500, 468000, 478500, 3583993, 54.87],
		
["20251024", 493000, 513000, 491500, 510000, 4254202, 54.99],
		
["20251027", 533000, 537000, 523000, 535000, 3381231, 54.94],
		
["20251028", 521000, 527000, 509000, 521000, 5659008, 54.63],
		
["20251029", 538000, 559000, 523000, 558000, 4803031, 54.6],
		
["20251030", 558000, 579000, 552000, 568000, 4888461, 54.53],
		
["20251031", 557000, 566000, 552000, 559000, 3351809, 54.37],
		
["20251103", 557000, 624000, 555000, 620000, 5787058, 54.33],
		
["20251104", 611000, 614000, 583000, 586000, 5969769, 54.21],
		
["20251105", 563000, 587000, 532000, 579000, 8976222, 53.9],
		
["20251106", 602000, 607000, 583000, 593000, 5321244, 53.77],
		
["20251107", 577000, 599000, 565000, 580000, 4789397, 53.7],
		
["20251110", 584000, 615000, 581000, 606000, 4893645, 53.67],
		
["20251111", 622000, 646000, 604000, 619000, 5508697, 53.57],
		
["20251112", 605000, 620000, 601000, 617000, 2831484, 53.95],
		
["20251113", 607000, 622000, 607000, 612000, 3875541, 54.0],
		
["20251114", 579000, 585000, 560000, 560000, 5778374, 53.67],
		
["20251117", 588000, 606000, 584000, 606000, 4470947, 53.76],
		
["20251118", 583000, 591000, 570000, 570000, 3544391, 53.63],
		
["20251119", 563000, 570000, 546000, 562000, 4529736, 53.46],
		
["20251120", 595000, 597000, 570000, 571000, 4670237, 53.36],
		
["20251121", 518000, 531000, 514000, 521000, 6646712, 53.59],
		
["20251124", 531000, 542000, 517000, 520000, 6399162, 53.46],
		
["20251125", 546000, 550000, 518000, 519000, 3716730, 53.43],
		
["20251126", 513000, 528000, 501000, 524000, 5127393, 53.34],
		
["20251127", 535000, 556000, 533000, 544000, 3654092, 53.39],
		
["20251128", 551000, 552000, 530000, 530000, 2680138, 53.21],
		
["20251201", 542000, 545000, 525000, 538000, 3134704, 53.3],
		
["20251202", 548000, 559000, 542000, 558000, 2686580, 53.39],
		
["20251203", 550000, 559000, 544000, 552000, 2586619, 53.3],
		
["20251204", 542000, 543000, 532000, 542000, 2858305, 53.18],
		
["20251205", 530000, 546000, 527000, 544000, 3204933, 53.14],
		
["20251208", 543000, 580000, 533000, 577000, 4288433, 53.23],
		
["20251209", 569000, 575000, 564000, 566000, 2391174, 53.24],
		
["20251210", 571000, 593000, 570000, 587000, 3986083, 53.41],
		
["20251211", 583000, 589000, 565000, 565000, 4021907, 53.38],
		
["20251212", 565000, 579000, 560000, 571000, 2646148, 53.38],
		
["20251215", 535000, 563500, 535000, 554000, 2482125, 53.41],
		
["20251216", 545000, 551000, 530000, 530000, 3287998, 53.32],
		
["20251217", 530000, 554000, 525000, 551000, 2692626, 53.34],
		
["20251218", 538000, 563000, 537000, 552000, 2959059, 53.37],
		
["20251219", 569000, 570000, 547000, 547000, 3440005, 53.33],
		
["20251222", 574000, 580000, 567000, 580000, 2878464, 53.42],
		
["20251223", 585000, 593000, 581000, 584000, 2011188, 53.44],
		
["20251224", 587000, 591000, 584000, 588000, 2160697, 53.54],
		
["20251226", 594000, 605000, 590000, 599000, 4243548, 53.74],
		
["20251229", 630000, 640000, 625000, 640000, 4176151, 53.82],
		
["20251230", 639000, 659000, 634000, 651000, 4094603, 53.83],
		
["20260102", 651000, 679000, 647000, 677000, 4181895, 53.81],
		
["20260105", 698000, 700000, 684000, 696000, 4337511, 53.82],
		
["20260106", 690000, 727000, 671000, 726000, 4830275, 53.88],
		
["20260107", 760000, 762000, 728000, 742000, 5693115, 53.98],
		
["20260108", 731000, 788000, 731000, 756000, 6496379, 53.97],
		
["20260109", 744000, 756000, 727000, 744000, 4343703, 53.8],
		
["20260112", 755000, 762000, 735000, 749000, 3329793, 53.79],
		
["20260113", 753000, 754000, 724000, 738000, 3771944, 53.64],
		
["20260114", 733000, 750000, 728000, 742000, 4885051, 53.58],
		
["20260115", 732000, 750000, 727000, 749000, 3003414, 53.54],
		
["20260116", 751000, 763000, 747000, 756000, 3712326, 53.5],
		
["20260119", 755000, 774000, 750000, 764000, 3392008, 53.5],
		
["20260120", 764000, 764000, 737000, 743000, 2762369, 53.46],
		
["20260121", 729000, 756000, 728000, 740000, 5108442, 53.55],
		
["20260122", 766000, 773000, 751000, 755000, 3545309, 53.56],
		
["20260123", 754000, 776000, 744000, 767000, 3508272, 53.56],
		
["20260126", 753000, 754000, 736000, 736000, 3133330, 53.51],
		
["20260127", 738000, 800000, 733000, 800000, 5660198, 53.6],
		
["20260128", 810000, 854000, 803000, 841000, 6708497, 53.56],
		
["20260129", 879000, 884000, 819000, 861000, 6837983, 53.43],
		
["20260130", 854000, 931000, 853000, 909000, 7875195, 53.47],
		
["20260202", 870000, 888000, 830000, 830000, 7634191, 53.21],
		
["20260203", 874000, 907000, 871000, 907000, 5272538, 53.14],
		
["20260204", 884000, 906000, 883000, 900000, 3800763, 53.01],
		
["20260205", 851000, 877000, 838000, 842000, 5473720, 52.77],
		
["20260206", 805000, 850000, 791000, 839000, 5581574, 52.61],
		
["20260209", 898000, 899000, 873000, 887000, 4228584, 52.86],
		
["20260210", 894000, 905000, 876000, 876000, 3441377, 52.87],
		
["20260211", 860000, 874000, 848000, 860000, 3125590, 52.83],
		
["20260212", 882000, 894000, 878000, 888000, 4619344, 53.12],
		
["20260213", 889000, 903000, 878000, 880000, 3534047, 53.13],
		
["20260219", 905000, 913000, 888000, 894000, 3285109, 53.13],
		
["20260220", 892000, 955000, 881000, 949000, 5054333, 54.62],
		
["20260223", 980000, 980000, 941000, 951000, 3523887, 54.6],
		
["20260224", 952000, 1005000, 946000, 1005000, 4102382, 54.64],
		
["20260225", 1012000, 1038000, 1004000, 1018000, 3462525, 54.48],
		
["20260226", 1024000, 1099000, 1023000, 1099000, 4461976, 54.36],
		
["20260227", 1050000, 1096000, 1048000, 1061000, 6453062, 54.02],
		
["20260303", 1022000, 1040000, 939000, 939000, 6818327, 53.87],
		
["20260304", 894000, 954000, 846000, 849000, 9253420, 53.79],
		
["20260305", 976000, 992000, 927000, 941000, 6442459, 53.84],
		
["20260306", 912000, 938000, 885000, 924000, 3744322, 53.76],
		
["20260309", 851000, 864000, 808000, 836000, 7253621, 53.54],
		
["20260310", 915000, 950000, 899000, 938000, 5304897, 53.69],
		
["20260311", 954000, 985000, 941000, 955000, 3916098, 53.7],
		
["20260312", 938000, 963000, 928000, 930000, 3711742, 53.59],
		
["20260313", 891000, 929000, 884000, 910000, 3645102, 53.51],
		
["20260316", 925000, 975000, 924000, 974000, 3829496, 53.57],
		
["20260317", 1009000, 1010000, 969000, 970000, 3326240, 53.51],
		
["20260318", 1000000, 1060000, 999000, 1056000, 4347884, 53.63],
		
["20260319", 1008000, 1043000, 1003000, 1013000, 3347483, 53.55],
		
["20260320", 1023000, 1026000, 1002000, 1007000, 3426646, 53.45],
		
["20260323", 952000, 963000, 927000, 933000, 3911813, 53.43],
		
["20260324", 993000, 994000, 938000, 986000, 4352152, 53.41],
		
["20260325", 1016000, 1042000, 988000, 995000, 4463869, 53.35],
		
["20260326", 965000, 973000, 931000, 933000, 4660620, 53.21],
		
["20260327", 890000, 934000, 880000, 922000, 4520942, 53.05],
		
["20260330", 867000, 884000, 862000, 873000, 4498502, 52.88],
		
["20260331", 817000, 852000, 806000, 807000, 7194351, 52.69],
		
["20260401", 884000, 905000, 858000, 893000, 6255058, 52.62],
		
["20260402", 912000, 914000, 818000, 830000, 6127534, 52.57],
		
["20260403", 867000, 886000, 860000, 876000, 2927164, 52.62],
		
["20260406", 877000, 901500, 869000, 886000, 3100989, 52.61],
		
["20260407", 917000, 933000, 888000, 916000, 3619929, 52.71],
		
["20260408", 1007000, 1056000, 992000, 1033000, 6709356, 52.9],
		
["20260409", 1015000, 1025000, 990000, 998000, 5026817, 52.79],
		
["20260410", 1030000, 1042000, 1024000, 1027000, 3134921, 52.91],
		
["20260413", 999000, 1043000, 996000, 1040000, 2769753, 52.98],
		
["20260414", 1092000, 1128000, 1078000, 1103000, 4754545, 53.08],
		
["20260415", 1165000, 1173000, 1130000, 1136000, 4093703, 53.04],
		
["20260416", 1141000, 1161000, 1130000, 1155000, 2901319, 52.97],
		
["20260417", 1149000, 1155000, 1121000, 1128000, 3578235, 52.87],
		
["20260420", 1148000, 1175000, 1141000, 1166000, 3748014, 52.96],
		
["20260421", 1196000, 1228000, 1193000, 1224000, 3516960, 53.06],
		
["20260422", 1227000, 1233000, 1195000, 1223000, 2894919, 53.05],
		
["20260423", 1220000, 1267000, 1183000, 1225000, 5343871, 53.12],
		
["20260424", 1237000, 1242000, 1193000, 1222000, 3127857, 53.01],
		
["20260427", 1253000, 1317000, 1249000, 1292000, 4563073, 53.1],
		
["20260428", 1313000, 1328000, 1296000, 1300000, 3002713, 53.04],
		
["20260429", 1284000, 1317000, 1281000, 1293000, 3001208, 52.92],
		
["20260430", 1312000, 1325000, 1286000, 1286000, 3342342, 53.0],
		
["20260504", 1339000, 1450000, 1333000, 1447000, 5776641, 53.22],
		
["20260506", 1590000, 1614000, 1557000, 1601000, 6631934, 53.23],
		
["20260507", 1622000, 1665000, 1567000, 1654000, 5860618, 53.01],
		
["20260508", 1591000, 1689000, 1591000, 1686000, 4278087, 52.87],
		
["20260511", 1833000, 1949000, 1826000, 1880000, 7433039, 52.78],
		
["20260512", 1944000, 1967000, 1804000, 1835000, 9160593, 52.51],
		
["20260513", 1781000, 1990000, 1781000, 1976000, 7126921, 52.37],
		
["20260514", 1976000, 1994000, 1937000, 1970000, 6040068, 52.36],
		
["20260515", 1950000, 1995000, 1789000, 1819000, 7485233, 52.14],
		
["20260518", 1780000, 1897000, 1731000, 1840000, 6481608, 52.06],
		
["20260519", 1791000, 1823000, 1740000, 1745000, 4575855, 51.87],
		
["20260520", 1743000, 1778000, 1690000, 1745000, 5535123, 51.76],
		
["20260521", 1801000, 1954000, 1796000, 1940000, 5096690, 51.66],
		
["20260522", 1942000, 1952000, 1912000, 1941000, 3135190, 51.61],
		
["20260526", 2008000, 2087000, 2006000, 2052000, 4903591, 51.62],
		
["20260527", 2279000, 2358000, 2200000, 2243000, 7545783, 51.65],
		
["20260528", 2189000, 2305000, 2151000, 2289000, 6229499, 51.5],
		
["20260529", 2352000, 2379000, 2290500, 2333000, 8518013, 51.44],
		
["20260601", 2299000, 2398000, 2296000, 2363000, 5602897, 51.34],
		
["20260602", 2376000, 2407000, 2259000, 2360000, 5837216, 51.3],
		
["20260604", 2284000, 2327000, 2262000, 2298000, 3941067, 51.27],
		
["20260605", 2142000, 2188000, 2070000, 2070000, 5778751, 51.16],
		
["20260608", 1856000, 2072000, 1855000, 1911000, 6610833, 51.15],
		
["20260609", 2050000, 2226000, 1998000, 2215000, 5878039, 51.09],
		
["20260610", 2137000, 2180000, 1992000, 2048000, 4928269, 51.05],
		
["20260611", 1975000, 2163000, 1960000, 2101000, 6625775, 51.1],
		
["20260612", 2281000, 2304000, 2150000, 2150000, 5286416, 51.19],
		
["20260615", 2283000, 2322000, 2265000, 2288000, 3872910, 51.23],
		
["20260616", 2381000, 2400000, 2286000, 2382000, 3644469, 51.29],
		
["20260617", 2335000, 2523000, 2334000, 2521000, 3980010, 51.3],
		
["20260618", 2556000, 2738000, 2556000, 2685000, 5808765, 51.31],
		
["20260619", 2824000, 2891000, 2688000, 2764000, 7478195, 51.25],
		
["20260622", 2728000, 2945000, 2728000, 2919000, 5179795, 51.15],
		
["20260623", 2898000, 2943000, 2536000, 2555000, 8050335, 50.99],
		
["20260624", 2598000, 2703000, 2453000, 2580000, 7487916, 50.78],
		
["20260625", 2865000, 2987000, 2749000, 2917000, 6790853, 50.77],
		
["20260626", 2850000, 2880000, 2600000, 2673000, 7467492, 50.63],
		
["20260629", 2636000, 2688000, 2517000, 2628000, 5217788, 50.44],
		
["20260630", 2608000, 2742000, 2541000, 2650000, 5109213, 50.36],
		
["20260701", 2665000, 2723000, 2502000, 2560000, 4277276, 50.4],
		
["20260702", 2351000, 2448000, 2187000, 2187000, 7685914, 50.28],
		
["20260703", 2197000, 2454000, 2045000, 2425000, 7984914, 50.17],
		
["20260706", 2450000, 2497000, 2292000, 2343000, 4235360, 50.17],
		
["20260707", 2289000, 2343000, 2080000, 2201000, 6351195, 50.06],
		
["20260708", 2118000, 2329000, 2076000, 2076000, 6975631, 50.05],
		
["20260709", 2228000, 2270000, 2091000, 2186000, 6261504, 50.01],
		
["20260710", 2296000, 2305000, 2166000, 2180000, 4827239, 49.87],
		
["20260713", 2113000, 2142000, 1839000, 1845000, 8040043, 49.77],
		
["20260714", 1825000, 1936000, 1678000, 1913000, 10447011, 49.88],
		
["20260715", 2120000, 2171000, 2070000, 2082000, 6046951, 52.44],
		
["20260716", 1902000, 1919000, 1821000, 1842000, 5608812, 52.37],
		
["20260720", 1745000, 1892000, 1735000, 1764000, 5876444, 52.4],
		
["20260721", 1775000, 1889000, 1732000, 1836000, 4639208, 52.39],
		
["20260722", 1977000, 2006000, 1830000, 1830000, 4802637, 52.5],
		
["20260723", 1910000, 1948000, 1845000, 1919000, 4119477, 52.6],
		
["20260724", 1894000, 1894000, 1752000, 1759000, 4935624, 52.44],
		
["20260727", 1814000, 1821000, 1707000, 1816000, 4030933, 52.39],
		
["20260728", 1662000, 1674000, 1550000, 1550000, 8120587, 50.85],
		
["20260729", 1567000, 1619000, 1246000, 1401000, 12428883, 50.77],
		
["20260730", 1361000, 1459000, 1287000, 1322000, 9543189, 50.86],
		
["20260731", 1697000, 1718000, 1586000, 1718000, 10499619, 51.22],
		
["20260803", 1642000, 1645000, 1562000, 1567000, 5432833, 51.04],
		
["20260804", 1620000, 1630000, 1483000, 1577000, 5391210, 50.95],
		
["20260805", 1693000, 1701000, 1647000, 1668000, 3945674, 51.03],
		
["20260806", 1600000, 1606000, 1481000, 1495000, 5498295, 50.84],
		
["20260807", 1521000, 1542000, 1409000, 1422000, 5002539, 50.81],
		
["20260810", 1443000, 1487000, 1397000, 1420000, 3295283, 50.77],
		
["20260811", 1405000, 1455000, 1373000, 1425000, 3817655, 50.74],
		
["20260812", 1456000, 1549000, 1440000, 1504000, 4566672, 50.83],
		
["20260813", 1582000, 1634000, 1567000, 1593000, 4680347, 50.96],
		
["20260814", 1695000, 1697000, 1626000, 1645000, 4520990, 51.07],
		
["20260818", 1736000, 1792000, 1640000, 1662000, 5139000, 51.16],
		
["20260819", 1545000, 1559000, 1486000, 1500000, 4223067, 50.99],
		
["20260820", 1613000, 1720000, 1576000, 1691000, 5452970, 51.05],
		
["20260821", 1675000, 1773000, 1669000, 1730000, 4274294, 51.05],
		
["20260824", 1775000, 1792000, 1670000, 1671000, 3994599, 50.92],
		
["20260825", 1598000, 1687000, 1557000, 1678000, 4029660, 50.72],
		
["20260826", 1668000, 1735000, 1662000, 1688000, 2923810, 50.65],
		
["20260827", 1776000, 1788000, 1708000, 1730000, 3264042, 50.63],
		
["20260828", 1704000, 1725000, 1653000, 1653000, 3531892, 50.57],
		
["20260831", 1596000, 1674000, 1577000, 1674000, 3980661, 50.56],
		
["20260901", 1666000, 1713000, 1652000, 1693000, 2727724, 50.57],
		
["20260902", 1630000, 1661000, 1612000, 1613000, 2568478, 50.47],
		
["20260903", 1643000, 1649000, 1558000, 1596000, 2632758, 50.45],
		
["20260904", 1620000, 1683000, 1620000, 1647000, 2827892, 50.5],
		
["20260907", 1737000, 1783000, 1733000, 1783000, 3480094, 50.63],
		
["20260908", 1799000, 1889000, 1777000, 1793000, 4164618, 50.66],
		
["20260909", 1795000, 1883000, 1795000, 1856000, 3526484, 50.67],
		
["20260910", 1879000, 1890000, 1811000, 1853000, 4483585, 50.55],
		
["20260911", 1773000, 1827000, 1768000, 1812000, 2625165, 50.47],
		
["20260914", 1707000, 1740000, 1678000, 1683000, 4001549, 50.27],
		
["20260915", 1690000, 1729000, 1671000, 1712000, 2732031, 50.2],
		
["20260916", 1686000, 1760000, 1686000, 1757000, 2857754, 50.2],
		
["20260917", 1770000, 1785000, 1735000, 1766000, 2803398, 50.1],
		
["20260918", 1810000, 1857000, 1805000, 1849000, 4764077, 50.23],
		
["20260921", 1872000, 1888000, 1847000, 1879000, 2755380, 50.17],
		
["20260922", 1909000, 1935000, 1807000, 1841000, 3271767, 50.15],
		
["20260923", 1899000, 1900000, 1836000, 1863000, 2947714, 50.06],
		
["20260928", 1825000, 1840000, 1755000, 1761000, 3302748, 49.94],
		
["20260929", 1755000, 1790000, 1736000, 1790000, 2939411, 49.82],
		
["20260930", 1789000, 1824000, 1773000, 1783000, 3280459, 49.78],
		
["20261001", 1762000, 1833000, 1749000, 1828000, 2205296, 49.77],
		
["20261002", 1830000, 1855000, 1825000, 1842000, 2032332, 49.76],
		
["20261006", 1835000, 1837000, 1771000, 1784000, 2811364, 49.71],
		
["20261007", 1728000, 1779000, 1713000, 1715000, 2607954, 49.71]
		
	

]
