stock,query_start,query_end,past_start,past_end,similarity,past_return_20d,actual_return_20d
삼성전자,2025-08-20,2026-01-16,2019-08-27,2020-01-22,0.9804214719422814,-0.049759229534510396,0.2169241101410342
삼성전자,2025-08-21,2026-01-19,2019-08-27,2020-01-22,0.9802702768485421,-0.049759229534510396,0.27260549229738773
삼성전자,2025-08-21,2026-01-19,2019-08-28,2020-01-23,0.9805176192867511,-0.06578947368421051,0.27260549229738773
삼성전자,2025-08-22,2026-01-20,2019-08-28,2020-01-23,0.9807652995134111,-0.06578947368421051,0.30922865013774103
삼성전자,2025-08-22,2026-01-20,2019-08-29,2020-01-28,0.9801677616132589,-0.015306122448979553,0.30922865013774103
삼성전자,2025-08-25,2026-01-21,2019-08-28,2020-01-23,0.980117737235958,-0.06578947368421051,0.29096989966555187
삼성전자,2025-08-25,2026-01-21,2019-08-29,2020-01-28,0.9801135474226125,-0.015306122448979553,0.29096989966555187
삼성전자,2025-08-28,2026-01-26,2019-08-21,2020-01-16,0.980070535356963,0.01317957166392092,0.433267587113741
삼성전자,2025-08-29,2026-01-27,2019-08-21,2020-01-16,0.9802542828849099,0.01317957166392092,0.3573667711598747
삼성전자,2025-08-29,2026-01-27,2019-08-22,2020-01-17,0.9808899916273393,-0.024469820554649302,0.3573667711598747
삼성전자,2025-08-29,2026-01-27,2019-08-23,2020-01-20,0.9807295573984203,-0.03525641025641024,0.3573667711598747
삼성전자,2025-08-29,2026-01-27,2019-08-26,2020-01-21,0.9804516731625441,-0.0228013029315961,0.3573667711598747
삼성전자,2025-08-29,2026-01-27,2019-08-27,2020-01-22,0.9806435838059029,-0.049759229534510396,0.3573667711598747
삼성전자,2025-09-01,2026-01-28,2019-08-19,2020-01-14,0.9801238387238631,0.011666666666666714,0.20135467980295574
삼성전자,2025-09-01,2026-01-28,2019-08-20,2020-01-15,0.9800865557624566,0.047457627118643986,0.20135467980295574
삼성전자,2025-09-01,2026-01-28,2019-08-21,2020-01-16,0.9803040011986585,0.01317957166392092,0.20135467980295574
삼성전자,2025-09-01,2026-01-28,2019-08-22,2020-01-17,0.9810492871539978,-0.024469820554649302,0.20135467980295574
삼성전자,2025-09-01,2026-01-28,2019-08-23,2020-01-20,0.9817375610216442,-0.03525641025641024,0.20135467980295574
삼성전자,2025-09-01,2026-01-28,2019-08-26,2020-01-21,0.9813058012518041,-0.0228013029315961,0.20135467980295574
삼성전자,2025-09-01,2026-01-28,2019-08-27,2020-01-22,0.981166239968474,-0.049759229534510396,0.20135467980295574
삼성전자,2025-09-01,2026-01-28,2019-08-28,2020-01-23,0.980788631142532,-0.06578947368421051,0.20135467980295574
삼성전자,2025-09-02,2026-01-29,2019-08-23,2020-01-20,0.9800830825010871,-0.03525641025641024,0.07156191661481026
삼성전자,2025-09-02,2026-01-29,2019-08-26,2020-01-21,0.9805440355306498,-0.0228013029315961,0.07156191661481026
삼성전자,2025-09-02,2026-01-29,2019-08-27,2020-01-22,0.9801200667144414,-0.049759229534510396,0.07156191661481026
삼성전자,2025-09-03,2026-01-30,2019-08-26,2020-01-21,0.9803119226987674,-0.0228013029315961,0.19376947040498438
삼성전자,2025-09-03,2026-01-30,2019-08-27,2020-01-22,0.9807889877350768,-0.049759229534510396,0.19376947040498438
삼성전자,2025-09-03,2026-01-30,2019-08-28,2020-01-23,0.9800238459202846,-0.06578947368421051,0.19376947040498438
삼성전자,2025-09-04,2026-02-02,2019-08-26,2020-01-21,0.9803937016197115,-0.0228013029315961,0.25132978723404253
삼성전자,2025-09-04,2026-02-02,2019-08-27,2020-01-22,0.9808227720118844,-0.049759229534510396,0.25132978723404253
삼성전자,2025-09-04,2026-02-02,2019-08-28,2020-01-23,0.9814439008728982,-0.06578947368421051,0.25132978723404253
삼성전자,2025-09-04,2026-02-02,2019-08-29,2020-01-28,0.9803965636206,-0.015306122448979553,0.25132978723404253
삼성전자,2025-09-05,2026-02-03,2019-08-22,2020-01-17,0.9800684022447466,-0.024469820554649302,0.035820895522387985
삼성전자,2025-09-05,2026-02-03,2019-08-23,2020-01-20,0.9807392766626385,-0.03525641025641024,0.035820895522387985
삼성전자,2025-09-05,2026-02-03,2019-08-26,2020-01-21,0.9806226684769188,-0.0228013029315961,0.035820895522387985
삼성전자,2025-09-05,2026-02-03,2019-08-27,2020-01-22,0.9811453919040455,-0.049759229534510396,0.035820895522387985
삼성전자,2025-09-05,2026-02-03,2019-08-28,2020-01-23,0.9810690144676915,-0.06578947368421051,0.035820895522387985
삼성전자,2025-09-05,2026-02-03,2019-08-29,2020-01-28,0.9805879680863703,-0.015306122448979553,0.035820895522387985
삼성전자,2025-09-08,2026-02-04,2019-08-23,2020-01-20,0.9803064082987698,-0.03525641025641024,0.111176818450621
삼성전자,2025-09-08,2026-02-04,2019-08-26,2020-01-21,0.9807118507498715,-0.0228013029315961,0.111176818450621
삼성전자,2025-09-08,2026-02-04,2019-08-27,2020-01-22,0.9806610717234052,-0.049759229534510396,0.111176818450621
삼성전자,2025-09-08,2026-02-04,2019-08-28,2020-01-23,0.9806769996268525,-0.06578947368421051,0.111176818450621
삼성전자,2025-09-12,2026-02-10,2020-08-25,2021-01-20,0.981179944391524,-0.05275229357798161,0.13811821471652586
삼성전자,2025-09-12,2026-02-10,2020-08-26,2021-01-21,0.9819431607079928,-0.06696935300794549,0.13811821471652586
삼성전자,2025-09-12,2026-02-10,2020-08-27,2021-01-22,0.9813670323233937,-0.055299539170506895,0.13811821471652586
삼성전자,2025-09-12,2026-02-10,2020-08-28,2021-01-25,0.9809077376623561,-0.08277404921700227,0.13811821471652586
삼성전자,2025-09-12,2026-02-10,2020-08-31,2021-01-26,0.9808747412494017,-0.016147635524798143,0.13811821471652586
삼성전자,2025-09-15,2026-02-11,2020-07-31,2020-12-24,0.9801311950566222,0.11439588688946012,0.1555423122765196
삼성전자,2025-09-15,2026-02-11,2020-08-03,2020-12-28,0.9804782635466668,0.08767471410419314,0.1555423122765196
삼성전자,2025-09-15,2026-02-11,2020-08-04,2020-12-29,0.9809375421735306,0.06896551724137923,0.1555423122765196
삼성전자,2025-09-15,2026-02-11,2020-08-21,2021-01-18,0.9810654979587187,-0.02117647058823524,0.1555423122765196
삼성전자,2025-09-15,2026-02-11,2020-08-24,2021-01-19,0.9811315693120757,-0.056321839080459735,0.1555423122765196
삼성전자,2025-09-15,2026-02-11,2020-08-25,2021-01-20,0.9815247909578447,-0.05275229357798161,0.1555423122765196
삼성전자,2025-09-15,2026-02-11,2020-08-26,2021-01-21,0.9828948788647699,-0.06696935300794549,0.1555423122765196
삼성전자,2025-09-15,2026-02-11,2020-08-27,2021-01-22,0.9835641849027111,-0.055299539170506895,0.1555423122765196
삼성전자,2025-09-15,2026-02-11,2020-08-28,2021-01-25,0.9828746796281693,-0.08277404921700227,0.1555423122765196
삼성전자,2025-09-15,2026-02-11,2020-08-31,2021-01-26,0.9822257889950414,-0.016147635524798143,0.1555423122765196
삼성전자,2025-09-15,2026-02-11,2020-09-01,2021-01-27,0.9812974982300733,-0.03621495327102808,0.1555423122765196
삼성전자,2025-09-16,2026-02-12,2020-07-31,2020-12-24,0.981297657666887,0.11439588688946012,0.16741321388577823
삼성전자,2025-09-16,2026-02-12,2020-08-03,2020-12-28,0.9818315208038662,0.08767471410419314,0.16741321388577823
삼성전자,2025-09-16,2026-02-12,2020-08-04,2020-12-29,0.9819900826253591,0.06896551724137923,0.16741321388577823
삼성전자,2025-09-16,2026-02-12,2020-08-05,2020-12-30,0.9823134720265649,0.012345679012345734,0.16741321388577823
삼성전자,2025-09-16,2026-02-12,2020-08-06,2021-01-04,0.9810004821929414,0.0,0.16741321388577823
삼성전자,2025-09-16,2026-02-12,2020-08-07,2021-01-05,0.9801442568793923,0.005959475566150285,0.16741321388577823
삼성전자,2025-09-16,2026-02-12,2020-08-10,2021-01-06,0.9804837447085953,0.029197080291970767,0.16741321388577823
삼성전자,2025-09-16,2026-02-12,2020-08-11,2021-01-07,0.9803605084965238,-0.004825090470446325,0.16741321388577823
삼성전자,2025-09-16,2026-02-12,2020-08-21,2021-01-18,0.9806843841695642,-0.02117647058823524,0.16741321388577823
삼성전자,2025-09-16,2026-02-12,2020-08-24,2021-01-19,0.983247474229878,-0.056321839080459735,0.16741321388577823
삼성전자,2025-09-16,2026-02-12,2020-08-25,2021-01-20,0.9831762903425456,-0.05275229357798161,0.16741321388577823
삼성전자,2025-09-16,2026-02-12,2020-08-26,2021-01-21,0.983508378996452,-0.06696935300794549,0.16741321388577823
삼성전자,2025-09-16,2026-02-12,2020-08-27,2021-01-22,0.9844875975897902,-0.055299539170506895,0.16741321388577823
삼성전자,2025-09-16,2026-02-12,2020-08-28,2021-01-25,0.98521339270269,-0.08277404921700227,0.16741321388577823
삼성전자,2025-09-16,2026-02-12,2020-08-31,2021-01-26,0.983877765207903,-0.016147635524798143,0.16741321388577823
삼성전자,2025-09-16,2026-02-12,2020-09-01,2021-01-27,0.9821974729274306,-0.03621495327102808,0.16741321388577823
삼성전자,2025-09-16,2026-02-12,2020-09-02,2021-01-28,0.9805646586628867,-0.0011947431302270495,0.16741321388577823
삼성전자,2025-09-17,2026-02-13,2020-07-31,2020-12-24,0.9805344230416716,0.11439588688946012,0.10651214128035313
삼성전자,2025-09-17,2026-02-13,2020-08-03,2020-12-28,0.98270185885986,0.08767471410419314,0.10651214128035313
삼성전자,2025-09-17,2026-02-13,2020-08-04,2020-12-29,0.9829942381605674,0.06896551724137923,0.10651214128035313
삼성전자,2025-09-17,2026-02-13,2020-08-05,2020-12-30,0.982954949881593,0.012345679012345734,0.10651214128035313
삼성전자,2025-09-17,2026-02-13,2020-08-06,2021-01-04,0.9828554712471629,0.0,0.10651214128035313
삼성전자,2025-09-17,2026-02-13,2020-08-07,2021-01-05,0.9818853631964995,0.005959475566150285,0.10651214128035313
삼성전자,2025-09-17,2026-02-13,2020-08-10,2021-01-06,0.981417006572737,0.029197080291970767,0.10651214128035313
삼성전자,2025-09-17,2026-02-13,2020-08-11,2021-01-07,0.9817926700786803,-0.004825090470446325,0.10651214128035313
삼성전자,2025-09-17,2026-02-13,2020-08-12,2021-01-08,0.9805971427236766,-0.059684684684684686,0.10651214128035313
삼성전자,2025-09-17,2026-02-13,2020-08-20,2021-01-15,0.980196425113117,-0.035227272727272774,0.10651214128035313
삼성전자,2025-09-17,2026-02-13,2020-08-24,2021-01-19,0.9815686548865017,-0.056321839080459735,0.10651214128035313
삼성전자,2025-09-17,2026-02-13,2020-08-25,2021-01-20,0.9839666427335986,-0.05275229357798161,0.10651214128035313
삼성전자,2025-09-17,2026-02-13,2020-08-26,2021-01-21,0.9839331655969876,-0.06696935300794549,0.10651214128035313
삼성전자,2025-09-17,2026-02-13,2020-08-27,2021-01-22,0.9839703262132042,-0.055299539170506895,0.10651214128035313
삼성전자,2025-09-17,2026-02-13,2020-08-28,2021-01-25,0.985120256807581,-0.08277404921700227,0.10651214128035313
삼성전자,2025-09-17,2026-02-13,2020-08-31,2021-01-26,0.9852725472024545,-0.016147635524798143,0.10651214128035313
삼성전자,2025-09-17,2026-02-13,2020-09-01,2021-01-27,0.9831444583770746,-0.03621495327102808,0.10651214128035313
삼성전자,2025-09-17,2026-02-13,2020-09-02,2021-01-28,0.9808456984589611,-0.0011947431302270495,0.10651214128035313
삼성전자,2025-09-18,2026-02-19,2020-08-03,2020-12-28,0.9822438319587967,0.08767471410419314,0.049473684210526336
삼성전자,2025-09-18,2026-02-19,2020-08-04,2020-12-29,0.9839925415548999,0.06896551724137923,0.049473684210526336
삼성전자,2025-09-18,2026-02-19,2020-08-05,2020-12-30,0.9844207880445243,0.012345679012345734,0.049473684210526336
삼성전자,2025-09-18,2026-02-19,2020-08-06,2021-01-04,0.9841960205562106,0.0,0.049473684210526336
삼성전자,2025-09-18,2026-02-19,2020-08-07,2021-01-05,0.984515747044319,0.005959475566150285,0.049473684210526336
삼성전자,2025-09-18,2026-02-19,2020-08-10,2021-01-06,0.9836803630014569,0.029197080291970767,0.049473684210526336
삼성전자,2025-09-18,2026-02-19,2020-08-11,2021-01-07,0.9833180306568323,-0.004825090470446325,0.049473684210526336
삼성전자,2025-09-18,2026-02-19,2020-08-12,2021-01-08,0.983243395695398,-0.059684684684684686,0.049473684210526336
삼성전자,2025-09-18,2026-02-19,2020-08-13,2021-01-11,0.9822257666281046,-0.08791208791208793,0.049473684210526336
삼성전자,2025-09-18,2026-02-19,2020-08-14,2021-01-12,0.9808546324222776,-0.08719646799116998,0.049473684210526336
삼성전자,2025-09-18,2026-02-19,2020-08-18,2021-01-13,0.9805519463570165,-0.09030100334448166,0.049473684210526336
삼성전자,2025-09-18,2026-02-19,2020-08-19,2021-01-14,0.981432594515918,-0.06131549609810483,0.049473684210526336
삼성전자,2025-09-18,2026-02-19,2020-08-20,2021-01-15,0.9819419656206091,-0.035227272727272774,0.049473684210526336
삼성전자,2025-09-18,2026-02-19,2020-08-21,2021-01-18,0.9815209444538214,-0.02117647058823524,0.049473684210526336
삼성전자,2025-09-18,2026-02-19,2020-08-24,2021-01-19,0.9814129353392084,-0.056321839080459735,0.049473684210526336
삼성전자,2025-09-18,2026-02-19,2020-08-25,2021-01-20,0.9829065682837067,-0.05275229357798161,0.049473684210526336
삼성전자,2025-09-18,2026-02-19,2020-08-26,2021-01-21,0.9852206656640452,-0.06696935300794549,0.049473684210526336
삼성전자,2025-09-18,2026-02-19,2020-08-27,2021-01-22,0.9846446157936087,-0.055299539170506895,0.049473684210526336
삼성전자,2025-09-18,2026-02-19,2020-08-28,2021-01-25,0.9849409470918274,-0.08277404921700227,0.049473684210526336
삼성전자,2025-09-18,2026-02-19,2020-08-31,2021-01-26,0.9851219644990974,-0.016147635524798143,0.049473684210526336
삼성전자,2025-09-18,2026-02-19,2020-09-01,2021-01-27,0.9842283351115615,-0.03621495327102808,0.049473684210526336
삼성전자,2025-09-18,2026-02-19,2020-09-02,2021-01-28,0.9812187187691688,-0.0011947431302270495,0.049473684210526336
삼성전자,2025-09-19,2026-02-20,2020-08-03,2020-12-28,0.9810690602167519,0.08767471410419314,-0.019989479221462436
삼성전자,2025-09-19,2026-02-20,2020-08-04,2020-12-29,0.9835012886747623,0.06896551724137923,-0.019989479221462436
삼성전자,2025-09-19,2026-02-20,2020-08-05,2020-12-30,0.9851305820575221,0.012345679012345734,-0.019989479221462436
삼성전자,2025-09-19,2026-02-20,2020-08-06,2021-01-04,0.9852097813656041,0.0,-0.019989479221462436
삼성전자,2025-09-19,2026-02-20,2020-08-07,2021-01-05,0.9852659277234885,0.005959475566150285,-0.019989479221462436
삼성전자,2025-09-19,2026-02-20,2020-08-10,2021-01-06,0.9857189287416049,0.029197080291970767,-0.019989479221462436
삼성전자,2025-09-19,2026-02-20,2020-08-11,2021-01-07,0.9849767449385674,-0.004825090470446325,-0.019989479221462436
삼성전자,2025-09-19,2026-02-20,2020-08-12,2021-01-08,0.983886097031651,-0.059684684684684686,-0.019989479221462436
삼성전자,2025-09-19,2026-02-20,2020-08-13,2021-01-11,0.9837117236889362,-0.08791208791208793,-0.019989479221462436
삼성전자,2025-09-19,2026-02-20,2020-08-14,2021-01-12,0.9831618948312149,-0.08719646799116998,-0.019989479221462436
삼성전자,2025-09-19,2026-02-20,2020-08-18,2021-01-13,0.9820774846566466,-0.09030100334448166,-0.019989479221462436
삼성전자,2025-09-19,2026-02-20,2020-08-19,2021-01-14,0.9819461682960299,-0.06131549609810483,-0.019989479221462436
삼성전자,2025-09-19,2026-02-20,2020-08-20,2021-01-15,0.9826689800214157,-0.035227272727272774,-0.019989479221462436
삼성전자,2025-09-19,2026-02-20,2020-08-21,2021-01-18,0.9824037571142812,-0.02117647058823524,-0.019989479221462436
삼성전자,2025-09-19,2026-02-20,2020-08-24,2021-01-19,0.9822671845956304,-0.056321839080459735,-0.019989479221462436
삼성전자,2025-09-19,2026-02-20,2020-08-25,2021-01-20,0.9820873060493261,-0.05275229357798161,-0.019989479221462436
삼성전자,2025-09-19,2026-02-20,2020-08-26,2021-01-21,0.9835542490045639,-0.06696935300794549,-0.019989479221462436
삼성전자,2025-09-19,2026-02-20,2020-08-27,2021-01-22,0.9853697309318785,-0.055299539170506895,-0.019989479221462436
삼성전자,2025-09-19,2026-02-20,2020-08-28,2021-01-25,0.9851321124007255,-0.08277404921700227,-0.019989479221462436
삼성전자,2025-09-19,2026-02-20,2020-08-31,2021-01-26,0.9846909422182828,-0.016147635524798143,-0.019989479221462436
삼성전자,2025-09-19,2026-02-20,2020-09-01,2021-01-27,0.9840319703711362,-0.03621495327102808,-0.019989479221462436
삼성전자,2025-09-19,2026-02-20,2020-09-02,2021-01-28,0.9823804493826185,-0.0011947431302270495,-0.019989479221462436
삼성전자,2025-09-22,2026-02-23,2020-08-04,2020-12-29,0.9810820970425784,0.06896551724137923,-0.01709844559585494
삼성전자,2025-09-22,2026-02-23,2020-08-05,2020-12-30,0.9837382927964211,0.012345679012345734,-0.01709844559585494
삼성전자,2025-09-22,2026-02-23,2020-08-06,2021-01-04,0.9852925608168168,0.0,-0.01709844559585494
삼성전자,2025-09-22,2026-02-23,2020-08-07,2021-01-05,0.9859863491637129,0.005959475566150285,-0.01709844559585494
삼성전자,2025-09-22,2026-02-23,2020-08-10,2021-01-06,0.9863109755037736,0.029197080291970767,-0.01709844559585494
삼성전자,2025-09-22,2026-02-23,2020-08-11,2021-01-07,0.9869256971917877,-0.004825090470446325,-0.01709844559585494
삼성전자,2025-09-22,2026-02-23,2020-08-12,2021-01-08,0.985785347999219,-0.059684684684684686,-0.01709844559585494
삼성전자,2025-09-22,2026-02-23,2020-08-13,2021-01-11,0.9850881138158486,-0.08791208791208793,-0.01709844559585494
삼성전자,2025-09-22,2026-02-23,2020-08-14,2021-01-12,0.9856796372703059,-0.08719646799116998,-0.01709844559585494
삼성전자,2025-09-22,2026-02-23,2020-08-18,2021-01-13,0.9855147942884556,-0.09030100334448166,-0.01709844559585494
삼성전자,2025-09-22,2026-02-23,2020-08-19,2021-01-14,0.9847170396725521,-0.06131549609810483,-0.01709844559585494
삼성전자,2025-09-22,2026-02-23,2020-08-20,2021-01-15,0.9844350663897496,-0.035227272727272774,-0.01709844559585494
삼성전자,2025-09-22,2026-02-23,2020-08-21,2021-01-18,0.9840800642814098,-0.02117647058823524,-0.01709844559585494
삼성전자,2025-09-22,2026-02-23,2020-08-24,2021-01-19,0.9838890515576648,-0.056321839080459735,-0.01709844559585494
삼성전자,2025-09-22,2026-02-23,2020-08-25,2021-01-20,0.9834628175838693,-0.05275229357798161,-0.01709844559585494
삼성전자,2025-09-22,2026-02-23,2020-08-26,2021-01-21,0.9831415851422363,-0.06696935300794549,-0.01709844559585494
삼성전자,2025-09-22,2026-02-23,2020-08-27,2021-01-22,0.983969119903952,-0.055299539170506895,-0.01709844559585494
삼성전자,2025-09-22,2026-02-23,2020-08-28,2021-01-25,0.985903896754218,-0.08277404921700227,-0.01709844559585494
삼성전자,2025-09-22,2026-02-23,2020-08-31,2021-01-26,0.9845871301746181,-0.016147635524798143,-0.01709844559585494
삼성전자,2025-09-22,2026-02-23,2020-09-01,2021-01-27,0.983152990306422,-0.03621495327102808,-0.01709844559585494
삼성전자,2025-09-22,2026-02-23,2020-09-02,2021-01-28,0.9815324763655734,-0.0011947431302270495,-0.01709844559585494
삼성전자,2025-09-23,2026-02-24,2020-08-05,2020-12-30,0.9826651789417794,0.012345679012345734,-0.05500000000000005
삼성전자,2025-09-23,2026-02-24,2020-08-06,2021-01-04,0.984969061212186,0.0,-0.05500000000000005
삼성전자,2025-09-23,2026-02-24,2020-08-07,2021-01-05,0.986690475059919,0.005959475566150285,-0.05500000000000005
삼성전자,2025-09-23,2026-02-24,2020-08-10,2021-01-06,0.9871829361847682,0.029197080291970767,-0.05500000000000005
삼성전자,2025-09-23,2026-02-24,2020-08-11,2021-01-07,0.9875269104201257,-0.004825090470446325,-0.05500000000000005
삼성전자,2025-09-23,2026-02-24,2020-08-12,2021-01-08,0.9878707569418537,-0.059684684684684686,-0.05500000000000005
삼성전자,2025-09-23,2026-02-24,2020-08-13,2021-01-11,0.9867899606752317,-0.08791208791208793,-0.05500000000000005
삼성전자,2025-09-23,2026-02-24,2020-08-14,2021-01-12,0.9863602239969661,-0.08719646799116998,-0.05500000000000005
삼성전자,2025-09-23,2026-02-24,2020-08-18,2021-01-13,0.9869111174760148,-0.09030100334448166,-0.05500000000000005
삼성전자,2025-09-23,2026-02-24,2020-08-19,2021-01-14,0.9868131134027015,-0.06131549609810483,-0.05500000000000005
삼성전자,2025-09-23,2026-02-24,2020-08-20,2021-01-15,0.9857073628350241,-0.035227272727272774,-0.05500000000000005
삼성전자,2025-09-23,2026-02-24,2020-08-21,2021-01-18,0.9843370358707738,-0.02117647058823524,-0.05500000000000005
삼성전자,2025-09-23,2026-02-24,2020-08-24,2021-01-19,0.9843820618592325,-0.056321839080459735,-0.05500000000000005
삼성전자,2025-09-23,2026-02-24,2020-08-25,2021-01-20,0.9840792801050282,-0.05275229357798161,-0.05500000000000005
삼성전자,2025-09-23,2026-02-24,2020-08-26,2021-01-21,0.9837356064735129,-0.06696935300794549,-0.05500000000000005
삼성전자,2025-09-23,2026-02-24,2020-08-27,2021-01-22,0.9828691105649016,-0.055299539170506895,-0.05500000000000005
삼성전자,2025-09-23,2026-02-24,2020-08-28,2021-01-25,0.9841206623379374,-0.08277404921700227,-0.05500000000000005
삼성전자,2025-09-23,2026-02-24,2020-08-31,2021-01-26,0.9849595562379008,-0.016147635524798143,-0.05500000000000005
삼성전자,2025-09-23,2026-02-24,2020-09-01,2021-01-27,0.9830115923945709,-0.03621495327102808,-0.05500000000000005
삼성전자,2025-09-23,2026-02-24,2020-09-02,2021-01-28,0.9806562990350439,-0.0011947431302270495,-0.05500000000000005
삼성전자,2025-09-24,2026-02-25,2020-08-05,2020-12-30,0.9803019848723373,0.012345679012345734,-0.11498771498771498
삼성전자,2025-09-24,2026-02-25,2020-08-06,2021-01-04,0.9838991480180965,0.0,-0.11498771498771498
삼성전자,2025-09-24,2026-02-25,2020-08-07,2021-01-05,0.9863021990178816,0.005959475566150285,-0.11498771498771498
삼성전자,2025-09-24,2026-02-25,2020-08-10,2021-01-06,0.9877804691598284,0.029197080291970767,-0.11498771498771498
삼성전자,2025-09-24,2026-02-25,2020-08-11,2021-01-07,0.988279185092833,-0.004825090470446325,-0.11498771498771498
삼성전자,2025-09-24,2026-02-25,2020-08-12,2021-01-08,0.9883463445818507,-0.059684684684684686,-0.11498771498771498
삼성전자,2025-09-24,2026-02-25,2020-08-13,2021-01-11,0.9886344096459809,-0.08791208791208793,-0.11498771498771498
삼성전자,2025-09-24,2026-02-25,2020-08-14,2021-01-12,0.9878653155970187,-0.08719646799116998,-0.11498771498771498
삼성전자,2025-09-24,2026-02-25,2020-08-18,2021-01-13,0.9874825079159931,-0.09030100334448166,-0.11498771498771498
삼성전자,2025-09-24,2026-02-25,2020-08-19,2021-01-14,0.9880568089817474,-0.06131549609810483,-0.11498771498771498
삼성전자,2025-09-24,2026-02-25,2020-08-20,2021-01-15,0.987634435452147,-0.035227272727272774,-0.11498771498771498
삼성전자,2025-09-24,2026-02-25,2020-08-21,2021-01-18,0.9855381663957473,-0.02117647058823524,-0.11498771498771498
삼성전자,2025-09-24,2026-02-25,2020-08-24,2021-01-19,0.9846088168117983,-0.056321839080459735,-0.11498771498771498
삼성전자,2025-09-24,2026-02-25,2020-08-25,2021-01-20,0.98452872052032,-0.05275229357798161,-0.11498771498771498
삼성전자,2025-09-24,2026-02-25,2020-08-26,2021-01-21,0.9842980138102312,-0.06696935300794549,-0.11498771498771498
삼성전자,2025-09-24,2026-02-25,2020-08-27,2021-01-22,0.9834157017030194,-0.055299539170506895,-0.11498771498771498
삼성전자,2025-09-24,2026-02-25,2020-08-28,2021-01-25,0.9830677340494699,-0.08277404921700227,-0.11498771498771498
삼성전자,2025-09-24,2026-02-25,2020-08-31,2021-01-26,0.9832605866254902,-0.016147635524798143,-0.11498771498771498
삼성전자,2025-09-24,2026-02-25,2020-09-01,2021-01-27,0.9833864431009074,-0.03621495327102808,-0.11498771498771498
삼성전자,2025-09-24,2026-02-25,2020-09-02,2021-01-28,0.9805397409873577,-0.0011947431302270495,-0.11498771498771498
삼성전자,2025-09-25,2026-02-26,2020-08-06,2021-01-04,0.9818700790672737,0.0,-0.17568807339449544
삼성전자,2025-09-25,2026-02-26,2020-08-07,2021-01-05,0.9854355653668485,0.005959475566150285,-0.17568807339449544
삼성전자,2025-09-25,2026-02-26,2020-08-10,2021-01-06,0.9870928270354159,0.029197080291970767,-0.17568807339449544
삼성전자,2025-09-25,2026-02-26,2020-08-11,2021-01-07,0.9884930492035638,-0.004825090470446325,-0.17568807339449544
삼성전자,2025-09-25,2026-02-26,2020-08-12,2021-01-08,0.9894851689190213,-0.059684684684684686,-0.17568807339449544
삼성전자,2025-09-25,2026-02-26,2020-08-13,2021-01-11,0.9896326337258701,-0.08791208791208793,-0.17568807339449544
삼성전자,2025-09-25,2026-02-26,2020-08-14,2021-01-12,0.9898763388321827,-0.08719646799116998,-0.17568807339449544
삼성전자,2025-09-25,2026-02-26,2020-08-18,2021-01-13,0.9888808138411027,-0.09030100334448166,-0.17568807339449544
삼성전자,2025-09-25,2026-02-26,2020-08-19,2021-01-14,0.9884204983433685,-0.06131549609810483,-0.17568807339449544
삼성전자,2025-09-25,2026-02-26,2020-08-20,2021-01-15,0.9882697467983969,-0.035227272727272774,-0.17568807339449544
삼성전자,2025-09-25,2026-02-26,2020-08-21,2021-01-18,0.9863460290076488,-0.02117647058823524,-0.17568807339449544
삼성전자,2025-09-25,2026-02-26,2020-08-24,2021-01-19,0.9849035434308279,-0.056321839080459735,-0.17568807339449544
삼성전자,2025-09-25,2026-02-26,2020-08-25,2021-01-20,0.9838341749260514,-0.05275229357798161,-0.17568807339449544
삼성전자,2025-09-25,2026-02-26,2020-08-26,2021-01-21,0.9838332547298096,-0.06696935300794549,-0.17568807339449544
삼성전자,2025-09-25,2026-02-26,2020-08-27,2021-01-22,0.9828148971319455,-0.055299539170506895,-0.17568807339449544
삼성전자,2025-09-25,2026-02-26,2020-08-28,2021-01-25,0.9826900424192766,-0.08277404921700227,-0.17568807339449544
삼성전자,2025-09-25,2026-02-26,2020-08-31,2021-01-26,0.9809650197678446,-0.016147635524798143,-0.17568807339449544
삼성전자,2025-09-25,2026-02-26,2020-09-01,2021-01-27,0.9802821093376411,-0.03621495327102808,-0.17568807339449544
삼성전자,2025-09-26,2026-02-27,2020-08-06,2021-01-04,0.9804892282394392,0.0,-0.18568129330254046
삼성전자,2025-09-26,2026-02-27,2020-08-07,2021-01-05,0.9834507162891992,0.005959475566150285,-0.18568129330254046
삼성전자,2025-09-26,2026-02-27,2020-08-10,2021-01-06,0.9864648175879017,0.029197080291970767,-0.18568129330254046
삼성전자,2025-09-26,2026-02-27,2020-08-11,2021-01-07,0.988046219506653,-0.004825090470446325,-0.18568129330254046
삼성전자,2025-09-26,2026-02-27,2020-08-12,2021-01-08,0.9894275751052115,-0.059684684684684686,-0.18568129330254046
삼성전자,2025-09-26,2026-02-27,2020-08-13,2021-01-11,0.9903574183603264,-0.08791208791208793,-0.18568129330254046
삼성전자,2025-09-26,2026-02-27,2020-08-14,2021-01-12,0.9906356744800804,-0.08719646799116998,-0.18568129330254046
삼성전자,2025-09-26,2026-02-27,2020-08-18,2021-01-13,0.990777594009038,-0.09030100334448166,-0.18568129330254046
삼성전자,2025-09-26,2026-02-27,2020-08-19,2021-01-14,0.9898338883920569,-0.06131549609810483,-0.18568129330254046
삼성전자,2025-09-26,2026-02-27,2020-08-20,2021-01-15,0.9889333589062645,-0.035227272727272774,-0.18568129330254046
삼성전자,2025-09-26,2026-02-27,2020-08-21,2021-01-18,0.987577995549135,-0.02117647058823524,-0.18568129330254046
삼성전자,2025-09-26,2026-02-27,2020-08-24,2021-01-19,0.9861890917487752,-0.056321839080459735,-0.18568129330254046
삼성전자,2025-09-26,2026-02-27,2020-08-25,2021-01-20,0.9846703470660345,-0.05275229357798161,-0.18568129330254046
삼성전자,2025-09-26,2026-02-27,2020-08-26,2021-01-21,0.9837193068889191,-0.06696935300794549,-0.18568129330254046
삼성전자,2025-09-26,2026-02-27,2020-08-27,2021-01-22,0.9830587715258733,-0.055299539170506895,-0.18568129330254046
삼성전자,2025-09-26,2026-02-27,2020-08-28,2021-01-25,0.9826778300433981,-0.08277404921700227,-0.18568129330254046
삼성전자,2025-09-26,2026-02-27,2020-08-31,2021-01-26,0.9813934833643947,-0.016147635524798143,-0.18568129330254046
삼성전자,2025-09-29,2026-03-03,2020-08-07,2021-01-05,0.9805233166998204,0.005959475566150285,-0.1430035879036392
삼성전자,2025-09-29,2026-03-03,2020-08-10,2021-01-06,0.9840382724955544,0.029197080291970767,-0.1430035879036392
삼성전자,2025-09-29,2026-03-03,2020-08-11,2021-01-07,0.9870181207371254,-0.004825090470446325,-0.1430035879036392
삼성전자,2025-09-29,2026-03-03,2020-08-12,2021-01-08,0.986864383823252,-0.059684684684684686,-0.1430035879036392
삼성전자,2025-09-29,2026-03-03,2020-08-13,2021-01-11,0.9879933547319604,-0.08791208791208793,-0.1430035879036392
삼성전자,2025-09-29,2026-03-03,2020-08-14,2021-01-12,0.9896724943282119,-0.08719646799116998,-0.1430035879036392
삼성전자,2025-09-29,2026-03-03,2020-08-18,2021-01-13,0.990560930395167,-0.09030100334448166,-0.1430035879036392
삼성전자,2025-09-29,2026-03-03,2020-08-19,2021-01-14,0.9910788847180583,-0.06131549609810483,-0.1430035879036392
삼성전자,2025-09-29,2026-03-03,2020-08-20,2021-01-15,0.9905238072078779,-0.035227272727272774,-0.1430035879036392
삼성전자,2025-09-29,2026-03-03,2020-08-21,2021-01-18,0.9894700932853457,-0.02117647058823524,-0.1430035879036392
삼성전자,2025-09-29,2026-03-03,2020-08-24,2021-01-19,0.9881892328892117,-0.056321839080459735,-0.1430035879036392
삼성전자,2025-09-29,2026-03-03,2020-08-25,2021-01-20,0.9868279536710659,-0.05275229357798161,-0.1430035879036392
삼성전자,2025-09-29,2026-03-03,2020-08-26,2021-01-21,0.9853579842371337,-0.06696935300794549,-0.1430035879036392
삼성전자,2025-09-29,2026-03-03,2020-08-27,2021-01-22,0.9843017559849249,-0.055299539170506895,-0.1430035879036392
삼성전자,2025-09-29,2026-03-03,2020-08-28,2021-01-25,0.9836696919020104,-0.08277404921700227,-0.1430035879036392
삼성전자,2025-09-29,2026-03-03,2020-08-31,2021-01-26,0.9829900854358371,-0.016147635524798143,-0.1430035879036392
삼성전자,2025-09-29,2026-03-03,2020-09-01,2021-01-27,0.9813513065868225,-0.03621495327102808,-0.1430035879036392
삼성전자,2025-09-30,2026-03-04,2020-08-11,2021-01-07,0.982368935791653,-0.004825090470446325,0.10104529616724744
삼성전자,2025-09-30,2026-03-04,2020-08-12,2021-01-08,0.9817754354456604,-0.059684684684684686,0.10104529616724744
삼성전자,2025-09-30,2026-03-04,2020-08-13,2021-01-11,0.9811038327003534,-0.08791208791208793,0.10104529616724744
삼성전자,2025-09-30,2026-03-04,2020-08-14,2021-01-12,0.9835096562236789,-0.08719646799116998,0.10104529616724744
삼성전자,2025-09-30,2026-03-04,2020-08-18,2021-01-13,0.9863903052657754,-0.09030100334448166,0.10104529616724744
삼성전자,2025-09-30,2026-03-04,2020-08-19,2021-01-14,0.987949449655917,-0.06131549609810483,0.10104529616724744
삼성전자,2025-09-30,2026-03-04,2020-08-20,2021-01-15,0.9896181019229444,-0.035227272727272774,0.10104529616724744
삼성전자,2025-09-30,2026-03-04,2020-08-21,2021-01-18,0.9900713631485581,-0.02117647058823524,0.10104529616724744
삼성전자,2025-09-30,2026-03-04,2020-08-24,2021-01-19,0.9887272324739776,-0.056321839080459735,0.10104529616724744
삼성전자,2025-09-30,2026-03-04,2020-08-25,2021-01-20,0.9876542348215305,-0.05275229357798161,0.10104529616724744
삼성전자,2025-09-30,2026-03-04,2020-08-26,2021-01-21,0.9863179689170714,-0.06696935300794549,0.10104529616724744
삼성전자,2025-09-30,2026-03-04,2020-08-27,2021-01-22,0.985345449514399,-0.055299539170506895,0.10104529616724744
삼성전자,2025-09-30,2026-03-04,2020-08-28,2021-01-25,0.9838570253810073,-0.08277404921700227,0.10104529616724744
삼성전자,2025-09-30,2026-03-04,2020-08-31,2021-01-26,0.9838717518622053,-0.016147635524798143,0.10104529616724744
삼성전자,2025-09-30,2026-03-04,2020-09-01,2021-01-27,0.9832629108008148,-0.03621495327102808,0.10104529616724744
삼성전자,2025-09-30,2026-03-04,2020-09-02,2021-01-28,0.981761299608612,-0.0011947431302270495,0.10104529616724744
삼성전자,2025-10-01,2026-03-05,2020-08-12,2021-01-08,0.9801355106904224,-0.059684684684684686,-0.06889352818371608
삼성전자,2025-10-01,2026-03-05,2020-08-18,2021-01-13,0.983113451257691,-0.09030100334448166,-0.06889352818371608
삼성전자,2025-10-01,2026-03-05,2020-08-19,2021-01-14,0.9864562914895552,-0.06131549609810483,-0.06889352818371608
삼성전자,2025-10-01,2026-03-05,2020-08-20,2021-01-15,0.9885559044109657,-0.035227272727272774,-0.06889352818371608
삼성전자,2025-10-01,2026-03-05,2020-08-21,2021-01-18,0.9902359463861373,-0.02117647058823524,-0.06889352818371608
삼성전자,2025-10-01,2026-03-05,2020-08-24,2021-01-19,0.9905279376678343,-0.056321839080459735,-0.06889352818371608
삼성전자,2025-10-01,2026-03-05,2020-08-25,2021-01-20,0.9891488338327326,-0.05275229357798161,-0.06889352818371608
삼성전자,2025-10-01,2026-03-05,2020-08-26,2021-01-21,0.9880029138557841,-0.06696935300794549,-0.06889352818371608
삼성전자,2025-10-01,2026-03-05,2020-08-27,2021-01-22,0.9866167926163145,-0.055299539170506895,-0.06889352818371608
삼성전자,2025-10-01,2026-03-05,2020-08-28,2021-01-25,0.9854300957117788,-0.08277404921700227,-0.06889352818371608
삼성전자,2025-10-01,2026-03-05,2020-08-31,2021-01-26,0.9837871040062762,-0.016147635524798143,-0.06889352818371608
삼성전자,2025-10-01,2026-03-05,2020-09-01,2021-01-27,0.9834552872649801,-0.03621495327102808,-0.06889352818371608
삼성전자,2025-10-01,2026-03-05,2020-09-02,2021-01-28,0.9824629274358199,-0.0011947431302270495,-0.06889352818371608
삼성전자,2025-10-02,2026-03-06,2020-08-19,2021-01-14,0.9820598675381683,-0.06131549609810483,-0.01062699256110522
삼성전자,2025-10-02,2026-03-06,2020-08-20,2021-01-15,0.9860969760108662,-0.035227272727272774,-0.01062699256110522
삼성전자,2025-10-02,2026-03-06,2020-08-21,2021-01-18,0.9883664625642369,-0.02117647058823524,-0.01062699256110522
삼성전자,2025-10-02,2026-03-06,2020-08-24,2021-01-19,0.9897798458885755,-0.056321839080459735,-0.01062699256110522
삼성전자,2025-10-02,2026-03-06,2020-08-25,2021-01-20,0.9900023077296696,-0.05275229357798161,-0.01062699256110522
삼성전자,2025-10-02,2026-03-06,2020-08-26,2021-01-21,0.9884810412078034,-0.06696935300794549,-0.01062699256110522
삼성전자,2025-10-02,2026-03-06,2020-08-27,2021-01-22,0.9873127316081431,-0.055299539170506895,-0.01062699256110522
삼성전자,2025-10-02,2026-03-06,2020-08-28,2021-01-25,0.9855482679149314,-0.08277404921700227,-0.01062699256110522
삼성전자,2025-10-02,2026-03-06,2020-08-31,2021-01-26,0.9842787575642006,-0.016147635524798143,-0.01062699256110522
삼성전자,2025-10-02,2026-03-06,2020-09-01,2021-01-27,0.982451289767591,-0.03621495327102808,-0.01062699256110522
삼성전자,2025-10-02,2026-03-06,2020-09-02,2021-01-28,0.9818075797916384,-0.0011947431302270495,-0.01062699256110522
삼성전자,2025-10-02,2026-03-06,2020-09-03,2021-01-29,0.9808461882375868,0.024390243902439046,-0.01062699256110522
삼성전자,2025-10-10,2026-03-09,2020-08-21,2021-01-18,0.9842284039532443,-0.02117647058823524,0.11296829971181555
삼성전자,2025-10-10,2026-03-09,2020-08-24,2021-01-19,0.9860081564400547,-0.056321839080459735,0.11296829971181555
삼성전자,2025-10-10,2026-03-09,2020-08-25,2021-01-20,0.987469226083195,-0.05275229357798161,0.11296829971181555
삼성전자,2025-10-10,2026-03-09,2020-08-26,2021-01-21,0.9875415629375964,-0.06696935300794549,0.11296829971181555
삼성전자,2025-10-10,2026-03-09,2020-08-27,2021-01-22,0.9863698086856877,-0.055299539170506895,0.11296829971181555
삼성전자,2025-10-10,2026-03-09,2020-08-28,2021-01-25,0.9845161411110661,-0.08277404921700227,0.11296829971181555
삼성전자,2025-10-10,2026-03-09,2020-08-31,2021-01-26,0.9832653647803775,-0.016147635524798143,0.11296829971181555
삼성전자,2025-10-10,2026-03-09,2020-09-01,2021-01-27,0.9822973102075645,-0.03621495327102808,0.11296829971181555
삼성전자,2025-10-10,2026-03-09,2020-09-02,2021-01-28,0.980518957642879,-0.0011947431302270495,0.11296829971181555
삼성전자,2025-10-10,2026-03-09,2020-09-03,2021-01-29,0.9811459856642961,0.024390243902439046,0.11296829971181555
삼성전자,2025-10-13,2026-03-10,2020-08-24,2021-01-19,0.984542254858672,-0.056321839080459735,0.045769026077700836
삼성전자,2025-10-13,2026-03-10,2020-08-25,2021-01-20,0.9863304084964704,-0.05275229357798161,0.045769026077700836
삼성전자,2025-10-13,2026-03-10,2020-08-26,2021-01-21,0.9877279609626832,-0.06696935300794549,0.045769026077700836
삼성전자,2025-10-13,2026-03-10,2020-08-27,2021-01-22,0.9879728871786343,-0.055299539170506895,0.045769026077700836
삼성전자,2025-10-13,2026-03-10,2020-08-28,2021-01-25,0.9866542897493208,-0.08277404921700227,0.045769026077700836
삼성전자,2025-10-13,2026-03-10,2020-08-31,2021-01-26,0.9850558486503704,-0.016147635524798143,0.045769026077700836
삼성전자,2025-10-13,2026-03-10,2020-09-01,2021-01-27,0.9841680729920649,-0.03621495327102808,0.045769026077700836
삼성전자,2025-10-13,2026-03-10,2020-09-02,2021-01-28,0.9830275094403157,-0.0011947431302270495,0.045769026077700836
삼성전자,2025-10-13,2026-03-10,2020-09-03,2021-01-29,0.9821092716493902,0.024390243902439046,0.045769026077700836
삼성전자,2025-10-13,2026-03-10,2020-09-04,2021-02-01,0.9813872754070443,-0.0072289156626506035,0.045769026077700836
삼성전자,2025-10-13,2026-03-10,2020-09-07,2021-02-02,0.980386615316438,-0.027251184834123254,0.045769026077700836
삼성전자,2025-10-14,2026-03-11,2020-08-24,2021-01-19,0.9804544797038292,-0.056321839080459735,0.10789473684210527
삼성전자,2025-10-14,2026-03-11,2020-08-25,2021-01-20,0.9849588182969351,-0.05275229357798161,0.10789473684210527
삼성전자,2025-10-14,2026-03-11,2020-08-26,2021-01-21,0.9866748755548632,-0.06696935300794549,0.10789473684210527
삼성전자,2025-10-14,2026-03-11,2020-08-27,2021-01-22,0.9881842438941196,-0.055299539170506895,0.10789473684210527
삼성전자,2025-10-14,2026-03-11,2020-08-28,2021-01-25,0.9882245379525633,-0.08277404921700227,0.10789473684210527
삼성전자,2025-10-14,2026-03-11,2020-08-31,2021-01-26,0.9871313149809169,-0.016147635524798143,0.10789473684210527
삼성전자,2025-10-14,2026-03-11,2020-09-01,2021-01-27,0.9858423339234669,-0.03621495327102808,0.10789473684210527
삼성전자,2025-10-14,2026-03-11,2020-09-02,2021-01-28,0.9847748968140182,-0.0011947431302270495,0.10789473684210527
삼성전자,2025-10-14,2026-03-11,2020-09-03,2021-01-29,0.9842755791690099,0.024390243902439046,0.10789473684210527
삼성전자,2025-10-14,2026-03-11,2020-09-04,2021-02-01,0.9823057641926752,-0.0072289156626506035,0.10789473684210527
삼성전자,2025-10-14,2026-03-11,2020-09-07,2021-02-02,0.9819759778310811,-0.027251184834123254,0.10789473684210527
삼성전자,2025-10-14,2026-03-11,2020-09-08,2021-02-03,0.9807872808205864,-0.030732860520094607,0.10789473684210527
삼성전자,2025-10-15,2026-03-12,2020-08-26,2021-01-21,0.9824486581415078,-0.06696935300794549,0.08568387440127734
삼성전자,2025-10-15,2026-03-12,2020-08-27,2021-01-22,0.9842407344090716,-0.055299539170506895,0.08568387440127734
삼성전자,2025-10-15,2026-03-12,2020-08-28,2021-01-25,0.9852817036090394,-0.08277404921700227,0.08568387440127734
삼성전자,2025-10-15,2026-03-12,2020-08-31,2021-01-26,0.9853994199953396,-0.016147635524798143,0.08568387440127734
삼성전자,2025-10-15,2026-03-12,2020-09-01,2021-01-27,0.9844984662992123,-0.03621495327102808,0.08568387440127734
삼성전자,2025-10-15,2026-03-12,2020-09-02,2021-01-28,0.9829810592968009,-0.0011947431302270495,0.08568387440127734
삼성전자,2025-10-15,2026-03-12,2020-09-03,2021-01-29,0.9836522935587175,0.024390243902439046,0.08568387440127734
삼성전자,2025-10-15,2026-03-12,2020-09-04,2021-02-01,0.9819577657400833,-0.0072289156626506035,0.08568387440127734
삼성전자,2025-10-15,2026-03-12,2020-09-07,2021-02-02,0.980982208810551,-0.027251184834123254,0.08568387440127734
삼성전자,2025-10-15,2026-03-12,2020-09-08,2021-02-03,0.9804464427394315,-0.030732860520094607,0.08568387440127734
삼성전자,2025-10-16,2026-03-13,2020-08-27,2021-01-22,0.9827838103668829,-0.055299539170506895,0.12261580381471382
삼성전자,2025-10-16,2026-03-13,2020-08-28,2021-01-25,0.9841327085826574,-0.08277404921700227,0.12261580381471382
삼성전자,2025-10-16,2026-03-13,2020-08-31,2021-01-26,0.9856190711514161,-0.016147635524798143,0.12261580381471382
삼성전자,2025-10-16,2026-03-13,2020-09-01,2021-01-27,0.9862918307752195,-0.03621495327102808,0.12261580381471382
삼성전자,2025-10-16,2026-03-13,2020-09-02,2021-01-28,0.9854198628734503,-0.0011947431302270495,0.12261580381471382
삼성전자,2025-10-16,2026-03-13,2020-09-03,2021-01-29,0.9856492676110937,0.024390243902439046,0.12261580381471382
삼성전자,2025-10-16,2026-03-13,2020-09-04,2021-02-01,0.9840579960833329,-0.0072289156626506035,0.12261580381471382
삼성전자,2025-10-16,2026-03-13,2020-09-07,2021-02-02,0.9835166043334709,-0.027251184834123254,0.12261580381471382
삼성전자,2025-10-16,2026-03-13,2020-09-08,2021-02-03,0.9815905454182896,-0.030732860520094607,0.12261580381471382
삼성전자,2025-10-16,2026-03-13,2020-09-09,2021-02-04,0.9808636448356041,-0.013333333333333308,0.12261580381471382
삼성전자,2025-10-17,2026-03-16,2020-08-28,2021-01-25,0.9829638389196275,-0.08277404921700227,0.06518282988871227
삼성전자,2025-10-17,2026-03-16,2020-08-31,2021-01-26,0.9846058767696163,-0.016147635524798143,0.06518282988871227
삼성전자,2025-10-17,2026-03-16,2020-09-01,2021-01-27,0.9865142876908927,-0.03621495327102808,0.06518282988871227
삼성전자,2025-10-17,2026-03-16,2020-09-02,2021-01-28,0.9870909334731832,-0.0011947431302270495,0.06518282988871227
삼성전자,2025-10-17,2026-03-16,2020-09-03,2021-01-29,0.9876522979161103,0.024390243902439046,0.06518282988871227
삼성전자,2025-10-17,2026-03-16,2020-09-04,2021-02-01,0.9859100560590814,-0.0072289156626506035,0.06518282988871227
삼성전자,2025-10-17,2026-03-16,2020-09-07,2021-02-02,0.9853216697160301,-0.027251184834123254,0.06518282988871227
삼성전자,2025-10-17,2026-03-16,2020-09-08,2021-02-03,0.9840130051826307,-0.030732860520094607,0.06518282988871227
삼성전자,2025-10-17,2026-03-16,2020-09-09,2021-02-04,0.9817954000385241,-0.013333333333333308,0.06518282988871227
삼성전자,2025-10-17,2026-03-16,2020-09-10,2021-02-05,0.9811824069128868,-0.03113772455089825,0.06518282988871227
삼성전자,2025-10-20,2026-03-17,2020-08-31,2021-01-26,0.983547014928785,-0.016147635524798143,0.06498194945848379
삼성전자,2025-10-20,2026-03-17,2020-09-01,2021-01-27,0.98547328786896,-0.03621495327102808,0.06498194945848379
삼성전자,2025-10-20,2026-03-17,2020-09-02,2021-01-28,0.9871678159199855,-0.0011947431302270495,0.06498194945848379
삼성전자,2025-10-20,2026-03-17,2020-09-03,2021-01-29,0.9888330621539819,0.024390243902439046,0.06498194945848379
삼성전자,2025-10-20,2026-03-17,2020-09-04,2021-02-01,0.9877316162429433,-0.0072289156626506035,0.06498194945848379
삼성전자,2025-10-20,2026-03-17,2020-09-07,2021-02-02,0.9868306767518646,-0.027251184834123254,0.06498194945848379
삼성전자,2025-10-20,2026-03-17,2020-09-08,2021-02-03,0.9856638166176923,-0.030732860520094607,0.06498194945848379
삼성전자,2025-10-20,2026-03-17,2020-09-09,2021-02-04,0.9839756514527067,-0.013333333333333308,0.06498194945848379
삼성전자,2025-10-20,2026-03-17,2020-09-10,2021-02-05,0.9819421509428091,-0.03113772455089825,0.06498194945848379
삼성전자,2025-10-20,2026-03-17,2020-09-11,2021-02-08,0.9812195125457212,-0.012048192771084376,0.06498194945848379
삼성전자,2025-10-21,2026-03-18,2020-09-01,2021-01-27,0.9840824349585107,-0.03621495327102808,0.011990407673860837
삼성전자,2025-10-21,2026-03-18,2020-09-02,2021-01-28,0.9854840293370066,-0.0011947431302270495,0.011990407673860837
삼성전자,2025-10-21,2026-03-18,2020-09-03,2021-01-29,0.9876985254682539,0.024390243902439046,0.011990407673860837
삼성전자,2025-10-21,2026-03-18,2020-09-04,2021-02-01,0.9881094654060906,-0.0072289156626506035,0.011990407673860837
삼성전자,2025-10-21,2026-03-18,2020-09-07,2021-02-02,0.9878050853160295,-0.027251184834123254,0.011990407673860837
삼성전자,2025-10-21,2026-03-18,2020-09-08,2021-02-03,0.9864936405293137,-0.030732860520094607,0.011990407673860837
삼성전자,2025-10-21,2026-03-18,2020-09-09,2021-02-04,0.9846391871660416,-0.013333333333333308,0.011990407673860837
삼성전자,2025-10-21,2026-03-18,2020-09-10,2021-02-05,0.9832184978794882,-0.03113772455089825,0.011990407673860837
삼성전자,2025-10-21,2026-03-18,2020-09-11,2021-02-08,0.9810164822906904,-0.012048192771084376,0.011990407673860837
삼성전자,2025-10-21,2026-03-18,2020-09-14,2021-02-09,0.9801019286166832,0.0012091898428052694,0.011990407673860837
삼성전자,2025-10-22,2026-03-19,2020-09-01,2021-01-27,0.9808480001690175,-0.03621495327102808,0.08478802992518708
삼성전자,2025-10-22,2026-03-19,2020-09-02,2021-01-28,0.9846017048555613,-0.0011947431302270495,0.08478802992518708
삼성전자,2025-10-22,2026-03-19,2020-09-03,2021-01-29,0.9864085158025775,0.024390243902439046,0.08478802992518708
삼성전자,2025-10-22,2026-03-19,2020-09-04,2021-02-01,0.9876635799793687,-0.0072289156626506035,0.08478802992518708
삼성전자,2025-10-22,2026-03-19,2020-09-07,2021-02-02,0.988479396874852,-0.027251184834123254,0.08478802992518708
삼성전자,2025-10-22,2026-03-19,2020-09-08,2021-02-03,0.9879406092735685,-0.030732860520094607,0.08478802992518708
삼성전자,2025-10-22,2026-03-19,2020-09-09,2021-02-04,0.9862435579402147,-0.013333333333333308,0.08478802992518708
삼성전자,2025-10-22,2026-03-19,2020-09-10,2021-02-05,0.9845795240556007,-0.03113772455089825,0.08478802992518708
삼성전자,2025-10-22,2026-03-19,2020-09-11,2021-02-08,0.9830576577604265,-0.012048192771084376,0.08478802992518708
삼성전자,2025-10-22,2026-03-19,2020-09-14,2021-02-09,0.9807650624844659,0.0012091898428052694,0.08478802992518708
삼성전자,2025-10-23,2026-03-20,2020-09-02,2021-01-28,0.9814842824500116,-0.0011947431302270495,0.08324974924774331
삼성전자,2025-10-23,2026-03-20,2020-09-03,2021-01-29,0.9853285500261497,0.024390243902439046,0.08324974924774331
삼성전자,2025-10-23,2026-03-20,2020-09-04,2021-02-01,0.9865381127731683,-0.0072289156626506035,0.08324974924774331
삼성전자,2025-10-23,2026-03-20,2020-09-07,2021-02-02,0.9878752665907401,-0.027251184834123254,0.08324974924774331
삼성전자,2025-10-23,2026-03-20,2020-09-08,2021-02-03,0.9886709401645446,-0.030732860520094607,0.08324974924774331
삼성전자,2025-10-23,2026-03-20,2020-09-09,2021-02-04,0.9878023191269142,-0.013333333333333308,0.08324974924774331
삼성전자,2025-10-23,2026-03-20,2020-09-10,2021-02-05,0.9862710589092366,-0.03113772455089825,0.08324974924774331
삼성전자,2025-10-23,2026-03-20,2020-09-11,2021-02-08,0.984528994303346,-0.012048192771084376,0.08324974924774331
삼성전자,2025-10-23,2026-03-20,2020-09-14,2021-02-09,0.982916361573752,0.0012091898428052694,0.08324974924774331
삼성전자,2025-10-23,2026-03-20,2020-09-15,2021-02-10,0.9804420128660751,0.002450980392156854,0.08324974924774331
삼성전자,2025-10-24,2026-03-23,2020-09-03,2021-01-29,0.9820419945298037,0.024390243902439046,0.15136876006441224
삼성전자,2025-10-24,2026-03-23,2020-09-04,2021-02-01,0.9857009814278216,-0.0072289156626506035,0.15136876006441224
삼성전자,2025-10-24,2026-03-23,2020-09-07,2021-02-02,0.986467805108253,-0.027251184834123254,0.15136876006441224
삼성전자,2025-10-24,2026-03-23,2020-09-08,2021-02-03,0.9880921131280939,-0.030732860520094607,0.15136876006441224
삼성전자,2025-10-24,2026-03-23,2020-09-09,2021-02-04,0.988969477720192,-0.013333333333333308,0.15136876006441224
삼성전자,2025-10-24,2026-03-23,2020-09-10,2021-02-05,0.9881299679592032,-0.03113772455089825,0.15136876006441224
삼성전자,2025-10-24,2026-03-23,2020-09-11,2021-02-08,0.9866483197776774,-0.012048192771084376,0.15136876006441224
삼성전자,2025-10-24,2026-03-23,2020-09-14,2021-02-09,0.9848965124462188,0.0012091898428052694,0.15136876006441224
삼성전자,2025-10-24,2026-03-23,2020-09-15,2021-02-10,0.9833040952477066,0.002450980392156854,0.15136876006441224
삼성전자,2025-10-24,2026-03-23,2020-09-16,2021-02-15,0.9811314875465394,-0.016627078384798155,0.15136876006441224
삼성전자,2025-10-24,2026-03-23,2020-09-17,2021-02-16,0.9805894087608669,-0.03062426383981154,0.15136876006441224
삼성전자,2025-10-24,2026-03-23,2025-04-04,2025-08-29,0.9802796658841744,0.19512195121951215,0.15136876006441224
삼성전자,2025-10-24,2026-03-23,2025-04-07,2025-09-01,0.9804943280946251,0.24556213017751483,0.15136876006441224
삼성전자,2025-10-27,2026-03-24,2020-09-04,2021-02-01,0.9825091691185597,-0.0072289156626506035,0.15445440168687408
삼성전자,2025-10-27,2026-03-24,2020-09-07,2021-02-02,0.9853787284215162,-0.027251184834123254,0.15445440168687408
삼성전자,2025-10-27,2026-03-24,2020-09-08,2021-02-03,0.9867343215373136,-0.030732860520094607,0.15445440168687408
삼성전자,2025-10-27,2026-03-24,2020-09-09,2021-02-04,0.9883522481219534,-0.013333333333333308,0.15445440168687408
삼성전자,2025-10-27,2026-03-24,2020-09-10,2021-02-05,0.9892378160491317,-0.03113772455089825,0.15445440168687408
삼성전자,2025-10-27,2026-03-24,2020-09-11,2021-02-08,0.9883975115250856,-0.012048192771084376,0.15445440168687408
삼성전자,2025-10-27,2026-03-24,2020-09-14,2021-02-09,0.9868940245246098,0.0012091898428052694,0.15445440168687408
삼성전자,2025-10-27,2026-03-24,2020-09-15,2021-02-10,0.9851099118819496,0.002450980392156854,0.15445440168687408
삼성전자,2025-10-27,2026-03-24,2020-09-16,2021-02-15,0.9838320945217816,-0.016627078384798155,0.15445440168687408
삼성전자,2025-10-27,2026-03-24,2020-09-17,2021-02-16,0.981729869731352,-0.03062426383981154,0.15445440168687408
삼성전자,2025-10-27,2026-03-24,2020-09-18,2021-02-17,0.9809282345616949,-0.0036057692307692735,0.15445440168687408
삼성전자,2025-10-27,2026-03-24,2025-04-07,2025-09-01,0.9807043893736661,0.24556213017751483,0.15445440168687408
삼성전자,2025-10-27,2026-03-24,2025-04-08,2025-09-02,0.9809297654714141,0.2141823444283646,0.15445440168687408
삼성전자,2025-10-28,2026-03-25,2020-09-07,2021-02-02,0.9819003483215043,-0.027251184834123254,0.1507936507936507
삼성전자,2025-10-28,2026-03-25,2020-09-08,2021-02-03,0.9856628740798343,-0.030732860520094607,0.1507936507936507
삼성전자,2025-10-28,2026-03-25,2020-09-09,2021-02-04,0.9870322703718868,-0.013333333333333308,0.1507936507936507
삼성전자,2025-10-28,2026-03-25,2020-09-10,2021-02-05,0.9886383895994628,-0.03113772455089825,0.1507936507936507
삼성전자,2025-10-28,2026-03-25,2020-09-11,2021-02-08,0.9894726036728867,-0.012048192771084376,0.1507936507936507
삼성전자,2025-10-28,2026-03-25,2020-09-14,2021-02-09,0.9886131830936453,0.0012091898428052694,0.1507936507936507
삼성전자,2025-10-28,2026-03-25,2020-09-15,2021-02-10,0.9870572436284939,0.002450980392156854,0.1507936507936507
삼성전자,2025-10-28,2026-03-25,2020-09-16,2021-02-15,0.9855288371148654,-0.016627078384798155,0.1507936507936507
삼성전자,2025-10-28,2026-03-25,2020-09-17,2021-02-16,0.9842925969475618,-0.03062426383981154,0.1507936507936507
삼성전자,2025-10-28,2026-03-25,2020-09-18,2021-02-17,0.9820508695772117,-0.0036057692307692735,0.1507936507936507
삼성전자,2025-10-28,2026-03-25,2020-09-21,2021-02-18,0.9811114539592267,-0.0024360535931789995,0.1507936507936507
삼성전자,2025-10-28,2026-03-25,2025-04-04,2025-08-29,0.9809766555084531,0.19512195121951215,0.1507936507936507
삼성전자,2025-10-28,2026-03-25,2025-04-07,2025-09-01,0.9803494804073374,0.24556213017751483,0.1507936507936507
삼성전자,2025-10-28,2026-03-25,2025-04-08,2025-09-02,0.9811938283711519,0.2141823444283646,0.1507936507936507
삼성전자,2025-10-28,2026-03-25,2025-04-09,2025-09-03,0.981426500782319,0.2320916905444126,0.1507936507936507
삼성전자,2025-10-28,2026-03-25,2025-04-10,2025-09-04,0.9813543140312775,0.26961483594864477,0.1507936507936507
삼성전자,2025-10-28,2026-03-25,2025-04-11,2025-09-05,0.9804026807188592,0.3582733812949641,0.1507936507936507
삼성전자,2025-10-28,2026-03-25,2025-04-14,2025-09-08,0.9803577274175852,0.3309557774607703,0.1507936507936507
삼성전자,2025-10-29,2026-03-26,2020-09-08,2021-02-03,0.9818717757702312,-0.030732860520094607,0.24652970571904498
삼성전자,2025-10-29,2026-03-26,2020-09-09,2021-02-04,0.9859331201902959,-0.013333333333333308,0.24652970571904498
삼성전자,2025-10-29,2026-03-26,2020-09-10,2021-02-05,0.9872261114749005,-0.03113772455089825,0.24652970571904498
삼성전자,2025-10-29,2026-03-26,2020-09-11,2021-02-08,0.9888646049114376,-0.012048192771084376,0.24652970571904498
삼성전자,2025-10-29,2026-03-26,2020-09-14,2021-02-09,0.9896933007086917,0.0012091898428052694,0.24652970571904498
삼성전자,2025-10-29,2026-03-26,2020-09-15,2021-02-10,0.9889285476577087,0.002450980392156854,0.24652970571904498
삼성전자,2025-10-29,2026-03-26,2020-09-16,2021-02-15,0.9874130517052713,-0.016627078384798155,0.24652970571904498
삼성전자,2025-10-29,2026-03-26,2020-09-17,2021-02-16,0.9858925743434046,-0.03062426383981154,0.24652970571904498
삼성전자,2025-10-29,2026-03-26,2020-09-18,2021-02-17,0.9846430227502615,-0.0036057692307692735,0.24652970571904498
삼성전자,2025-10-29,2026-03-26,2020-09-21,2021-02-18,0.9824094761594799,-0.0024360535931789995,0.24652970571904498
삼성전자,2025-10-29,2026-03-26,2020-09-22,2021-02-19,0.9814938320405149,-0.007263922518159771,0.24652970571904498
삼성전자,2025-10-29,2026-03-26,2025-04-02,2025-08-27,0.9804661797948939,0.2096317280453257,0.24652970571904498
삼성전자,2025-10-29,2026-03-26,2025-04-03,2025-08-28,0.9800058071674405,0.23706896551724133,0.24652970571904498
삼성전자,2025-10-29,2026-03-26,2025-04-04,2025-08-29,0.9808722629425128,0.19512195121951215,0.24652970571904498
삼성전자,2025-10-29,2026-03-26,2025-04-07,2025-09-01,0.9815741003303217,0.24556213017751483,0.24652970571904498
삼성전자,2025-10-29,2026-03-26,2025-04-08,2025-09-02,0.98074930948405,0.2141823444283646,0.24652970571904498
삼성전자,2025-10-29,2026-03-26,2025-04-09,2025-09-03,0.9815214441865638,0.2320916905444126,0.24652970571904498
삼성전자,2025-10-29,2026-03-26,2025-04-10,2025-09-04,0.9830175546254734,0.26961483594864477,0.24652970571904498
삼성전자,2025-10-29,2026-03-26,2025-04-11,2025-09-05,0.9818437293016036,0.3582733812949641,0.24652970571904498
삼성전자,2025-10-29,2026-03-26,2025-04-14,2025-09-08,0.9807574319213666,0.3309557774607703,0.24652970571904498
삼성전자,2025-10-29,2026-03-26,2025-04-15,2025-09-09,0.9806173727165788,0.28111888111888117,0.24652970571904498
삼성전자,2025-10-30,2026-03-27,2020-09-09,2021-02-04,0.9821895541724415,-0.013333333333333308,0.22148024485253193
삼성전자,2025-10-30,2026-03-27,2020-09-10,2021-02-05,0.9861127410720131,-0.03113772455089825,0.22148024485253193
삼성전자,2025-10-30,2026-03-27,2020-09-11,2021-02-08,0.9874472128146322,-0.012048192771084376,0.22148024485253193
삼성전자,2025-10-30,2026-03-27,2020-09-14,2021-02-09,0.9890722510356816,0.0012091898428052694,0.22148024485253193
삼성전자,2025-10-30,2026-03-27,2020-09-15,2021-02-10,0.9899656476825252,0.002450980392156854,0.22148024485253193
삼성전자,2025-10-30,2026-03-27,2020-09-16,2021-02-15,0.9891900615744502,-0.016627078384798155,0.22148024485253193
삼성전자,2025-10-30,2026-03-27,2020-09-17,2021-02-16,0.9876773249173235,-0.03062426383981154,0.22148024485253193
삼성전자,2025-10-30,2026-03-27,2020-09-18,2021-02-17,0.9861878289892517,-0.0036057692307692735,0.22148024485253193
삼성전자,2025-10-30,2026-03-27,2020-09-21,2021-02-18,0.984945687897242,-0.0024360535931789995,0.22148024485253193
삼성전자,2025-10-30,2026-03-27,2020-09-22,2021-02-19,0.98275836332221,-0.007263922518159771,0.22148024485253193
삼성전자,2025-10-30,2026-03-27,2020-09-23,2021-02-22,0.9818320192838366,-0.0048661800486617945,0.22148024485253193
삼성전자,2025-10-30,2026-03-27,2020-09-24,2021-02-23,0.9801651366377795,-0.012195121951219523,0.22148024485253193
삼성전자,2025-10-30,2026-03-27,2025-04-02,2025-08-27,0.9800380950911534,0.2096317280453257,0.22148024485253193
삼성전자,2025-10-30,2026-03-27,2025-04-03,2025-08-28,0.9817624705483396,0.23706896551724133,0.22148024485253193
삼성전자,2025-10-30,2026-03-27,2025-04-04,2025-08-29,0.9808403258115667,0.19512195121951215,0.22148024485253193
삼성전자,2025-10-30,2026-03-27,2025-04-07,2025-09-01,0.9814379855943189,0.24556213017751483,0.22148024485253193
삼성전자,2025-10-30,2026-03-27,2025-04-08,2025-09-02,0.9819309568616736,0.2141823444283646,0.22148024485253193
삼성전자,2025-10-30,2026-03-27,2025-04-09,2025-09-03,0.9810559055333068,0.2320916905444126,0.22148024485253193
삼성전자,2025-10-30,2026-03-27,2025-04-10,2025-09-04,0.9826137716879755,0.26961483594864477,0.22148024485253193
삼성전자,2025-10-30,2026-03-27,2025-04-11,2025-09-05,0.9834194990147185,0.3582733812949641,0.22148024485253193
삼성전자,2025-10-30,2026-03-27,2025-04-14,2025-09-08,0.982124502961296,0.3309557774607703,0.22148024485253193
삼성전자,2025-10-30,2026-03-27,2025-04-15,2025-09-09,0.9809270181952179,0.28111888111888117,0.22148024485253193
삼성전자,2025-10-30,2026-03-27,2025-04-16,2025-09-10,0.9806206375360377,0.3085399449035813,0.22148024485253193
삼성전자,2025-10-31,2026-03-30,2020-09-10,2021-02-05,0.9823095413714807,-0.03113772455089825,0.27339761769710713
삼성전자,2025-10-31,2026-03-30,2020-09-11,2021-02-08,0.986225974338446,-0.012048192771084376,0.27339761769710713
삼성전자,2025-10-31,2026-03-30,2020-09-14,2021-02-09,0.9875851228601266,0.0012091898428052694,0.27339761769710713
삼성전자,2025-10-31,2026-03-30,2020-09-15,2021-02-10,0.9892674307665945,0.002450980392156854,0.27339761769710713
삼성전자,2025-10-31,2026-03-30,2020-09-16,2021-02-15,0.9900093368552636,-0.016627078384798155,0.27339761769710713
삼성전자,2025-10-31,2026-03-30,2020-09-17,2021-02-16,0.9892069676327665,-0.03062426383981154,0.27339761769710713
삼성전자,2025-10-31,2026-03-30,2020-09-18,2021-02-17,0.9878506514776473,-0.0036057692307692735,0.27339761769710713
삼성전자,2025-10-31,2026-03-30,2020-09-21,2021-02-18,0.9864312872935052,-0.0024360535931789995,0.27339761769710713
삼성전자,2025-10-31,2026-03-30,2020-09-22,2021-02-19,0.985209132793887,-0.007263922518159771,0.27339761769710713
삼성전자,2025-10-31,2026-03-30,2020-09-23,2021-02-22,0.9830890451990354,-0.0048661800486617945,0.27339761769710713
삼성전자,2025-10-31,2026-03-30,2020-09-24,2021-02-23,0.9821633568115954,-0.012195121951219523,0.27339761769710713
삼성전자,2025-10-31,2026-03-30,2020-09-25,2021-02-24,0.9805515308677055,-0.009756097560975618,0.27339761769710713
삼성전자,2025-10-31,2026-03-30,2025-04-03,2025-08-28,0.9808969696885581,0.23706896551724133,0.27339761769710713
삼성전자,2025-10-31,2026-03-30,2025-04-04,2025-08-29,0.9821912933113077,0.19512195121951215,0.27339761769710713
삼성전자,2025-10-31,2026-03-30,2025-04-07,2025-09-01,0.9812730439070384,0.24556213017751483,0.27339761769710713
삼성전자,2025-10-31,2026-03-30,2025-04-08,2025-09-02,0.9817380330750543,0.2141823444283646,0.27339761769710713
삼성전자,2025-10-31,2026-03-30,2025-04-09,2025-09-03,0.9821038003277089,0.2320916905444126,0.27339761769710713
삼성전자,2025-10-31,2026-03-30,2025-04-10,2025-09-04,0.9816016163169485,0.26961483594864477,0.27339761769710713
삼성전자,2025-10-31,2026-03-30,2025-04-11,2025-09-05,0.9828334545594428,0.3582733812949641,0.27339761769710713
삼성전자,2025-10-31,2026-03-30,2025-04-14,2025-09-08,0.9835171130787854,0.3309557774607703,0.27339761769710713
삼성전자,2025-10-31,2026-03-30,2025-04-15,2025-09-09,0.9819802276233369,0.28111888111888117,0.27339761769710713
삼성전자,2025-10-31,2026-03-30,2025-04-16,2025-09-10,0.9805656943900287,0.3085399449035813,0.27339761769710713
삼성전자,2025-10-31,2026-03-30,2025-04-17,2025-09-11,0.9800652698896037,0.33106267029972747,0.27339761769710713
삼성전자,2025-11-03,2026-03-31,2020-09-11,2021-02-08,0.9820634848849975,-0.012048192771084376,0.3277511961722488
삼성전자,2025-11-03,2026-03-31,2020-09-14,2021-02-09,0.9860209679044907,0.0012091898428052694,0.3277511961722488
삼성전자,2025-11-03,2026-03-31,2020-09-15,2021-02-10,0.98752409288117,0.002450980392156854,0.3277511961722488
삼성전자,2025-11-03,2026-03-31,2020-09-16,2021-02-15,0.9888226419960928,-0.016627078384798155,0.3277511961722488
삼성전자,2025-11-03,2026-03-31,2020-09-17,2021-02-16,0.9894773174052991,-0.03062426383981154,0.3277511961722488
삼성전자,2025-11-03,2026-03-31,2020-09-18,2021-02-17,0.9890369116589172,-0.0036057692307692735,0.3277511961722488
삼성전자,2025-11-03,2026-03-31,2020-09-21,2021-02-18,0.9878703595943576,-0.0024360535931789995,0.3277511961722488
삼성전자,2025-11-03,2026-03-31,2020-09-22,2021-02-19,0.9864529562313555,-0.007263922518159771,0.3277511961722488
삼성전자,2025-11-03,2026-03-31,2020-09-23,2021-02-22,0.9853623311417394,-0.0048661800486617945,0.3277511961722488
삼성전자,2025-11-03,2026-03-31,2020-09-24,2021-02-23,0.9832853220982891,-0.012195121951219523,0.3277511961722488
삼성전자,2025-11-03,2026-03-31,2020-09-25,2021-02-24,0.9824415506235282,-0.009756097560975618,0.3277511961722488
삼성전자,2025-11-03,2026-03-31,2020-09-28,2021-02-25,0.9805445826387009,-0.04454865181711609,0.3277511961722488
삼성전자,2025-11-03,2026-03-31,2025-04-04,2025-08-29,0.9806045205363463,0.19512195121951215,0.3277511961722488
삼성전자,2025-11-03,2026-03-31,2025-04-07,2025-09-01,0.9822865555156424,0.24556213017751483,0.3277511961722488
삼성전자,2025-11-03,2026-03-31,2025-04-08,2025-09-02,0.9812102418075341,0.2141823444283646,0.3277511961722488
삼성전자,2025-11-03,2026-03-31,2025-04-09,2025-09-03,0.9814600810157039,0.2320916905444126,0.3277511961722488
삼성전자,2025-11-03,2026-03-31,2025-04-10,2025-09-04,0.9818410701076898,0.26961483594864477,0.3277511961722488
삼성전자,2025-11-03,2026-03-31,2025-04-11,2025-09-05,0.9813504016157872,0.3582733812949641,0.3277511961722488
삼성전자,2025-11-03,2026-03-31,2025-04-14,2025-09-08,0.9824555195091256,0.3309557774607703,0.3277511961722488
삼성전자,2025-11-03,2026-03-31,2025-04-15,2025-09-09,0.9826260898507442,0.28111888111888117,0.3277511961722488
삼성전자,2025-11-03,2026-03-31,2025-04-16,2025-09-10,0.9807321444514177,0.3085399449035813,0.3277511961722488
삼성전자,2025-11-04,2026-04-01,2020-09-14,2021-02-09,0.9825321282305222,0.0012091898428052694,0.19198312236286919
삼성전자,2025-11-04,2026-04-01,2020-09-15,2021-02-10,0.9862539210607019,0.002450980392156854,0.19198312236286919
삼성전자,2025-11-04,2026-04-01,2020-09-16,2021-02-15,0.9878095154158977,-0.016627078384798155,0.19198312236286919
삼성전자,2025-11-04,2026-04-01,2020-09-17,2021-02-16,0.9890785106702147,-0.03062426383981154,0.19198312236286919
삼성전자,2025-11-04,2026-04-01,2020-09-18,2021-02-17,0.9897282432994816,-0.0036057692307692735,0.19198312236286919
삼성전자,2025-11-04,2026-04-01,2020-09-21,2021-02-18,0.9892143535220432,-0.0024360535931789995,0.19198312236286919
삼성전자,2025-11-04,2026-04-01,2020-09-22,2021-02-19,0.9881023361178073,-0.007263922518159771,0.19198312236286919
삼성전자,2025-11-04,2026-04-01,2020-09-23,2021-02-22,0.9867372232076376,-0.0048661800486617945,0.19198312236286919
삼성전자,2025-11-04,2026-04-01,2020-09-24,2021-02-23,0.9855883399960877,-0.012195121951219523,0.19198312236286919
삼성전자,2025-11-04,2026-04-01,2020-09-25,2021-02-24,0.9836034930239212,-0.009756097560975618,0.19198312236286919
삼성전자,2025-11-04,2026-04-01,2020-09-28,2021-02-25,0.9830087502308231,-0.04454865181711609,0.19198312236286919
삼성전자,2025-11-04,2026-04-01,2020-09-29,2021-02-26,0.9808800344650084,-0.010909090909090868,0.19198312236286919
삼성전자,2025-11-04,2026-04-01,2025-04-07,2025-09-01,0.9809152737272144,0.24556213017751483,0.19198312236286919
삼성전자,2025-11-04,2026-04-01,2025-04-08,2025-09-02,0.9829864792634546,0.2141823444283646,0.19198312236286919
삼성전자,2025-11-04,2026-04-01,2025-04-09,2025-09-03,0.9818777112867965,0.2320916905444126,0.19198312236286919
삼성전자,2025-11-04,2026-04-01,2025-04-10,2025-09-04,0.9819080609566089,0.26961483594864477,0.19198312236286919
삼성전자,2025-11-04,2026-04-01,2025-04-11,2025-09-05,0.9822519565696834,0.3582733812949641,0.19198312236286919
삼성전자,2025-11-04,2026-04-01,2025-04-14,2025-09-08,0.9818749756857783,0.3309557774607703,0.19198312236286919
삼성전자,2025-11-04,2026-04-01,2025-04-15,2025-09-09,0.9827979953206414,0.28111888111888117,0.19198312236286919
삼성전자,2025-11-04,2026-04-01,2025-04-16,2025-09-10,0.9828313064060201,0.3085399449035813,0.19198312236286919
삼성전자,2025-11-04,2026-04-01,2025-04-17,2025-09-11,0.9810709156058284,0.33106267029972747,0.19198312236286919
삼성전자,2025-11-05,2026-04-02,2020-09-15,2021-02-10,0.9828408872562086,0.002450980392156854,0.23598654708520184
삼성전자,2025-11-05,2026-04-02,2020-09-16,2021-02-15,0.9863602970014831,-0.016627078384798155,0.23598654708520184
삼성전자,2025-11-05,2026-04-02,2020-09-17,2021-02-16,0.9878420865052862,-0.03062426383981154,0.23598654708520184
삼성전자,2025-11-05,2026-04-02,2020-09-18,2021-02-17,0.9892219596038054,-0.0036057692307692735,0.23598654708520184
삼성전자,2025-11-05,2026-04-02,2020-09-21,2021-02-18,0.9899071259279902,-0.0024360535931789995,0.23598654708520184
삼성전자,2025-11-05,2026-04-02,2020-09-22,2021-02-19,0.9893994313919865,-0.007263922518159771,0.23598654708520184
삼성전자,2025-11-05,2026-04-02,2020-09-23,2021-02-22,0.9883424961923053,-0.0048661800486617945,0.23598654708520184
삼성전자,2025-11-05,2026-04-02,2020-09-24,2021-02-23,0.9869861665320341,-0.012195121951219523,0.23598654708520184
삼성전자,2025-11-05,2026-04-02,2020-09-25,2021-02-24,0.9858877575453397,-0.009756097560975618,0.23598654708520184
삼성전자,2025-11-05,2026-04-02,2020-09-28,2021-02-25,0.9838679988434923,-0.04454865181711609,0.23598654708520184
삼성전자,2025-11-05,2026-04-02,2020-09-29,2021-02-26,0.9833357585178119,-0.010909090909090868,0.23598654708520184
삼성전자,2025-11-05,2026-04-02,2020-10-05,2021-03-02,0.9812526318980791,-0.01674641148325362,0.23598654708520184
삼성전자,2025-11-05,2026-04-02,2025-04-08,2025-09-02,0.9812330967770835,0.2141823444283646,0.23598654708520184
삼성전자,2025-11-05,2026-04-02,2025-04-09,2025-09-03,0.9831409451151152,0.2320916905444126,0.23598654708520184
삼성전자,2025-11-05,2026-04-02,2025-04-10,2025-09-04,0.9813552999072106,0.26961483594864477,0.23598654708520184
삼성전자,2025-11-05,2026-04-02,2025-04-11,2025-09-05,0.9821295219231707,0.3582733812949641,0.23598654708520184
삼성전자,2025-11-05,2026-04-02,2025-04-14,2025-09-08,0.9823709996975092,0.3309557774607703,0.23598654708520184
삼성전자,2025-11-05,2026-04-02,2025-04-15,2025-09-09,0.9817227864167974,0.28111888111888117,0.23598654708520184
삼성전자,2025-11-05,2026-04-02,2025-04-16,2025-09-10,0.9823740004086331,0.3085399449035813,0.23598654708520184
삼성전자,2025-11-05,2026-04-02,2025-04-17,2025-09-11,0.9822172785860895,0.33106267029972747,0.23598654708520184
삼성전자,2025-11-06,2026-04-03,2020-09-16,2021-02-15,0.9832901034234123,-0.016627078384798155,0.24865735767991404
삼성전자,2025-11-06,2026-04-03,2020-09-17,2021-02-16,0.9867113499427554,-0.03062426383981154,0.24865735767991404
삼성전자,2025-11-06,2026-04-03,2020-09-18,2021-02-17,0.9881158215250556,-0.0036057692307692735,0.24865735767991404
삼성전자,2025-11-06,2026-04-03,2020-09-21,2021-02-18,0.9894246785728021,-0.0024360535931789995,0.24865735767991404
삼성전자,2025-11-06,2026-04-03,2020-09-22,2021-02-19,0.9901035031984138,-0.007263922518159771,0.24865735767991404
삼성전자,2025-11-06,2026-04-03,2020-09-23,2021-02-22,0.9895658104376501,-0.0048661800486617945,0.24865735767991404
삼성전자,2025-11-06,2026-04-03,2020-09-24,2021-02-23,0.9885033612223436,-0.012195121951219523,0.24865735767991404
삼성전자,2025-11-06,2026-04-03,2020-09-25,2021-02-24,0.9871610462940004,-0.009756097560975618,0.24865735767991404
삼성전자,2025-11-06,2026-04-03,2020-09-28,2021-02-25,0.9861852195452631,-0.04454865181711609,0.24865735767991404
삼성전자,2025-11-06,2026-04-03,2020-09-29,2021-02-26,0.9840978654167256,-0.010909090909090868,0.24865735767991404
삼성전자,2025-11-06,2026-04-03,2020-10-05,2021-03-02,0.9836304630828772,-0.01674641148325362,0.24865735767991404
삼성전자,2025-11-06,2026-04-03,2020-10-06,2021-03-03,0.9815955949239225,-0.030952380952380953,0.24865735767991404
삼성전자,2025-11-06,2026-04-03,2025-04-09,2025-09-03,0.9815935900931574,0.2320916905444126,0.24865735767991404
삼성전자,2025-11-06,2026-04-03,2025-04-10,2025-09-04,0.9823810226031945,0.26961483594864477,0.24865735767991404
삼성전자,2025-11-06,2026-04-03,2025-04-11,2025-09-05,0.9818444361483469,0.3582733812949641,0.24865735767991404
삼성전자,2025-11-06,2026-04-03,2025-04-14,2025-09-08,0.9824683565483733,0.3309557774607703,0.24865735767991404
삼성전자,2025-11-06,2026-04-03,2025-04-15,2025-09-09,0.9826135734581178,0.28111888111888117,0.24865735767991404
삼성전자,2025-11-06,2026-04-03,2025-04-16,2025-09-10,0.9818418100166599,0.3085399449035813,0.24865735767991404
삼성전자,2025-11-06,2026-04-03,2025-04-17,2025-09-11,0.9822146721650625,0.33106267029972747,0.24865735767991404
삼성전자,2025-11-06,2026-04-03,2025-04-18,2025-09-12,0.9814717236736621,0.2984084880636604,0.24865735767991404
삼성전자,2025-11-07,2026-04-06,2020-09-17,2021-02-16,0.9838312680303924,-0.03062426383981154,0.37752459865354737
삼성전자,2025-11-07,2026-04-06,2020-09-18,2021-02-17,0.9870060548261868,-0.0036057692307692735,0.37752459865354737
삼성전자,2025-11-07,2026-04-06,2020-09-21,2021-02-18,0.9882657314806147,-0.0024360535931789995,0.37752459865354737
삼성전자,2025-11-07,2026-04-06,2020-09-22,2021-02-19,0.9895652378680801,-0.007263922518159771,0.37752459865354737
삼성전자,2025-11-07,2026-04-06,2020-09-23,2021-02-22,0.9901461157760779,-0.0048661800486617945,0.37752459865354737
삼성전자,2025-11-07,2026-04-06,2020-09-24,2021-02-23,0.989577745353218,-0.012195121951219523,0.37752459865354737
삼성전자,2025-11-07,2026-04-06,2020-09-25,2021-02-24,0.9885048723891902,-0.009756097560975618,0.37752459865354737
삼성전자,2025-11-07,2026-04-06,2020-09-28,2021-02-25,0.9874335245097462,-0.04454865181711609,0.37752459865354737
삼성전자,2025-11-07,2026-04-06,2020-09-29,2021-02-26,0.9862337749954979,-0.010909090909090868,0.37752459865354737
삼성전자,2025-11-07,2026-04-06,2020-10-05,2021-03-02,0.98428311898422,-0.01674641148325362,0.37752459865354737
삼성전자,2025-11-07,2026-04-06,2020-10-06,2021-03-03,0.9838449338074098,-0.030952380952380953,0.37752459865354737
삼성전자,2025-11-07,2026-04-06,2020-10-07,2021-03-04,0.9816437921927978,0.0060679611650484855,0.37752459865354737
삼성전자,2025-11-07,2026-04-06,2025-04-10,2025-09-04,0.9803996972921029,0.26961483594864477,0.37752459865354737
삼성전자,2025-11-07,2026-04-06,2025-04-11,2025-09-05,0.982937452084717,0.3582733812949641,0.37752459865354737
삼성전자,2025-11-07,2026-04-06,2025-04-14,2025-09-08,0.9822894467052534,0.3309557774607703,0.37752459865354737
삼성전자,2025-11-07,2026-04-06,2025-04-15,2025-09-09,0.9829319942856327,0.28111888111888117,0.37752459865354737
삼성전자,2025-11-07,2026-04-06,2025-04-16,2025-09-10,0.9830131318809741,0.3085399449035813,0.37752459865354737
삼성전자,2025-11-07,2026-04-06,2025-04-17,2025-09-11,0.9820022640058839,0.33106267029972747,0.37752459865354737
삼성전자,2025-11-07,2026-04-06,2025-04-18,2025-09-12,0.9819188128560228,0.2984084880636604,0.37752459865354737
삼성전자,2025-11-07,2026-04-06,2025-04-21,2025-09-15,0.9809648907135792,0.2823529411764707,0.37752459865354737
삼성전자,2025-11-10,2026-04-07,2020-09-17,2021-02-16,0.9804330214591976,-0.03062426383981154,0.38167938931297707
삼성전자,2025-11-10,2026-04-07,2020-09-18,2021-02-17,0.984183489196418,-0.0036057692307692735,0.38167938931297707
삼성전자,2025-11-10,2026-04-07,2020-09-21,2021-02-18,0.9871440924341411,-0.0024360535931789995,0.38167938931297707
삼성전자,2025-11-10,2026-04-07,2020-09-22,2021-02-19,0.9883982357678368,-0.007263922518159771,0.38167938931297707
삼성전자,2025-11-10,2026-04-07,2020-09-23,2021-02-22,0.9895628161989078,-0.0048661800486617945,0.38167938931297707
삼성전자,2025-11-10,2026-04-07,2020-09-24,2021-02-23,0.9900860778951033,-0.012195121951219523,0.38167938931297707
삼성전자,2025-11-10,2026-04-07,2020-09-25,2021-02-24,0.9894847341924828,-0.009756097560975618,0.38167938931297707
삼성전자,2025-11-10,2026-04-07,2020-09-28,2021-02-25,0.9887290106361284,-0.04454865181711609,0.38167938931297707
삼성전자,2025-11-10,2026-04-07,2020-09-29,2021-02-26,0.987389057393163,-0.010909090909090868,0.38167938931297707
삼성전자,2025-11-10,2026-04-07,2020-10-05,2021-03-02,0.9863219106136929,-0.01674641148325362,0.38167938931297707
삼성전자,2025-11-10,2026-04-07,2020-10-06,2021-03-03,0.9844401248383864,-0.030952380952380953,0.38167938931297707
삼성전자,2025-11-10,2026-04-07,2020-10-07,2021-03-04,0.9837769721755119,0.0060679611650484855,0.38167938931297707
삼성전자,2025-11-10,2026-04-07,2020-10-08,2021-03-05,0.9815783850403048,0.032886723507917104,0.38167938931297707
삼성전자,2025-11-10,2026-04-07,2025-04-11,2025-09-05,0.9810397977029581,0.3582733812949641,0.38167938931297707
삼성전자,2025-11-10,2026-04-07,2025-04-14,2025-09-08,0.9833820952796749,0.3309557774607703,0.38167938931297707
삼성전자,2025-11-10,2026-04-07,2025-04-15,2025-09-09,0.9828412005306411,0.28111888111888117,0.38167938931297707
삼성전자,2025-11-10,2026-04-07,2025-04-16,2025-09-10,0.9834400400709917,0.3085399449035813,0.38167938931297707
삼성전자,2025-11-10,2026-04-07,2025-04-17,2025-09-11,0.9832363951096791,0.33106267029972747,0.38167938931297707
삼성전자,2025-11-10,2026-04-07,2025-04-18,2025-09-12,0.9818664755655282,0.2984084880636604,0.38167938931297707
삼성전자,2025-11-10,2026-04-07,2025-04-21,2025-09-15,0.9815748181193208,0.2823529411764707,0.38167938931297707
삼성전자,2025-11-11,2026-04-08,2020-09-18,2021-02-17,0.980472818326356,-0.0036057692307692735,0.2755344418052257
삼성전자,2025-11-11,2026-04-08,2020-09-21,2021-02-18,0.9838462774758213,-0.0024360535931789995,0.2755344418052257
삼성전자,2025-11-11,2026-04-08,2020-09-22,2021-02-19,0.9867843545152133,-0.007263922518159771,0.2755344418052257
삼성전자,2025-11-11,2026-04-08,2020-09-23,2021-02-22,0.9878569579498859,-0.0048661800486617945,0.2755344418052257
삼성전자,2025-11-11,2026-04-08,2020-09-24,2021-02-23,0.9888962112850646,-0.012195121951219523,0.2755344418052257
삼성전자,2025-11-11,2026-04-08,2020-09-25,2021-02-24,0.9893567635806302,-0.009756097560975618,0.2755344418052257
삼성전자,2025-11-11,2026-04-08,2020-09-28,2021-02-25,0.9893594301035771,-0.04454865181711609,0.2755344418052257
삼성전자,2025-11-11,2026-04-08,2020-09-29,2021-02-26,0.9880276458424921,-0.010909090909090868,0.2755344418052257
삼성전자,2025-11-11,2026-04-08,2020-10-05,2021-03-02,0.9869102369691103,-0.01674641148325362,0.2755344418052257
삼성전자,2025-11-11,2026-04-08,2020-10-06,2021-03-03,0.9859001866386491,-0.030952380952380953,0.2755344418052257
삼성전자,2025-11-11,2026-04-08,2020-10-07,2021-03-04,0.983651478670774,0.0060679611650484855,0.2755344418052257
삼성전자,2025-11-11,2026-04-08,2020-10-08,2021-03-05,0.982897285473652,0.032886723507917104,0.2755344418052257
삼성전자,2025-11-11,2026-04-08,2020-10-12,2021-03-08,0.9806644664057238,0.04146341463414638,0.2755344418052257
삼성전자,2025-11-11,2026-04-08,2025-04-14,2025-09-08,0.9813670656458109,0.3309557774607703,0.2755344418052257
삼성전자,2025-11-11,2026-04-08,2025-04-15,2025-09-09,0.9839117265752,0.28111888111888117,0.2755344418052257
삼성전자,2025-11-11,2026-04-08,2025-04-16,2025-09-10,0.9834959032882544,0.3085399449035813,0.2755344418052257
삼성전자,2025-11-11,2026-04-08,2025-04-17,2025-09-11,0.9839540763894912,0.33106267029972747,0.2755344418052257
삼성전자,2025-11-11,2026-04-08,2025-04-18,2025-09-12,0.9836358853081133,0.2984084880636604,0.2755344418052257
삼성전자,2025-11-11,2026-04-08,2025-04-21,2025-09-15,0.9822089568569368,0.2823529411764707,0.2755344418052257
삼성전자,2025-11-11,2026-04-08,2025-04-22,2025-09-16,0.9812891592606565,0.2279596977329974,0.2755344418052257
삼성전자,2025-11-12,2026-04-09,2020-09-21,2021-02-18,0.9805689185244011,-0.0024360535931789995,0.39950980392156854
삼성전자,2025-11-12,2026-04-09,2020-09-22,2021-02-19,0.983903482266595,-0.007263922518159771,0.39950980392156854
삼성전자,2025-11-12,2026-04-09,2020-09-23,2021-02-22,0.9866882376424955,-0.0048661800486617945,0.39950980392156854
삼성전자,2025-11-12,2026-04-09,2020-09-24,2021-02-23,0.9876587509566779,-0.012195121951219523,0.39950980392156854
삼성전자,2025-11-12,2026-04-09,2020-09-25,2021-02-24,0.9886570861319998,-0.009756097560975618,0.39950980392156854
삼성전자,2025-11-12,2026-04-09,2020-09-28,2021-02-25,0.9895034188343894,-0.04454865181711609,0.39950980392156854
삼성전자,2025-11-12,2026-04-09,2020-09-29,2021-02-26,0.9890977181096456,-0.010909090909090868,0.39950980392156854
삼성전자,2025-11-12,2026-04-09,2020-10-05,2021-03-02,0.9879319650442808,-0.01674641148325362,0.39950980392156854
삼성전자,2025-11-12,2026-04-09,2020-10-06,2021-03-03,0.9868513690901752,-0.030952380952380953,0.39950980392156854
삼성전자,2025-11-12,2026-04-09,2020-10-07,2021-03-04,0.9855584373232993,0.0060679611650484855,0.39950980392156854
삼성전자,2025-11-12,2026-04-09,2020-10-08,2021-03-05,0.9832634926698595,0.032886723507917104,0.39950980392156854
삼성전자,2025-11-12,2026-04-09,2020-10-12,2021-03-08,0.9824626828040078,0.04146341463414638,0.39950980392156854
삼성전자,2025-11-12,2026-04-09,2020-10-13,2021-03-09,0.9801191970288963,0.05651105651105648,0.39950980392156854
삼성전자,2025-11-12,2026-04-09,2023-02-22,2023-07-18,0.9803222039112023,-0.06944444444444442,0.39950980392156854
삼성전자,2025-11-12,2026-04-09,2025-04-15,2025-09-09,0.9819021852644535,0.28111888111888117,0.39950980392156854
삼성전자,2025-11-12,2026-04-09,2025-04-16,2025-09-10,0.984375419841252,0.3085399449035813,0.39950980392156854
삼성전자,2025-11-12,2026-04-09,2025-04-17,2025-09-11,0.9838672421096409,0.33106267029972747,0.39950980392156854
삼성전자,2025-11-12,2026-04-09,2025-04-18,2025-09-12,0.9839918341916252,0.2984084880636604,0.39950980392156854
삼성전자,2025-11-12,2026-04-09,2025-04-21,2025-09-15,0.9834987312541417,0.2823529411764707,0.39950980392156854
삼성전자,2025-11-12,2026-04-09,2025-04-22,2025-09-16,0.9812235099780776,0.2279596977329974,0.39950980392156854
삼성전자,2025-11-12,2026-04-09,2025-04-23,2025-09-17,0.9810412894861273,0.26086956521739135,0.39950980392156854
삼성전자,2025-11-13,2026-04-10,2020-09-22,2021-02-19,0.9806852007973059,-0.007263922518159771,0.354368932038835
삼성전자,2025-11-13,2026-04-10,2020-09-23,2021-02-22,0.9838490588553952,-0.0048661800486617945,0.354368932038835
삼성전자,2025-11-13,2026-04-10,2020-09-24,2021-02-23,0.9864924332701384,-0.012195121951219523,0.354368932038835
삼성전자,2025-11-13,2026-04-10,2020-09-25,2021-02-24,0.9874191320862853,-0.009756097560975618,0.354368932038835
삼성전자,2025-11-13,2026-04-10,2020-09-28,2021-02-25,0.9888050286289995,-0.04454865181711609,0.354368932038835
삼성전자,2025-11-13,2026-04-10,2020-09-29,2021-02-26,0.9892120537714051,-0.010909090909090868,0.354368932038835
삼성전자,2025-11-13,2026-04-10,2020-10-05,2021-03-02,0.9889547328809979,-0.01674641148325362,0.354368932038835
삼성전자,2025-11-13,2026-04-10,2020-10-06,2021-03-03,0.9878293674418288,-0.030952380952380953,0.354368932038835
삼성전자,2025-11-13,2026-04-10,2020-10-07,2021-03-04,0.9864629316043596,0.0060679611650484855,0.354368932038835
삼성전자,2025-11-13,2026-04-10,2020-10-08,2021-03-05,0.9851056151403845,0.032886723507917104,0.354368932038835
삼성전자,2025-11-13,2026-04-10,2020-10-12,2021-03-08,0.982794881146993,0.04146341463414638,0.354368932038835
삼성전자,2025-11-13,2026-04-10,2020-10-13,2021-03-09,0.9818541711421842,0.05651105651105648,0.354368932038835
삼성전자,2025-11-13,2026-04-10,2023-02-21,2023-07-17,0.9800856180904999,-0.08185538881309684,0.354368932038835
삼성전자,2025-11-13,2026-04-10,2023-02-22,2023-07-18,0.9802721945967212,-0.06944444444444442,0.354368932038835
삼성전자,2025-11-13,2026-04-10,2023-02-23,2023-07-19,0.9806374528326007,-0.06973500697350066,0.354368932038835
삼성전자,2025-11-13,2026-04-10,2023-02-24,2023-07-20,0.9800112525595372,-0.06619718309859157,0.354368932038835
삼성전자,2025-11-13,2026-04-10,2025-04-16,2025-09-10,0.9824429809843507,0.3085399449035813,0.354368932038835
삼성전자,2025-11-13,2026-04-10,2025-04-17,2025-09-11,0.9847308593069606,0.33106267029972747,0.354368932038835
삼성전자,2025-11-13,2026-04-10,2025-04-18,2025-09-12,0.9839316947021974,0.2984084880636604,0.354368932038835
삼성전자,2025-11-13,2026-04-10,2025-04-21,2025-09-15,0.9838724647690302,0.2823529411764707,0.354368932038835
삼성전자,2025-11-13,2026-04-10,2025-04-22,2025-09-16,0.9825107066331,0.2279596977329974,0.354368932038835
삼성전자,2025-11-13,2026-04-10,2025-04-23,2025-09-17,0.9810096176176595,0.26086956521739135,0.354368932038835
삼성전자,2025-11-13,2026-04-10,2025-04-24,2025-09-18,0.9801915679323767,0.1987577639751552,0.354368932038835
삼성전자,2025-11-14,2026-04-13,2019-07-26,2019-12-19,0.9801679210818339,0.09642857142857153,0.4129353233830846
삼성전자,2025-11-14,2026-04-13,2019-07-29,2019-12-20,0.9800572805973773,0.11250000000000004,0.4129353233830846
삼성전자,2025-11-14,2026-04-13,2020-09-23,2021-02-22,0.9809022035001623,-0.0048661800486617945,0.4129353233830846
삼성전자,2025-11-14,2026-04-13,2020-09-24,2021-02-23,0.9839423749776091,-0.012195121951219523,0.4129353233830846
삼성전자,2025-11-14,2026-04-13,2020-09-25,2021-02-24,0.986516980260571,-0.009756097560975618,0.4129353233830846
삼성전자,2025-11-14,2026-04-13,2020-09-28,2021-02-25,0.9876900845214083,-0.04454865181711609,0.4129353233830846
삼성전자,2025-11-14,2026-04-13,2020-09-29,2021-02-26,0.9887723194883593,-0.010909090909090868,0.4129353233830846
삼성전자,2025-11-14,2026-04-13,2020-10-05,2021-03-02,0.989269313056527,-0.01674641148325362,0.4129353233830846
삼성전자,2025-11-14,2026-04-13,2020-10-06,2021-03-03,0.9890259361870265,-0.030952380952380953,0.4129353233830846
삼성전자,2025-11-14,2026-04-13,2020-10-07,2021-03-04,0.987701773473184,0.0060679611650484855,0.4129353233830846
삼성전자,2025-11-14,2026-04-13,2020-10-08,2021-03-05,0.986296837809084,0.032886723507917104,0.4129353233830846
삼성전자,2025-11-14,2026-04-13,2020-10-12,2021-03-08,0.984915145925205,0.04146341463414638,0.4129353233830846
삼성전자,2025-11-14,2026-04-13,2020-10-13,2021-03-09,0.982530769462327,0.05651105651105648,0.4129353233830846
삼성전자,2025-11-14,2026-04-13,2020-10-14,2021-03-10,0.9814996326285876,0.05809641532756493,0.4129353233830846
삼성전자,2025-11-14,2026-04-13,2023-02-22,2023-07-18,0.9807939317419108,-0.06944444444444442,0.4129353233830846
삼성전자,2025-11-14,2026-04-13,2023-02-23,2023-07-19,0.9807161670010109,-0.06973500697350066,0.4129353233830846
삼성전자,2025-11-14,2026-04-13,2023-02-24,2023-07-20,0.9810660165218331,-0.06619718309859157,0.4129353233830846
삼성전자,2025-11-14,2026-04-13,2023-02-27,2023-07-21,0.9800686884463863,-0.052631578947368474,0.4129353233830846
삼성전자,2025-11-14,2026-04-13,2025-04-17,2025-09-11,0.9826394377964454,0.33106267029972747,0.4129353233830846
삼성전자,2025-11-14,2026-04-13,2025-04-18,2025-09-12,0.9844172654973624,0.2984084880636604,0.4129353233830846
삼성전자,2025-11-14,2026-04-13,2025-04-21,2025-09-15,0.9834080843922401,0.2823529411764707,0.4129353233830846
삼성전자,2025-11-14,2026-04-13,2025-04-22,2025-09-16,0.9822714961986689,0.2279596977329974,0.4129353233830846
삼성전자,2025-11-14,2026-04-13,2025-04-23,2025-09-17,0.9817911939418265,0.26086956521739135,0.4129353233830846
삼성전자,2025-11-17,2026-04-14,2019-07-26,2019-12-19,0.9811263783539399,0.09642857142857153,0.4334140435835352
삼성전자,2025-11-17,2026-04-14,2019-07-29,2019-12-20,0.982166802719685,0.11250000000000004,0.4334140435835352
삼성전자,2025-11-17,2026-04-14,2019-07-30,2019-12-23,0.9814445951896575,0.09549549549549541,0.4334140435835352
삼성전자,2025-11-17,2026-04-14,2019-07-31,2019-12-24,0.9801585380095899,0.06909090909090909,0.4334140435835352
삼성전자,2025-11-17,2026-04-14,2020-09-24,2021-02-23,0.9809499333923009,-0.012195121951219523,0.4334140435835352
삼성전자,2025-11-17,2026-04-14,2020-09-25,2021-02-24,0.9838678804134533,-0.009756097560975618,0.4334140435835352
삼성전자,2025-11-17,2026-04-14,2020-09-28,2021-02-25,0.9867517285569586,-0.04454865181711609,0.4334140435835352
삼성전자,2025-11-17,2026-04-14,2020-09-29,2021-02-26,0.9875405082879951,-0.010909090909090868,0.4334140435835352
삼성전자,2025-11-17,2026-04-14,2020-10-05,2021-03-02,0.9887234627014791,-0.01674641148325362,0.4334140435835352
삼성전자,2025-11-17,2026-04-14,2020-10-06,2021-03-03,0.9892421550068919,-0.030952380952380953,0.4334140435835352
삼성전자,2025-11-17,2026-04-14,2020-10-07,2021-03-04,0.9887397787722975,0.0060679611650484855,0.4334140435835352
삼성전자,2025-11-17,2026-04-14,2020-10-08,2021-03-05,0.987398718945903,0.032886723507917104,0.4334140435835352
삼성전자,2025-11-17,2026-04-14,2020-10-12,2021-03-08,0.9859542213947509,0.04146341463414638,0.4334140435835352
삼성전자,2025-11-17,2026-04-14,2020-10-13,2021-03-09,0.9844873464062311,0.05651105651105648,0.4334140435835352
삼성전자,2025-11-17,2026-04-14,2020-10-14,2021-03-10,0.9820420670026754,0.05809641532756493,0.4334140435835352
삼성전자,2025-11-17,2026-04-14,2020-10-15,2021-03-11,0.9812253596382441,0.03292682926829271,0.4334140435835352
삼성전자,2025-11-17,2026-04-14,2023-02-23,2023-07-19,0.9812934654860297,-0.06973500697350066,0.4334140435835352
삼성전자,2025-11-17,2026-04-14,2023-02-24,2023-07-20,0.9812363927734896,-0.06619718309859157,0.4334140435835352
삼성전자,2025-11-17,2026-04-14,2023-02-27,2023-07-21,0.9810765292045716,-0.052631578947368474,0.4334140435835352
삼성전자,2025-11-17,2026-04-14,2025-04-18,2025-09-12,0.9826529828905322,0.2984084880636604,0.4334140435835352
삼성전자,2025-11-17,2026-04-14,2025-04-21,2025-09-15,0.9841876639779967,0.2823529411764707,0.4334140435835352
삼성전자,2025-11-17,2026-04-14,2025-04-22,2025-09-16,0.9822620806462561,0.2279596977329974,0.4334140435835352
삼성전자,2025-11-17,2026-04-14,2025-04-23,2025-09-17,0.9818787420796323,0.26086956521739135,0.4334140435835352
삼성전자,2025-11-17,2026-04-14,2025-04-24,2025-09-18,0.980770767853375,0.1987577639751552,0.4334140435835352
삼성전자,2025-11-18,2026-04-15,2019-07-26,2019-12-19,0.980237228870527,0.09642857142857153,0.2819905213270142
삼성전자,2025-11-18,2026-04-15,2019-07-29,2019-12-20,0.9829315870878311,0.11250000000000004,0.2819905213270142
삼성전자,2025-11-18,2026-04-15,2019-07-30,2019-12-23,0.9833618449432606,0.09549549549549541,0.2819905213270142
삼성전자,2025-11-18,2026-04-15,2019-07-31,2019-12-24,0.982896814475013,0.06909090909090909,0.2819905213270142
삼성전자,2025-11-18,2026-04-15,2019-08-01,2019-12-26,0.9810689335924238,0.06678700361010836,0.2819905213270142
삼성전자,2025-11-18,2026-04-15,2020-09-25,2021-02-24,0.9808180292071818,-0.009756097560975618,0.2819905213270142
삼성전자,2025-11-18,2026-04-15,2020-09-28,2021-02-25,0.9841059352698048,-0.04454865181711609,0.2819905213270142
삼성전자,2025-11-18,2026-04-15,2020-09-29,2021-02-26,0.9864871750051589,-0.010909090909090868,0.2819905213270142
삼성전자,2025-11-18,2026-04-15,2020-10-05,2021-03-02,0.9874020851892955,-0.01674641148325362,0.2819905213270142
삼성전자,2025-11-18,2026-04-15,2020-10-06,2021-03-03,0.9885822656528338,-0.030952380952380953,0.2819905213270142
삼성전자,2025-11-18,2026-04-15,2020-10-07,2021-03-04,0.9887794635670002,0.0060679611650484855,0.2819905213270142
삼성전자,2025-11-18,2026-04-15,2020-10-08,2021-03-05,0.9882122650365256,0.032886723507917104,0.2819905213270142
삼성전자,2025-11-18,2026-04-15,2020-10-12,2021-03-08,0.9868304897069282,0.04146341463414638,0.2819905213270142
삼성전자,2025-11-18,2026-04-15,2020-10-13,2021-03-09,0.9852716487194262,0.05651105651105648,0.2819905213270142
삼성전자,2025-11-18,2026-04-15,2020-10-14,2021-03-10,0.9837026491280341,0.05809641532756493,0.2819905213270142
삼성전자,2025-11-18,2026-04-15,2020-10-15,2021-03-11,0.9815204014353185,0.03292682926829271,0.2819905213270142
삼성전자,2025-11-18,2026-04-15,2020-10-16,2021-03-12,0.9808076752197052,0.009661835748792313,0.2819905213270142
삼성전자,2025-11-18,2026-04-15,2023-02-23,2023-07-19,0.9801492252239657,-0.06973500697350066,0.2819905213270142
삼성전자,2025-11-18,2026-04-15,2023-02-24,2023-07-20,0.9815591477853529,-0.06619718309859157,0.2819905213270142
삼성전자,2025-11-18,2026-04-15,2023-02-27,2023-07-21,0.9810022120297852,-0.052631578947368474,0.2819905213270142
삼성전자,2025-11-18,2026-04-15,2023-02-28,2023-07-24,0.9807390627133517,-0.05397727272727271,0.2819905213270142
삼성전자,2025-11-18,2026-04-15,2025-04-18,2025-09-12,0.9800113828089916,0.2984084880636604,0.2819905213270142
삼성전자,2025-11-18,2026-04-15,2025-04-21,2025-09-15,0.982620022515774,0.2823529411764707,0.2819905213270142
삼성전자,2025-11-18,2026-04-15,2025-04-22,2025-09-16,0.983235004998266,0.2279596977329974,0.2819905213270142
삼성전자,2025-11-18,2026-04-15,2025-04-23,2025-09-17,0.9820465401535965,0.26086956521739135,0.2819905213270142
삼성전자,2025-11-18,2026-04-15,2025-04-24,2025-09-18,0.9810662780405354,0.1987577639751552,0.2819905213270142
삼성전자,2025-11-18,2026-04-15,2025-04-25,2025-09-19,0.9805166768611882,0.23964868255959848,0.2819905213270142
삼성전자,2025-11-19,2026-04-16,2019-07-29,2019-12-20,0.9824206973639017,0.11250000000000004,0.2919540229885058
삼성전자,2025-11-19,2026-04-16,2019-07-30,2019-12-23,0.9843304319770995,0.09549549549549541,0.2919540229885058
삼성전자,2025-11-19,2026-04-16,2019-07-31,2019-12-24,0.9849498032419125,0.06909090909090909,0.2919540229885058
삼성전자,2025-11-19,2026-04-16,2019-08-01,2019-12-26,0.9838732831564138,0.06678700361010836,0.2919540229885058
삼성전자,2025-11-19,2026-04-16,2019-08-02,2019-12-27,0.9820279121689016,0.012389380530973382,0.2919540229885058
삼성전자,2025-11-19,2026-04-16,2020-09-28,2021-02-25,0.9810120457198725,-0.04454865181711609,0.2919540229885058
삼성전자,2025-11-19,2026-04-16,2020-09-29,2021-02-26,0.9836780092240004,-0.010909090909090868,0.2919540229885058
삼성전자,2025-11-19,2026-04-16,2020-10-05,2021-03-02,0.986176894823917,-0.01674641148325362,0.2919540229885058
삼성전자,2025-11-19,2026-04-16,2020-10-06,2021-03-03,0.9871088888663053,-0.030952380952380953,0.2919540229885058
삼성전자,2025-11-19,2026-04-16,2020-10-07,2021-03-04,0.9878943597755528,0.0060679611650484855,0.2919540229885058
삼성전자,2025-11-19,2026-04-16,2020-10-08,2021-03-05,0.9880119981164872,0.032886723507917104,0.2919540229885058
삼성전자,2025-11-19,2026-04-16,2020-10-12,2021-03-08,0.9873741289777733,0.04146341463414638,0.2919540229885058
삼성전자,2025-11-19,2026-04-16,2020-10-13,2021-03-09,0.985866229883658,0.05651105651105648,0.2919540229885058
삼성전자,2025-11-19,2026-04-16,2020-10-14,2021-03-10,0.9841967114201469,0.05809641532756493,0.2919540229885058
삼성전자,2025-11-19,2026-04-16,2020-10-15,2021-03-11,0.9829033107233524,0.03292682926829271,0.2919540229885058
삼성전자,2025-11-19,2026-04-16,2020-10-16,2021-03-12,0.9808574777842374,0.009661835748792313,0.2919540229885058
삼성전자,2025-11-19,2026-04-16,2023-02-24,2023-07-20,0.9803440400558026,-0.06619718309859157,0.2919540229885058
삼성전자,2025-11-19,2026-04-16,2023-02-27,2023-07-21,0.9811280576513666,-0.052631578947368474,0.2919540229885058
삼성전자,2025-11-19,2026-04-16,2023-02-28,2023-07-24,0.9804413909583324,-0.05397727272727271,0.2919540229885058
삼성전자,2025-11-19,2026-04-16,2025-04-21,2025-09-15,0.9803296773979311,0.2823529411764707,0.2919540229885058
삼성전자,2025-11-19,2026-04-16,2025-04-22,2025-09-16,0.9821273619511242,0.2279596977329974,0.2919540229885058
삼성전자,2025-11-19,2026-04-16,2025-04-23,2025-09-17,0.9832692915305941,0.26086956521739135,0.2919540229885058
삼성전자,2025-11-19,2026-04-16,2025-04-24,2025-09-18,0.9816313149529137,0.1987577639751552,0.2919540229885058
삼성전자,2025-11-19,2026-04-16,2025-04-25,2025-09-19,0.9811278991451533,0.23964868255959848,0.2919540229885058
삼성전자,2025-11-20,2026-04-17,2019-07-26,2019-12-19,0.9800157965906642,0.09642857142857153,0.275462962962963
삼성전자,2025-11-20,2026-04-17,2019-07-29,2019-12-20,0.9821173760974082,0.11250000000000004,0.275462962962963
삼성전자,2025-11-20,2026-04-17,2019-07-30,2019-12-23,0.9838789584654513,0.09549549549549541,0.275462962962963
삼성전자,2025-11-20,2026-04-17,2019-07-31,2019-12-24,0.9859895514905181,0.06909090909090909,0.275462962962963
삼성전자,2025-11-20,2026-04-17,2019-08-01,2019-12-26,0.9859207338045,0.06678700361010836,0.275462962962963
삼성전자,2025-11-20,2026-04-17,2019-08-02,2019-12-27,0.9847401237524412,0.012389380530973382,0.275462962962963
삼성전자,2025-11-20,2026-04-17,2019-08-05,2019-12-30,0.9828957686965907,0.010752688172043001,0.275462962962963
삼성전자,2025-11-20,2026-04-17,2019-08-06,2020-01-02,0.9803546462913693,0.03623188405797095,0.275462962962963
삼성전자,2025-11-20,2026-04-17,2020-09-29,2021-02-26,0.9808237722872752,-0.010909090909090868,0.275462962962963
삼성전자,2025-11-20,2026-04-17,2020-10-05,2021-03-02,0.9835843728075332,-0.01674641148325362,0.275462962962963
삼성전자,2025-11-20,2026-04-17,2020-10-06,2021-03-03,0.986065508076845,-0.030952380952380953,0.275462962962963
삼성전자,2025-11-20,2026-04-17,2020-10-07,2021-03-04,0.986651820156522,0.0060679611650484855,0.275462962962963
삼성전자,2025-11-20,2026-04-17,2020-10-08,2021-03-05,0.9873639471886306,0.032886723507917104,0.275462962962963
삼성전자,2025-11-20,2026-04-17,2020-10-12,2021-03-08,0.9874001245468575,0.04146341463414638,0.275462962962963
삼성전자,2025-11-20,2026-04-17,2020-10-13,2021-03-09,0.9866427883074907,0.05651105651105648,0.275462962962963
삼성전자,2025-11-20,2026-04-17,2020-10-14,2021-03-10,0.9850411566331311,0.05809641532756493,0.275462962962963
삼성전자,2025-11-20,2026-04-17,2020-10-15,2021-03-11,0.9836273616586614,0.03292682926829271,0.275462962962963
삼성전자,2025-11-20,2026-04-17,2020-10-16,2021-03-12,0.9824279065720531,0.009661835748792313,0.275462962962963
삼성전자,2025-11-20,2026-04-17,2020-10-19,2021-03-15,0.9801238881860932,0.017114914425427896,0.275462962962963
삼성전자,2025-11-20,2026-04-17,2023-02-27,2023-07-21,0.9801670440204837,-0.052631578947368474,0.275462962962963
삼성전자,2025-11-20,2026-04-17,2023-02-28,2023-07-24,0.9807744762169123,-0.05397727272727271,0.275462962962963
삼성전자,2025-11-20,2026-04-17,2025-04-23,2025-09-17,0.9820339785351628,0.26086956521739135,0.275462962962963
삼성전자,2025-11-20,2026-04-17,2025-04-24,2025-09-18,0.9825857100973668,0.1987577639751552,0.275462962962963
삼성전자,2025-11-20,2026-04-17,2025-04-25,2025-09-19,0.9815016460518593,0.23964868255959848,0.275462962962963
삼성전자,2025-11-21,2026-04-20,2019-07-29,2019-12-20,0.9818216499500252,0.11250000000000004,0.28671328671328666
삼성전자,2025-11-21,2026-04-20,2019-07-30,2019-12-23,0.9832983701114679,0.09549549549549541,0.28671328671328666
삼성전자,2025-11-21,2026-04-20,2019-07-31,2019-12-24,0.985274434085359,0.06909090909090909,0.28671328671328666
삼성전자,2025-11-21,2026-04-20,2019-08-01,2019-12-26,0.9867360917726992,0.06678700361010836,0.28671328671328666
삼성전자,2025-11-21,2026-04-20,2019-08-02,2019-12-27,0.986493644458796,0.012389380530973382,0.28671328671328666
삼성전자,2025-11-21,2026-04-20,2019-08-05,2019-12-30,0.9853694872604286,0.010752688172043001,0.28671328671328666
삼성전자,2025-11-21,2026-04-20,2019-08-06,2020-01-02,0.9833659347177386,0.03623188405797095,0.28671328671328666
삼성전자,2025-11-21,2026-04-20,2019-08-07,2020-01-03,0.9808692264467883,0.0612612612612613,0.28671328671328666
삼성전자,2025-11-21,2026-04-20,2020-10-05,2021-03-02,0.980892138350586,-0.01674641148325362,0.28671328671328666
삼성전자,2025-11-21,2026-04-20,2020-10-06,2021-03-03,0.983614540204607,-0.030952380952380953,0.28671328671328666
삼성전자,2025-11-21,2026-04-20,2020-10-07,2021-03-04,0.9857462122769516,0.0060679611650484855,0.28671328671328666
삼성전자,2025-11-21,2026-04-20,2020-10-08,2021-03-05,0.9862503176036076,0.032886723507917104,0.28671328671328666
삼성전자,2025-11-21,2026-04-20,2020-10-12,2021-03-08,0.9868808705865157,0.04146341463414638,0.28671328671328666
삼성전자,2025-11-21,2026-04-20,2020-10-13,2021-03-09,0.9867813990669659,0.05651105651105648,0.28671328671328666
삼성전자,2025-11-21,2026-04-20,2020-10-14,2021-03-10,0.9859156261611672,0.05809641532756493,0.28671328671328666
삼성전자,2025-11-21,2026-04-20,2020-10-15,2021-03-11,0.98454825544998,0.03292682926829271,0.28671328671328666
삼성전자,2025-11-21,2026-04-20,2020-10-16,2021-03-12,0.983241594217245,0.009661835748792313,0.28671328671328666
삼성전자,2025-11-21,2026-04-20,2020-10-19,2021-03-15,0.9818037961111776,0.017114914425427896,0.28671328671328666
삼성전자,2025-11-21,2026-04-20,2023-03-02,2023-07-25,0.9803047787872129,-0.04142857142857148,0.28671328671328666
삼성전자,2025-11-21,2026-04-20,2025-04-24,2025-09-18,0.9810919643501809,0.1987577639751552,0.28671328671328666
삼성전자,2025-11-21,2026-04-20,2025-04-25,2025-09-19,0.9821687249533667,0.23964868255959848,0.28671328671328666
삼성전자,2025-11-24,2026-04-21,2019-07-29,2019-12-20,0.9810509969651489,0.11250000000000004,0.36757990867579915
삼성전자,2025-11-24,2026-04-21,2019-07-30,2019-12-23,0.9828772918111693,0.09549549549549541,0.36757990867579915
삼성전자,2025-11-24,2026-04-21,2019-07-31,2019-12-24,0.9846064315831978,0.06909090909090909,0.36757990867579915
삼성전자,2025-11-24,2026-04-21,2019-08-01,2019-12-26,0.9858076565266225,0.06678700361010836,0.36757990867579915
삼성전자,2025-11-24,2026-04-21,2019-08-02,2019-12-27,0.9870807470179142,0.012389380530973382,0.36757990867579915
삼성전자,2025-11-24,2026-04-21,2019-08-05,2019-12-30,0.9867434704152549,0.010752688172043001,0.36757990867579915
삼성전자,2025-11-24,2026-04-21,2019-08-06,2020-01-02,0.9851861691399997,0.03623188405797095,0.36757990867579915
삼성전자,2025-11-24,2026-04-21,2019-08-07,2020-01-03,0.9830326418142692,0.0612612612612613,0.36757990867579915
삼성전자,2025-11-24,2026-04-21,2019-08-08,2020-01-06,0.9803872960722253,0.072072072072072,0.36757990867579915
삼성전자,2025-11-24,2026-04-21,2020-10-06,2021-03-03,0.9809318180893852,-0.030952380952380953,0.36757990867579915
삼성전자,2025-11-24,2026-04-21,2020-10-07,2021-03-04,0.9832001783997262,0.0060679611650484855,0.36757990867579915
삼성전자,2025-11-24,2026-04-21,2020-10-08,2021-03-05,0.985172632712896,0.032886723507917104,0.36757990867579915
삼성전자,2025-11-24,2026-04-21,2020-10-12,2021-03-08,0.9854794506325877,0.04146341463414638,0.36757990867579915
삼성전자,2025-11-24,2026-04-21,2020-10-13,2021-03-09,0.985876767212144,0.05651105651105648,0.36757990867579915
삼성전자,2025-11-24,2026-04-21,2020-10-14,2021-03-10,0.985554974387779,0.05809641532756493,0.36757990867579915
삼성전자,2025-11-24,2026-04-21,2020-10-15,2021-03-11,0.9848098813649953,0.03292682926829271,0.36757990867579915
삼성전자,2025-11-24,2026-04-21,2020-10-16,2021-03-12,0.9833874129149541,0.009661835748792313,0.36757990867579915
삼성전자,2025-11-24,2026-04-21,2020-10-19,2021-03-15,0.9816547621691993,0.017114914425427896,0.36757990867579915
삼성전자,2025-11-24,2026-04-21,2020-10-20,2021-03-16,0.9803304836158329,0.01449275362318847,0.36757990867579915
삼성전자,2025-11-24,2026-04-21,2025-04-25,2025-09-19,0.981479666630285,0.23964868255959848,0.36757990867579915
삼성전자,2025-11-24,2026-04-21,2025-04-28,2025-09-22,0.9812790143681895,0.221556886227545,0.36757990867579915
삼성전자,2025-11-25,2026-04-22,2019-07-30,2019-12-23,0.9817443220853515,0.09549549549549541,0.3448275862068966
삼성전자,2025-11-25,2026-04-22,2019-07-31,2019-12-24,0.9838629463816504,0.06909090909090909,0.3448275862068966
삼성전자,2025-11-25,2026-04-22,2019-08-01,2019-12-26,0.984803403079977,0.06678700361010836,0.3448275862068966
삼성전자,2025-11-25,2026-04-22,2019-08-02,2019-12-27,0.9857801547489857,0.012389380530973382,0.3448275862068966
삼성전자,2025-11-25,2026-04-22,2019-08-05,2019-12-30,0.9869784236782098,0.010752688172043001,0.3448275862068966
삼성전자,2025-11-25,2026-04-22,2019-08-06,2020-01-02,0.9861980100483667,0.03623188405797095,0.3448275862068966
삼성전자,2025-11-25,2026-04-22,2019-08-07,2020-01-03,0.9844301444451056,0.0612612612612613,0.3448275862068966
삼성전자,2025-11-25,2026-04-22,2019-08-08,2020-01-06,0.9820722369024163,0.072072072072072,0.3448275862068966
삼성전자,2025-11-25,2026-04-22,2020-10-07,2021-03-04,0.9804626585572879,0.0060679611650484855,0.3448275862068966
삼성전자,2025-11-25,2026-04-22,2020-10-08,2021-03-05,0.9825549582662753,0.032886723507917104,0.3448275862068966
삼성전자,2025-11-25,2026-04-22,2020-10-12,2021-03-08,0.9843073632008241,0.04146341463414638,0.3448275862068966
삼성전자,2025-11-25,2026-04-22,2020-10-13,2021-03-09,0.9843524269423025,0.05651105651105648,0.3448275862068966
삼성전자,2025-11-25,2026-04-22,2020-10-14,2021-03-10,0.9845009708718545,0.05809641532756493,0.3448275862068966
삼성전자,2025-11-25,2026-04-22,2020-10-15,2021-03-11,0.9842456727320639,0.03292682926829271,0.3448275862068966
삼성전자,2025-11-25,2026-04-22,2020-10-16,2021-03-12,0.9833873201669507,0.009661835748792313,0.3448275862068966
삼성전자,2025-11-25,2026-04-22,2020-10-19,2021-03-15,0.9814969005373129,0.017114914425427896,0.3448275862068966
삼성전자,2025-11-25,2026-04-22,2025-04-28,2025-09-22,0.9804448640685962,0.221556886227545,0.3448275862068966
삼성전자,2025-11-25,2026-04-22,2025-04-29,2025-09-23,0.9800948249401854,0.17473435655253833,0.3448275862068966
삼성전자,2025-11-26,2026-04-23,2019-07-30,2019-12-23,0.9809478603897606,0.09549549549549541,0.33184855233853017
삼성전자,2025-11-26,2026-04-23,2019-07-31,2019-12-24,0.9831493024607556,0.06909090909090909,0.33184855233853017
삼성전자,2025-11-26,2026-04-23,2019-08-01,2019-12-26,0.9845125580451153,0.06678700361010836,0.33184855233853017
삼성전자,2025-11-26,2026-04-23,2019-08-02,2019-12-27,0.9853400516984663,0.012389380530973382,0.33184855233853017
삼성전자,2025-11-26,2026-04-23,2019-08-05,2019-12-30,0.9861543538323165,0.010752688172043001,0.33184855233853017
삼성전자,2025-11-26,2026-04-23,2019-08-06,2020-01-02,0.986875543388855,0.03623188405797095,0.33184855233853017
삼성전자,2025-11-26,2026-04-23,2019-08-07,2020-01-03,0.9859900916059767,0.0612612612612613,0.33184855233853017
삼성전자,2025-11-26,2026-04-23,2019-08-08,2020-01-06,0.9841136347028353,0.072072072072072,0.33184855233853017
삼성전자,2025-11-26,2026-04-23,2019-08-09,2020-01-07,0.9823024928987591,0.09498207885304666,0.33184855233853017
삼성전자,2025-11-26,2026-04-23,2020-10-12,2021-03-08,0.9815649843168056,0.04146341463414638,0.33184855233853017
삼성전자,2025-11-26,2026-04-23,2020-10-13,2021-03-09,0.9830855456415946,0.05651105651105648,0.33184855233853017
삼성전자,2025-11-26,2026-04-23,2020-10-14,2021-03-10,0.9829261026313484,0.05809641532756493,0.33184855233853017
삼성전자,2025-11-26,2026-04-23,2020-10-15,2021-03-11,0.9832554843903301,0.03292682926829271,0.33184855233853017
삼성전자,2025-11-26,2026-04-23,2020-10-16,2021-03-12,0.9830034202819371,0.009661835748792313,0.33184855233853017
삼성전자,2025-11-26,2026-04-23,2020-10-19,2021-03-15,0.9817390658406291,0.017114914425427896,0.33184855233853017
삼성전자,2025-11-26,2026-04-23,2020-10-20,2021-03-16,0.9800371023960217,0.01449275362318847,0.33184855233853017
삼성전자,2025-11-27,2026-04-24,2019-07-30,2019-12-23,0.9800625040085373,0.09549549549549541,0.398633257403189
삼성전자,2025-11-27,2026-04-24,2019-07-31,2019-12-24,0.9826444583153141,0.06909090909090909,0.398633257403189
삼성전자,2025-11-27,2026-04-24,2019-08-01,2019-12-26,0.9841219313013329,0.06678700361010836,0.398633257403189
삼성전자,2025-11-27,2026-04-24,2019-08-02,2019-12-27,0.9852736834487138,0.012389380530973382,0.398633257403189
삼성전자,2025-11-27,2026-04-24,2019-08-05,2019-12-30,0.986073569153417,0.010752688172043001,0.398633257403189
삼성전자,2025-11-27,2026-04-24,2019-08-06,2020-01-02,0.9865910474287041,0.03623188405797095,0.398633257403189
삼성전자,2025-11-27,2026-04-24,2019-08-07,2020-01-03,0.9872439571577563,0.0612612612612613,0.398633257403189
삼성전자,2025-11-27,2026-04-24,2019-08-08,2020-01-06,0.9863481545074473,0.072072072072072,0.398633257403189
삼성전자,2025-11-27,2026-04-24,2019-08-09,2020-01-07,0.9850279584874744,0.09498207885304666,0.398633257403189
삼성전자,2025-11-27,2026-04-24,2019-08-12,2020-01-08,0.9827654204819765,0.06338028169014076,0.398633257403189
삼성전자,2025-11-27,2026-04-24,2020-10-13,2021-03-09,0.98109314243425,0.05651105651105648,0.398633257403189
삼성전자,2025-11-27,2026-04-24,2020-10-14,2021-03-10,0.9824653977774139,0.05809641532756493,0.398633257403189
삼성전자,2025-11-27,2026-04-24,2020-10-15,2021-03-11,0.98251558498865,0.03292682926829271,0.398633257403189
삼성전자,2025-11-27,2026-04-24,2020-10-16,2021-03-12,0.982898033213822,0.009661835748792313,0.398633257403189
삼성전자,2025-11-27,2026-04-24,2020-10-19,2021-03-15,0.9823720110906481,0.017114914425427896,0.398633257403189
삼성전자,2025-11-27,2026-04-24,2020-10-20,2021-03-16,0.9813334385694916,0.01449275362318847,0.398633257403189
삼성전자,2025-11-28,2026-04-27,2019-07-31,2019-12-24,0.981750292280435,0.06909090909090909,0.334075723830735
삼성전자,2025-11-28,2026-04-27,2019-08-01,2019-12-26,0.9836265890604395,0.06678700361010836,0.334075723830735
삼성전자,2025-11-28,2026-04-27,2019-08-02,2019-12-27,0.9849449398833243,0.012389380530973382,0.334075723830735
삼성전자,2025-11-28,2026-04-27,2019-08-05,2019-12-30,0.9860093981474292,0.010752688172043001,0.334075723830735
삼성전자,2025-11-28,2026-04-27,2019-08-06,2020-01-02,0.9864796623845893,0.03623188405797095,0.334075723830735
삼성전자,2025-11-28,2026-04-27,2019-08-07,2020-01-03,0.9869469402735713,0.0612612612612613,0.334075723830735
삼성전자,2025-11-28,2026-04-27,2019-08-08,2020-01-06,0.9875431551214823,0.072072072072072,0.334075723830735
삼성전자,2025-11-28,2026-04-27,2019-08-09,2020-01-07,0.9870897194736108,0.09498207885304666,0.334075723830735
삼성전자,2025-11-28,2026-04-27,2019-08-12,2020-01-08,0.985455495854387,0.06338028169014076,0.334075723830735
삼성전자,2025-11-28,2026-04-27,2019-08-13,2020-01-09,0.9830605436654766,0.018771331058020424,0.334075723830735
삼성전자,2025-11-28,2026-04-27,2019-08-14,2020-01-10,0.9802024558147948,0.006722689075630228,0.334075723830735
삼성전자,2025-11-28,2026-04-27,2020-10-14,2021-03-10,0.9802884182386138,0.05809641532756493,0.334075723830735
삼성전자,2025-11-28,2026-04-27,2020-10-15,2021-03-11,0.9818589986737685,0.03292682926829271,0.334075723830735
삼성전자,2025-11-28,2026-04-27,2020-10-16,2021-03-12,0.9819853788487213,0.009661835748792313,0.334075723830735
삼성전자,2025-11-28,2026-04-27,2020-10-19,2021-03-15,0.9820571067296753,0.017114914425427896,0.334075723830735
삼성전자,2025-11-28,2026-04-27,2020-10-20,2021-03-16,0.9817571345545246,0.01449275362318847,0.334075723830735
삼성전자,2025-11-28,2026-04-27,2020-10-21,2021-03-17,0.9806357705355577,0.020656136087484844,0.334075723830735
삼성전자,2025-12-01,2026-04-28,2019-07-31,2019-12-24,0.9807585153636557,0.06909090909090909,0.427927927927928
삼성전자,2025-12-01,2026-04-28,2019-08-01,2019-12-26,0.9827886427526797,0.06678700361010836,0.427927927927928
삼성전자,2025-12-01,2026-04-28,2019-08-02,2019-12-27,0.9844220703809561,0.012389380530973382,0.427927927927928
삼성전자,2025-12-01,2026-04-28,2019-08-05,2019-12-30,0.9856968398301622,0.010752688172043001,0.427927927927928
삼성전자,2025-12-01,2026-04-28,2019-08-06,2020-01-02,0.9864169569822305,0.03623188405797095,0.427927927927928
삼성전자,2025-12-01,2026-04-28,2019-08-07,2020-01-03,0.9867916980941358,0.0612612612612613,0.427927927927928
삼성전자,2025-12-01,2026-04-28,2019-08-08,2020-01-06,0.9871886582058075,0.072072072072072,0.427927927927928
삼성전자,2025-12-01,2026-04-28,2019-08-09,2020-01-07,0.9880069302005128,0.09498207885304666,0.427927927927928
삼성전자,2025-12-01,2026-04-28,2019-08-12,2020-01-08,0.9872995434091573,0.06338028169014076,0.427927927927928
삼성전자,2025-12-01,2026-04-28,2019-08-13,2020-01-09,0.9854079386925161,0.018771331058020424,0.427927927927928
삼성전자,2025-12-01,2026-04-28,2019-08-14,2020-01-10,0.9828773006256966,0.006722689075630228,0.427927927927928
삼성전자,2025-12-01,2026-04-28,2020-10-16,2021-03-12,0.981520982067193,0.009661835748792313,0.427927927927928
삼성전자,2025-12-01,2026-04-28,2020-10-19,2021-03-15,0.981345153994247,0.017114914425427896,0.427927927927928
삼성전자,2025-12-01,2026-04-28,2020-10-20,2021-03-16,0.9816022314404269,0.01449275362318847,0.427927927927928
삼성전자,2025-12-01,2026-04-28,2020-10-21,2021-03-17,0.9812215762420362,0.020656136087484844,0.427927927927928
삼성전자,2025-12-01,2026-04-28,2020-10-22,2021-03-18,0.980187862210532,0.014475271411338975,0.427927927927928
삼성전자,2025-12-02,2026-04-29,2019-08-01,2019-12-26,0.9814436478924728,0.06678700361010836,0.5442477876106195
삼성전자,2025-12-02,2026-04-29,2019-08-02,2019-12-27,0.9832809595730934,0.012389380530973382,0.5442477876106195
삼성전자,2025-12-02,2026-04-29,2019-08-05,2019-12-30,0.9848114681992302,0.010752688172043001,0.5442477876106195
삼성전자,2025-12-02,2026-04-29,2019-08-06,2020-01-02,0.9856460899423892,0.03623188405797095,0.5442477876106195
삼성전자,2025-12-02,2026-04-29,2019-08-07,2020-01-03,0.986198072689845,0.0612612612612613,0.5442477876106195
삼성전자,2025-12-02,2026-04-29,2019-08-08,2020-01-06,0.986409831217776,0.072072072072072,0.5442477876106195
삼성전자,2025-12-02,2026-04-29,2019-08-09,2020-01-07,0.9869895197427685,0.09498207885304666,0.5442477876106195
삼성전자,2025-12-02,2026-04-29,2019-08-12,2020-01-08,0.9876606046273751,0.06338028169014076,0.5442477876106195
삼성전자,2025-12-02,2026-04-29,2019-08-13,2020-01-09,0.9866642132509491,0.018771331058020424,0.5442477876106195
삼성전자,2025-12-02,2026-04-29,2019-08-14,2020-01-10,0.9846589319685867,0.006722689075630228,0.5442477876106195
삼성전자,2025-12-02,2026-04-29,2019-08-16,2020-01-13,0.9820099608441561,0.008333333333333304,0.5442477876106195
삼성전자,2025-12-02,2026-04-29,2020-10-19,2021-03-15,0.9800931519736278,0.017114914425427896,0.5442477876106195
삼성전자,2025-12-02,2026-04-29,2020-10-20,2021-03-16,0.9800246545258016,0.01449275362318847,0.5442477876106195
삼성전자,2025-12-02,2026-04-29,2020-10-21,2021-03-17,0.9800963841884651,0.020656136087484844,0.5442477876106195
삼성전자,2025-12-03,2026-04-30,2019-08-02,2019-12-27,0.9822246240084709,0.012389380530973382,0.6349206349206349
삼성전자,2025-12-03,2026-04-30,2019-08-05,2019-12-30,0.9840672085957044,0.010752688172043001,0.6349206349206349
삼성전자,2025-12-03,2026-04-30,2019-08-06,2020-01-02,0.9853118874695681,0.03623188405797095,0.6349206349206349
삼성전자,2025-12-03,2026-04-30,2019-08-07,2020-01-03,0.9860519188414406,0.0612612612612613,0.6349206349206349
삼성전자,2025-12-03,2026-04-30,2019-08-08,2020-01-06,0.9865602101380069,0.072072072072072,0.6349206349206349
삼성전자,2025-12-03,2026-04-30,2019-08-09,2020-01-07,0.986854161602592,0.09498207885304666,0.6349206349206349
삼성전자,2025-12-03,2026-04-30,2019-08-12,2020-01-08,0.987232901406703,0.06338028169014076,0.6349206349206349
삼성전자,2025-12-03,2026-04-30,2019-08-13,2020-01-09,0.9874860563335254,0.018771331058020424,0.6349206349206349
삼성전자,2025-12-03,2026-04-30,2019-08-14,2020-01-10,0.9862983393856157,0.006722689075630228,0.6349206349206349
삼성전자,2025-12-03,2026-04-30,2019-08-16,2020-01-13,0.9841349342536662,0.008333333333333304,0.6349206349206349
삼성전자,2025-12-03,2026-04-30,2019-08-19,2020-01-14,0.9817499385211683,0.011666666666666714,0.6349206349206349
삼성전자,2025-12-04,2026-05-04,2019-08-02,2019-12-27,0.9809656047892623,0.012389380530973382,0.5118279569892472
삼성전자,2025-12-04,2026-05-04,2019-08-05,2019-12-30,0.9831001068236195,0.010752688172043001,0.5118279569892472
삼성전자,2025-12-04,2026-05-04,2019-08-06,2020-01-02,0.9845280136597083,0.03623188405797095,0.5118279569892472
삼성전자,2025-12-04,2026-05-04,2019-08-07,2020-01-03,0.9856972821718334,0.0612612612612613,0.5118279569892472
삼성전자,2025-12-04,2026-05-04,2019-08-08,2020-01-06,0.9863645507489305,0.072072072072072,0.5118279569892472
삼성전자,2025-12-04,2026-05-04,2019-08-09,2020-01-07,0.9868019992424832,0.09498207885304666,0.5118279569892472
삼성전자,2025-12-04,2026-05-04,2019-08-12,2020-01-08,0.9872408067714717,0.06338028169014076,0.5118279569892472
삼성전자,2025-12-04,2026-05-04,2019-08-13,2020-01-09,0.9874632886492678,0.018771331058020424,0.5118279569892472
삼성전자,2025-12-04,2026-05-04,2019-08-14,2020-01-10,0.9875045445958482,0.006722689075630228,0.5118279569892472
삼성전자,2025-12-04,2026-05-04,2019-08-16,2020-01-13,0.9862753727312257,0.008333333333333304,0.5118279569892472
삼성전자,2025-12-04,2026-05-04,2019-08-19,2020-01-14,0.9843071302316286,0.011666666666666714,0.5118279569892472
삼성전자,2025-12-04,2026-05-04,2019-08-20,2020-01-15,0.9822468418781336,0.047457627118643986,0.5118279569892472
삼성전자,2025-12-05,2026-05-06,2019-08-02,2019-12-27,0.9804684162120696,0.012389380530973382,0.23684210526315796
삼성전자,2025-12-05,2026-05-06,2019-08-05,2019-12-30,0.9811049787551538,0.010752688172043001,0.23684210526315796
삼성전자,2025-12-05,2026-05-06,2019-08-06,2020-01-02,0.982415448277063,0.03623188405797095,0.23684210526315796
삼성전자,2025-12-05,2026-05-06,2019-08-07,2020-01-03,0.9838259734903387,0.0612612612612613,0.23684210526315796
삼성전자,2025-12-05,2026-05-06,2019-08-08,2020-01-06,0.9848221212783952,0.072072072072072,0.23684210526315796
삼성전자,2025-12-05,2026-05-06,2019-08-09,2020-01-07,0.9853734373977778,0.09498207885304666,0.23684210526315796
삼성전자,2025-12-05,2026-05-06,2019-08-12,2020-01-08,0.9865367585595312,0.06338028169014076,0.23684210526315796
삼성전자,2025-12-05,2026-05-06,2019-08-13,2020-01-09,0.987578919998723,0.018771331058020424,0.23684210526315796
삼성전자,2025-12-05,2026-05-06,2019-08-14,2020-01-10,0.9878547231133245,0.006722689075630228,0.23684210526315796
삼성전자,2025-12-05,2026-05-06,2019-08-16,2020-01-13,0.9880064123951879,0.008333333333333304,0.23684210526315796
삼성전자,2025-12-05,2026-05-06,2019-08-19,2020-01-14,0.9867845083496636,0.011666666666666714,0.23684210526315796
삼성전자,2025-12-05,2026-05-06,2019-08-20,2020-01-15,0.9845388844570452,0.047457627118643986,0.23684210526315796
삼성전자,2025-12-05,2026-05-06,2019-08-21,2020-01-16,0.9829809333909665,0.01317957166392092,0.23684210526315796
삼성전자,2025-12-05,2026-05-06,2019-08-22,2020-01-17,0.9807154034455864,-0.024469820554649302,0.23684210526315796
삼성전자,2025-12-08,2026-05-07,2019-08-05,2019-12-30,0.9804393905590534,0.010752688172043001,0.08839779005524862
삼성전자,2025-12-08,2026-05-07,2019-08-06,2020-01-02,0.9803350986676089,0.03623188405797095,0.08839779005524862
삼성전자,2025-12-08,2026-05-07,2019-08-07,2020-01-03,0.9816600874051059,0.0612612612612613,0.08839779005524862
삼성전자,2025-12-08,2026-05-07,2019-08-08,2020-01-06,0.9828991349808277,0.072072072072072,0.08839779005524862
삼성전자,2025-12-08,2026-05-07,2019-08-09,2020-01-07,0.9837103554593727,0.09498207885304666,0.08839779005524862
삼성전자,2025-12-08,2026-05-07,2019-08-12,2020-01-08,0.9850935044799719,0.06338028169014076,0.08839779005524862
삼성전자,2025-12-08,2026-05-07,2019-08-13,2020-01-09,0.9868494958339692,0.018771331058020424,0.08839779005524862
삼성전자,2025-12-08,2026-05-07,2019-08-14,2020-01-10,0.9879458665914119,0.006722689075630228,0.08839779005524862
삼성전자,2025-12-08,2026-05-07,2019-08-16,2020-01-13,0.9883250043052945,0.008333333333333304,0.08839779005524862
삼성전자,2025-12-08,2026-05-07,2019-08-19,2020-01-14,0.9884083293643399,0.011666666666666714,0.08839779005524862
삼성전자,2025-12-08,2026-05-07,2019-08-20,2020-01-15,0.9868670431430839,0.047457627118643986,0.08839779005524862
삼성전자,2025-12-08,2026-05-07,2019-08-21,2020-01-16,0.9851207091507345,0.01317957166392092,0.08839779005524862
삼성전자,2025-12-08,2026-05-07,2019-08-22,2020-01-17,0.9836726768158245,-0.024469820554649302,0.08839779005524862
삼성전자,2025-12-08,2026-05-07,2019-08-23,2020-01-20,0.9815682186733639,-0.03525641025641024,0.08839779005524862
삼성전자,2025-12-09,2026-05-08,2019-08-06,2020-01-02,0.9800680839796257,0.03623188405797095,0.1992551210428306
삼성전자,2025-12-09,2026-05-08,2019-08-07,2020-01-03,0.9800211786821287,0.0612612612612613,0.1992551210428306
삼성전자,2025-12-09,2026-05-08,2019-08-08,2020-01-06,0.9812011976846025,0.072072072072072,0.1992551210428306
삼성전자,2025-12-09,2026-05-08,2019-08-09,2020-01-07,0.9821337219651706,0.09498207885304666,0.1992551210428306
삼성전자,2025-12-09,2026-05-08,2019-08-12,2020-01-08,0.9837795104867444,0.06338028169014076,0.1992551210428306
삼성전자,2025-12-09,2026-05-08,2019-08-13,2020-01-09,0.9855858281319718,0.018771331058020424,0.1992551210428306
삼성전자,2025-12-09,2026-05-08,2019-08-14,2020-01-10,0.987267618313477,0.006722689075630228,0.1992551210428306
삼성전자,2025-12-09,2026-05-08,2019-08-16,2020-01-13,0.9884459000654091,0.008333333333333304,0.1992551210428306
삼성전자,2025-12-09,2026-05-08,2019-08-19,2020-01-14,0.988779365594297,0.011666666666666714,0.1992551210428306
삼성전자,2025-12-09,2026-05-08,2019-08-20,2020-01-15,0.9886250602995356,0.047457627118643986,0.1992551210428306
삼성전자,2025-12-09,2026-05-08,2019-08-21,2020-01-16,0.9874003554706732,0.01317957166392092,0.1992551210428306
삼성전자,2025-12-09,2026-05-08,2019-08-22,2020-01-17,0.9857450108330386,-0.024469820554649302,0.1992551210428306
삼성전자,2025-12-09,2026-05-08,2019-08-23,2020-01-20,0.9843574246514,-0.03525641025641024,0.1992551210428306
삼성전자,2025-12-09,2026-05-08,2019-08-26,2020-01-21,0.9822516800360224,-0.0228013029315961,0.1992551210428306
삼성전자,2025-12-10,2026-05-11,2019-08-12,2020-01-08,0.9816682764278739,0.06338028169014076,0.05954465849387036
삼성전자,2025-12-10,2026-05-11,2019-08-13,2020-01-09,0.9840405259416146,0.018771331058020424,0.05954465849387036
삼성전자,2025-12-10,2026-05-11,2019-08-14,2020-01-10,0.9858309804922154,0.006722689075630228,0.05954465849387036
삼성전자,2025-12-10,2026-05-11,2019-08-16,2020-01-13,0.9876777399326802,0.008333333333333304,0.05954465849387036
삼성전자,2025-12-10,2026-05-11,2019-08-19,2020-01-14,0.9887121078024699,0.011666666666666714,0.05954465849387036
삼성전자,2025-12-10,2026-05-11,2019-08-20,2020-01-15,0.988550602154787,0.047457627118643986,0.05954465849387036
삼성전자,2025-12-10,2026-05-11,2019-08-21,2020-01-16,0.9889240247293825,0.01317957166392092,0.05954465849387036
삼성전자,2025-12-10,2026-05-11,2019-08-22,2020-01-17,0.9878148770068463,-0.024469820554649302,0.05954465849387036
삼성전자,2025-12-10,2026-05-11,2019-08-23,2020-01-20,0.9863450225930627,-0.03525641025641024,0.05954465849387036
삼성전자,2025-12-10,2026-05-11,2019-08-26,2020-01-21,0.9846989048927103,-0.0228013029315961,0.05954465849387036
삼성전자,2025-12-10,2026-05-11,2019-08-27,2020-01-22,0.9828372325747463,-0.049759229534510396,0.05954465849387036
삼성전자,2025-12-10,2026-05-11,2025-05-19,2025-10-15,0.9801199825745908,0.08526315789473693,0.05954465849387036
삼성전자,2025-12-11,2026-05-12,2019-08-13,2020-01-09,0.9822626814825031,0.018771331058020424,0.07168458781362008
삼성전자,2025-12-11,2026-05-12,2019-08-14,2020-01-10,0.984436794916894,0.006722689075630228,0.07168458781362008
삼성전자,2025-12-11,2026-05-12,2019-08-16,2020-01-13,0.9864126964691142,0.008333333333333304,0.07168458781362008
삼성전자,2025-12-11,2026-05-12,2019-08-19,2020-01-14,0.9881435499820166,0.011666666666666714,0.07168458781362008
삼성전자,2025-12-11,2026-05-12,2019-08-20,2020-01-15,0.9888468065332184,0.047457627118643986,0.07168458781362008
삼성전자,2025-12-11,2026-05-12,2019-08-21,2020-01-16,0.9890154117839774,0.01317957166392092,0.07168458781362008
삼성전자,2025-12-11,2026-05-12,2019-08-22,2020-01-17,0.9894005018600195,-0.024469820554649302,0.07168458781362008
삼성전자,2025-12-11,2026-05-12,2019-08-23,2020-01-20,0.9883447036099258,-0.03525641025641024,0.07168458781362008
삼성전자,2025-12-11,2026-05-12,2019-08-26,2020-01-21,0.9868122786371613,-0.0228013029315961,0.07168458781362008
삼성전자,2025-12-11,2026-05-12,2019-08-27,2020-01-22,0.985309382530795,-0.049759229534510396,0.07168458781362008
삼성전자,2025-12-11,2026-05-12,2019-08-28,2020-01-23,0.9831364769580747,-0.06578947368421051,0.07168458781362008
삼성전자,2025-12-11,2026-05-12,2025-05-19,2025-10-15,0.9806161148096653,0.08526315789473693,0.07168458781362008
삼성전자,2025-12-11,2026-05-12,2025-05-20,2025-10-16,0.9804594319294817,0.05220061412487209,0.07168458781362008
삼성전자,2025-12-12,2026-05-13,2019-08-13,2020-01-09,0.9803896605821293,0.018771331058020424,0.13556338028169024
삼성전자,2025-12-12,2026-05-13,2019-08-14,2020-01-10,0.9826390615710701,0.006722689075630228,0.13556338028169024
삼성전자,2025-12-12,2026-05-13,2019-08-16,2020-01-13,0.985073772689623,0.008333333333333304,0.13556338028169024
삼성전자,2025-12-12,2026-05-13,2019-08-19,2020-01-14,0.9869239167672282,0.011666666666666714,0.13556338028169024
삼성전자,2025-12-12,2026-05-13,2019-08-20,2020-01-15,0.9882708487280624,0.047457627118643986,0.13556338028169024
삼성전자,2025-12-12,2026-05-13,2019-08-21,2020-01-16,0.9892986971284754,0.01317957166392092,0.13556338028169024
삼성전자,2025-12-12,2026-05-13,2019-08-22,2020-01-17,0.9894908701049678,-0.024469820554649302,0.13556338028169024
삼성전자,2025-12-12,2026-05-13,2019-08-23,2020-01-20,0.9898688350617016,-0.03525641025641024,0.13556338028169024
삼성전자,2025-12-12,2026-05-13,2019-08-26,2020-01-21,0.9887191472446479,-0.0228013029315961,0.13556338028169024
삼성전자,2025-12-12,2026-05-13,2019-08-27,2020-01-22,0.9873266935282105,-0.049759229534510396,0.13556338028169024
삼성전자,2025-12-12,2026-05-13,2019-08-28,2020-01-23,0.9854878286376989,-0.06578947368421051,0.13556338028169024
삼성전자,2025-12-12,2026-05-13,2019-08-29,2020-01-28,0.982430995985635,-0.015306122448979553,0.13556338028169024
삼성전자,2025-12-12,2026-05-13,2025-05-19,2025-10-15,0.9801966331050354,0.08526315789473693,0.13556338028169024
삼성전자,2025-12-12,2026-05-13,2025-05-20,2025-10-16,0.980984329423996,0.05220061412487209,0.13556338028169024
삼성전자,2025-12-12,2026-05-13,2025-05-21,2025-10-17,0.9810078118119645,-0.007150153217568955,0.13556338028169024
삼성전자,2025-12-15,2026-05-14,2019-08-14,2020-01-10,0.9807038356590707,0.006722689075630228,0.1385135135135136
삼성전자,2025-12-15,2026-05-14,2019-08-16,2020-01-13,0.9832912025458618,0.008333333333333304,0.1385135135135136
삼성전자,2025-12-15,2026-05-14,2019-08-19,2020-01-14,0.9855357874704564,0.011666666666666714,0.1385135135135136
삼성전자,2025-12-15,2026-05-14,2019-08-20,2020-01-15,0.9868633008310707,0.047457627118643986,0.1385135135135136
삼성전자,2025-12-15,2026-05-14,2019-08-21,2020-01-16,0.9886326219700234,0.01317957166392092,0.1385135135135136
삼성전자,2025-12-15,2026-05-14,2019-08-22,2020-01-17,0.9896693094831301,-0.024469820554649302,0.1385135135135136
삼성전자,2025-12-15,2026-05-14,2019-08-23,2020-01-20,0.9899381167174985,-0.03525641025641024,0.1385135135135136
삼성전자,2025-12-15,2026-05-14,2019-08-26,2020-01-21,0.9900347318276861,-0.0228013029315961,0.1385135135135136
삼성전자,2025-12-15,2026-05-14,2019-08-27,2020-01-22,0.9890648948919967,-0.049759229534510396,0.1385135135135136
삼성전자,2025-12-15,2026-05-14,2019-08-28,2020-01-23,0.9871671211263715,-0.06578947368421051,0.1385135135135136
삼성전자,2025-12-15,2026-05-14,2019-08-29,2020-01-28,0.9842420828585867,-0.015306122448979553,0.1385135135135136
삼성전자,2025-12-15,2026-05-14,2019-08-30,2020-01-29,0.9813702633639008,-0.04399323181049064,0.1385135135135136
삼성전자,2025-12-15,2026-05-14,2025-05-20,2025-10-16,0.9808884010442729,0.05220061412487209,0.1385135135135136
삼성전자,2025-12-15,2026-05-14,2025-05-21,2025-10-17,0.9817539869498177,-0.007150153217568955,0.1385135135135136
삼성전자,2025-12-15,2026-05-14,2025-05-22,2025-10-20,0.9818498199517046,0.025484199796126372,0.1385135135135136
삼성전자,2025-12-16,2026-05-15,2019-08-16,2020-01-13,0.981281136395016,0.008333333333333304,0.26802218114602594
삼성전자,2025-12-16,2026-05-15,2019-08-19,2020-01-14,0.9838308316923466,0.011666666666666714,0.26802218114602594
삼성전자,2025-12-16,2026-05-15,2019-08-20,2020-01-15,0.9860269113767575,0.047457627118643986,0.26802218114602594
삼성전자,2025-12-16,2026-05-15,2019-08-21,2020-01-16,0.9873132195944212,0.01317957166392092,0.26802218114602594
삼성전자,2025-12-16,2026-05-15,2019-08-22,2020-01-17,0.9889848190927439,-0.024469820554649302,0.26802218114602594
삼성전자,2025-12-16,2026-05-15,2019-08-23,2020-01-20,0.9897912051473878,-0.03525641025641024,0.26802218114602594
삼성전자,2025-12-16,2026-05-15,2019-08-26,2020-01-21,0.9902690484733487,-0.0228013029315961,0.26802218114602594
삼성전자,2025-12-16,2026-05-15,2019-08-27,2020-01-22,0.9902904937094026,-0.049759229534510396,0.26802218114602594
삼성전자,2025-12-16,2026-05-15,2019-08-28,2020-01-23,0.9894422874708125,-0.06578947368421051,0.26802218114602594
삼성전자,2025-12-16,2026-05-15,2019-08-29,2020-01-28,0.9872086109434661,-0.015306122448979553,0.26802218114602594
삼성전자,2025-12-16,2026-05-15,2019-08-30,2020-01-29,0.9843761501693701,-0.04399323181049064,0.26802218114602594
삼성전자,2025-12-16,2026-05-15,2019-09-02,2020-01-30,0.980793464990668,-0.022727272727272707,0.26802218114602594
삼성전자,2025-12-16,2026-05-15,2025-05-21,2025-10-17,0.9803543282434535,-0.007150153217568955,0.26802218114602594
삼성전자,2025-12-16,2026-05-15,2025-05-22,2025-10-20,0.9814306094019207,0.025484199796126372,0.26802218114602594
삼성전자,2025-12-16,2026-05-15,2025-05-23,2025-10-21,0.9818594294480967,0.003076923076922977,0.26802218114602594
삼성전자,2025-12-16,2026-05-15,2025-05-26,2025-10-22,0.9800724241821064,-0.02129817444219062,0.26802218114602594
삼성전자,2025-12-17,2026-05-18,2019-08-19,2020-01-14,0.9812802694737869,0.011666666666666714,0.23309608540925275
삼성전자,2025-12-17,2026-05-18,2019-08-20,2020-01-15,0.9835948491306334,0.047457627118643986,0.23309608540925275
삼성전자,2025-12-17,2026-05-18,2019-08-21,2020-01-16,0.9859122148248453,0.01317957166392092,0.23309608540925275
삼성전자,2025-12-17,2026-05-18,2019-08-22,2020-01-17,0.9871563590483255,-0.024469820554649302,0.23309608540925275
삼성전자,2025-12-17,2026-05-18,2019-08-23,2020-01-20,0.988655864480229,-0.03525641025641024,0.23309608540925275
삼성전자,2025-12-17,2026-05-18,2019-08-26,2020-01-21,0.9894853797896906,-0.0228013029315961,0.23309608540925275
삼성전자,2025-12-17,2026-05-18,2019-08-27,2020-01-22,0.9898591299826847,-0.049759229534510396,0.23309608540925275
삼성전자,2025-12-17,2026-05-18,2019-08-28,2020-01-23,0.9897236168883683,-0.06578947368421051,0.23309608540925275
삼성전자,2025-12-17,2026-05-18,2019-08-29,2020-01-28,0.9881391088134367,-0.015306122448979553,0.23309608540925275
삼성전자,2025-12-17,2026-05-18,2019-08-30,2020-01-29,0.985727308955137,-0.04399323181049064,0.23309608540925275
삼성전자,2025-12-17,2026-05-18,2019-09-02,2020-01-30,0.981742245024828,-0.022727272727272707,0.23309608540925275
삼성전자,2025-12-17,2026-05-18,2025-05-21,2025-10-17,0.9802381855308613,-0.007150153217568955,0.23309608540925275
삼성전자,2025-12-17,2026-05-18,2025-05-22,2025-10-20,0.9820661599566496,0.025484199796126372,0.23309608540925275
삼성전자,2025-12-17,2026-05-18,2025-05-23,2025-10-21,0.9833421528768002,0.003076923076922977,0.23309608540925275
삼성전자,2025-12-17,2026-05-18,2025-05-26,2025-10-22,0.9837073619276286,-0.02129817444219062,0.23309608540925275
삼성전자,2025-12-17,2026-05-18,2025-05-27,2025-10-23,0.9821528162559416,0.042487046632124326,0.23309608540925275
삼성전자,2025-12-18,2026-05-19,2019-08-20,2020-01-15,0.9819179779264733,0.047457627118643986,0.3157894736842106
삼성전자,2025-12-18,2026-05-19,2019-08-21,2020-01-16,0.9841898228908913,0.01317957166392092,0.3157894736842106
삼성전자,2025-12-18,2026-05-19,2019-08-22,2020-01-17,0.9863934337165068,-0.024469820554649302,0.3157894736842106
삼성전자,2025-12-18,2026-05-19,2019-08-23,2020-01-20,0.9874099738442055,-0.03525641025641024,0.3157894736842106
삼성전자,2025-12-18,2026-05-19,2019-08-26,2020-01-21,0.9890483559346936,-0.0228013029315961,0.3157894736842106
삼성전자,2025-12-18,2026-05-19,2019-08-27,2020-01-22,0.9897815461953063,-0.049759229534510396,0.3157894736842106
삼성전자,2025-12-18,2026-05-19,2019-08-28,2020-01-23,0.9902095755378362,-0.06578947368421051,0.3157894736842106
삼성전자,2025-12-18,2026-05-19,2019-08-29,2020-01-28,0.9896625866965025,-0.015306122448979553,0.3157894736842106
삼성전자,2025-12-18,2026-05-19,2019-08-30,2020-01-29,0.9881281640625644,-0.04399323181049064,0.3157894736842106
삼성전자,2025-12-18,2026-05-19,2019-09-02,2020-01-30,0.9849842394847723,-0.022727272727272707,0.3157894736842106
삼성전자,2025-12-18,2026-05-19,2019-09-03,2020-01-31,0.9805946561626664,-0.03900709219858156,0.3157894736842106
삼성전자,2025-12-18,2026-05-19,2025-05-22,2025-10-20,0.9800443090433586,0.025484199796126372,0.3157894736842106
삼성전자,2025-12-18,2026-05-19,2025-05-23,2025-10-21,0.9821158954509213,0.003076923076922977,0.3157894736842106
삼성전자,2025-12-18,2026-05-19,2025-05-26,2025-10-22,0.9833400777594746,-0.02129817444219062,0.3157894736842106
삼성전자,2025-12-18,2026-05-19,2025-05-27,2025-10-23,0.9841009014984266,0.042487046632124326,0.3157894736842106
삼성전자,2025-12-19,2026-05-20,2019-08-20,2020-01-15,0.9802049077029293,0.047457627118643986,0.28260869565217384
삼성전자,2025-12-19,2026-05-20,2019-08-21,2020-01-16,0.9825322733806141,0.01317957166392092,0.28260869565217384
삼성전자,2025-12-19,2026-05-20,2019-08-22,2020-01-17,0.9846869759751169,-0.024469820554649302,0.28260869565217384
삼성전자,2025-12-19,2026-05-20,2019-08-23,2020-01-20,0.986606648350708,-0.03525641025641024,0.28260869565217384
삼성전자,2025-12-19,2026-05-20,2019-08-26,2020-01-21,0.9878175442574997,-0.0228013029315961,0.28260869565217384
삼성전자,2025-12-19,2026-05-20,2019-08-27,2020-01-22,0.9893151215201725,-0.049759229534510396,0.28260869565217384
삼성전자,2025-12-19,2026-05-20,2019-08-28,2020-01-23,0.9901421152505225,-0.06578947368421051,0.28260869565217384
삼성전자,2025-12-19,2026-05-20,2019-08-29,2020-01-28,0.9902036342950356,-0.015306122448979553,0.28260869565217384
삼성전자,2025-12-19,2026-05-20,2019-08-30,2020-01-29,0.9896697156402515,-0.04399323181049064,0.28260869565217384
삼성전자,2025-12-19,2026-05-20,2019-09-02,2020-01-30,0.9874409109043281,-0.022727272727272707,0.28260869565217384
삼성전자,2025-12-19,2026-05-20,2019-09-03,2020-01-31,0.9838958467356962,-0.03900709219858156,0.28260869565217384
삼성전자,2025-12-19,2026-05-20,2019-09-04,2020-02-03,0.9807567013936237,-0.038461538461538436,0.28260869565217384
삼성전자,2025-12-19,2026-05-20,2025-05-23,2025-10-21,0.9800663402997227,0.003076923076922977,0.28260869565217384
삼성전자,2025-12-19,2026-05-20,2025-05-26,2025-10-22,0.9820528808101214,-0.02129817444219062,0.28260869565217384
삼성전자,2025-12-19,2026-05-20,2025-05-27,2025-10-23,0.9836780150882991,0.042487046632124326,0.28260869565217384
삼성전자,2025-12-22,2026-05-21,2019-08-22,2020-01-17,0.9822639918782157,-0.024469820554649302,0.1803005008347245
삼성전자,2025-12-22,2026-05-21,2019-08-23,2020-01-20,0.9843500571558563,-0.03525641025641024,0.1803005008347245
삼성전자,2025-12-22,2026-05-21,2019-08-26,2020-01-21,0.9860840371581234,-0.0228013029315961,0.1803005008347245
삼성전자,2025-12-22,2026-05-21,2019-08-27,2020-01-22,0.987252225870392,-0.049759229534510396,0.1803005008347245
삼성전자,2025-12-22,2026-05-21,2019-08-28,2020-01-23,0.9883311725367713,-0.06578947368421051,0.1803005008347245
삼성전자,2025-12-22,2026-05-21,2019-08-29,2020-01-28,0.9881109117922522,-0.015306122448979553,0.1803005008347245
삼성전자,2025-12-22,2026-05-21,2019-08-30,2020-01-29,0.9879808402796844,-0.04399323181049064,0.1803005008347245
삼성전자,2025-12-22,2026-05-21,2019-09-02,2020-01-30,0.9860211296552674,-0.022727272727272707,0.1803005008347245
삼성전자,2025-12-22,2026-05-21,2019-09-03,2020-01-31,0.9828430191009261,-0.03900709219858156,0.1803005008347245
삼성전자,2025-12-22,2026-05-21,2019-09-04,2020-02-03,0.9810557753526793,-0.038461538461538436,0.1803005008347245
삼성전자,2025-12-22,2026-05-21,2025-05-23,2025-10-21,0.9808092545251501,0.003076923076922977,0.1803005008347245
삼성전자,2025-12-22,2026-05-21,2025-05-26,2025-10-22,0.9824921814679343,-0.02129817444219062,0.1803005008347245
삼성전자,2025-12-22,2026-05-21,2025-05-27,2025-10-23,0.9844787633189707,0.042487046632124326,0.1803005008347245
삼성전자,2025-12-23,2026-05-22,2019-08-22,2020-01-17,0.9806352594147771,-0.024469820554649302,0.05982905982905984
삼성전자,2025-12-23,2026-05-22,2019-08-23,2020-01-20,0.9827716752593854,-0.03525641025641024,0.05982905982905984
삼성전자,2025-12-23,2026-05-22,2019-08-26,2020-01-21,0.9847948489437359,-0.0228013029315961,0.05982905982905984
삼성전자,2025-12-23,2026-05-22,2019-08-27,2020-01-22,0.9864516514567376,-0.049759229534510396,0.05982905982905984
삼성전자,2025-12-23,2026-05-22,2019-08-28,2020-01-23,0.9874260117674885,-0.06578947368421051,0.05982905982905984
삼성전자,2025-12-23,2026-05-22,2019-08-29,2020-01-28,0.9877802057790512,-0.015306122448979553,0.05982905982905984
삼성전자,2025-12-23,2026-05-22,2019-08-30,2020-01-29,0.987537487481599,-0.04399323181049064,0.05982905982905984
삼성전자,2025-12-23,2026-05-22,2019-09-02,2020-01-30,0.986368912726148,-0.022727272727272707,0.05982905982905984
삼성전자,2025-12-23,2026-05-22,2019-09-03,2020-01-31,0.9838126252094905,-0.03900709219858156,0.05982905982905984
삼성전자,2025-12-23,2026-05-22,2019-09-04,2020-02-03,0.982663195623549,-0.038461538461538436,0.05982905982905984
삼성전자,2025-12-23,2026-05-22,2025-05-23,2025-10-21,0.9802608687244152,0.003076923076922977,0.05982905982905984
삼성전자,2025-12-23,2026-05-22,2025-05-26,2025-10-22,0.9815148522582511,-0.02129817444219062,0.05982905982905984
삼성전자,2025-12-23,2026-05-22,2025-05-27,2025-10-23,0.983365111217469,0.042487046632124326,0.05982905982905984
삼성전자,2025-12-24,2026-05-26,2019-08-22,2020-01-17,0.980036929325802,-0.024469820554649302,0.1387959866220736
삼성전자,2025-12-24,2026-05-26,2019-08-23,2020-01-20,0.9814376613437357,-0.03525641025641024,0.1387959866220736
삼성전자,2025-12-24,2026-05-26,2019-08-26,2020-01-21,0.9834514642787384,-0.0228013029315961,0.1387959866220736
삼성전자,2025-12-24,2026-05-26,2019-08-27,2020-01-22,0.9854091009753108,-0.049759229534510396,0.1387959866220736
삼성전자,2025-12-24,2026-05-26,2019-08-28,2020-01-23,0.9867915790802327,-0.06578947368421051,0.1387959866220736
삼성전자,2025-12-24,2026-05-26,2019-08-29,2020-01-28,0.986982369299823,-0.015306122448979553,0.1387959866220736
삼성전자,2025-12-24,2026-05-26,2019-08-30,2020-01-29,0.987331735331902,-0.04399323181049064,0.1387959866220736
삼성전자,2025-12-24,2026-05-26,2019-09-02,2020-01-30,0.9860138881614727,-0.022727272727272707,0.1387959866220736
삼성전자,2025-12-24,2026-05-26,2019-09-03,2020-01-31,0.9842416206927218,-0.03900709219858156,0.1387959866220736
삼성전자,2025-12-24,2026-05-26,2019-09-04,2020-02-03,0.983655448907079,-0.038461538461538436,0.1387959866220736
삼성전자,2025-12-24,2026-05-26,2019-09-05,2020-02-04,0.9812144301455562,-0.05942275042444822,0.1387959866220736
삼성전자,2025-12-24,2026-05-26,2025-05-23,2025-10-21,0.9804825379670589,0.003076923076922977,0.1387959866220736
삼성전자,2025-12-24,2026-05-26,2025-05-26,2025-10-22,0.98087252963279,-0.02129817444219062,0.1387959866220736
삼성전자,2025-12-24,2026-05-26,2025-05-27,2025-10-23,0.9822589894941425,0.042487046632124326,0.1387959866220736
삼성전자,2025-12-26,2026-05-27,2019-08-27,2020-01-22,0.9819229890873444,-0.049759229534510396,0.16775244299674275
삼성전자,2025-12-26,2026-05-27,2019-08-28,2020-01-23,0.983432393310226,-0.06578947368421051,0.16775244299674275
삼성전자,2025-12-26,2026-05-27,2019-08-29,2020-01-28,0.9837047666205898,-0.015306122448979553,0.16775244299674275
삼성전자,2025-12-26,2026-05-27,2019-08-30,2020-01-29,0.9836272942005337,-0.04399323181049064,0.16775244299674275
삼성전자,2025-12-26,2026-05-27,2019-09-02,2020-01-30,0.9824617602476726,-0.022727272727272707,0.16775244299674275
삼성전자,2025-12-26,2026-05-27,2019-09-03,2020-01-31,0.9800842021946303,-0.03900709219858156,0.16775244299674275
삼성전자,2025-12-26,2026-05-27,2019-09-04,2020-02-03,0.9807804824631312,-0.038461538461538436,0.16775244299674275
삼성전자,2025-12-26,2026-05-27,2019-09-05,2020-02-04,0.9809954138742096,-0.05942275042444822,0.16775244299674275
삼성전자,2025-12-26,2026-05-27,2025-05-21,2025-10-17,0.9810545765176296,-0.007150153217568955,0.16775244299674275
삼성전자,2025-12-26,2026-05-27,2025-05-22,2025-10-20,0.9815979264078494,0.025484199796126372,0.16775244299674275
삼성전자,2025-12-26,2026-05-27,2025-05-23,2025-10-21,0.9823686135178569,0.003076923076922977,0.16775244299674275
삼성전자,2025-12-26,2026-05-27,2025-05-26,2025-10-22,0.9831085581894394,-0.02129817444219062,0.16775244299674275
삼성전자,2025-12-26,2026-05-27,2025-05-27,2025-10-23,0.9834762138425784,0.042487046632124326,0.16775244299674275
삼성전자,2025-12-26,2026-05-27,2025-05-30,2025-10-28,0.9813232213636671,-0.0020100502512563345,0.16775244299674275
삼성전자,2025-12-26,2026-05-27,2025-06-02,2025-10-29,0.9807023222887854,0.022885572139303534,0.16775244299674275
삼성전자,2025-12-29,2026-05-28,2019-08-28,2020-01-23,0.9811944024345906,-0.06578947368421051,0.1335559265442403
삼성전자,2025-12-29,2026-05-28,2019-08-29,2020-01-28,0.981874372983872,-0.015306122448979553,0.1335559265442403
삼성전자,2025-12-29,2026-05-28,2019-08-30,2020-01-29,0.9820261326087693,-0.04399323181049064,0.1335559265442403
삼성전자,2025-12-29,2026-05-28,2019-09-02,2020-01-30,0.9807739304554022,-0.022727272727272707,0.1335559265442403
삼성전자,2025-12-29,2026-05-28,2019-09-05,2020-02-04,0.9807491070955302,-0.05942275042444822,0.1335559265442403
삼성전자,2025-12-29,2026-05-28,2025-05-21,2025-10-17,0.9805856416220933,-0.007150153217568955,0.1335559265442403
삼성전자,2025-12-29,2026-05-28,2025-05-22,2025-10-20,0.9819920967751747,0.025484199796126372,0.1335559265442403
삼성전자,2025-12-29,2026-05-28,2025-05-23,2025-10-21,0.9827085965937561,0.003076923076922977,0.1335559265442403
삼성전자,2025-12-29,2026-05-28,2025-05-26,2025-10-22,0.9834194329768567,-0.02129817444219062,0.1335559265442403
삼성전자,2025-12-29,2026-05-28,2025-05-27,2025-10-23,0.9843262239313735,0.042487046632124326,0.1335559265442403
삼성전자,2025-12-29,2026-05-28,2025-05-30,2025-10-28,0.9811542566673085,-0.0020100502512563345,0.1335559265442403
삼성전자,2025-12-29,2026-05-28,2025-06-02,2025-10-29,0.980930511477922,0.022885572139303534,0.1335559265442403
삼성전자,2025-12-29,2026-05-28,2025-06-04,2025-10-30,0.9809235559699776,-0.0057636887608069065,0.1335559265442403
삼성전자,2025-12-29,2026-05-28,2025-06-05,2025-10-31,0.9817452784646539,-0.06511627906976747,0.1335559265442403
삼성전자,2025-12-30,2026-05-29,2019-08-29,2020-01-28,0.9801120018192446,-0.015306122448979553,0.018927444794952786
삼성전자,2025-12-30,2026-05-29,2019-08-30,2020-01-29,0.9807699387408622,-0.04399323181049064,0.018927444794952786
삼성전자,2025-12-30,2026-05-29,2025-05-20,2025-10-16,0.980636550864409,0.05220061412487209,0.018927444794952786
삼성전자,2025-12-30,2026-05-29,2025-05-21,2025-10-17,0.9808137787364902,-0.007150153217568955,0.018927444794952786
삼성전자,2025-12-30,2026-05-29,2025-05-22,2025-10-20,0.9815018561438646,0.025484199796126372,0.018927444794952786
삼성전자,2025-12-30,2026-05-29,2025-05-23,2025-10-21,0.9829008023995225,0.003076923076922977,0.018927444794952786
삼성전자,2025-12-30,2026-05-29,2025-05-26,2025-10-22,0.9835732390395643,-0.02129817444219062,0.018927444794952786
삼성전자,2025-12-30,2026-05-29,2025-05-27,2025-10-23,0.984229140507763,0.042487046632124326,0.018927444794952786
삼성전자,2025-12-30,2026-05-29,2025-06-04,2025-10-30,0.9802448283670682,-0.0057636887608069065,0.018927444794952786
삼성전자,2025-12-30,2026-05-29,2025-06-05,2025-10-31,0.9818093642891631,-0.06511627906976747,0.018927444794952786
삼성전자,2025-12-30,2026-05-29,2025-06-09,2025-11-03,0.9823696730966159,-0.09270927092709269,0.018927444794952786
삼성전자,2025-12-30,2026-05-29,2025-06-10,2025-11-04,0.9809542840317296,-0.014299332697807476,0.018927444794952786
삼성전자,2025-12-30,2026-05-29,2025-06-11,2025-11-05,0.9806399090734039,0.03876739562624265,0.018927444794952786
삼성전자,2025-12-30,2026-05-29,2025-06-12,2025-11-06,0.9804953174836345,0.05947580645161299,0.018927444794952786
삼성전자,2026-01-02,2026-06-01,2025-05-19,2025-10-15,0.9801020603804156,0.08526315789473693,-0.04297994269340977
삼성전자,2026-01-02,2026-06-01,2025-05-20,2025-10-16,0.9816072052517653,0.05220061412487209,-0.04297994269340977
삼성전자,2026-01-02,2026-06-01,2025-05-21,2025-10-17,0.9824865446443545,-0.007150153217568955,-0.04297994269340977
삼성전자,2026-01-02,2026-06-01,2025-05-22,2025-10-20,0.9826027723668987,0.025484199796126372,-0.04297994269340977
삼성전자,2026-01-02,2026-06-01,2025-05-23,2025-10-21,0.982974525192671,0.003076923076922977,-0.04297994269340977
삼성전자,2026-01-02,2026-06-01,2025-05-26,2025-10-22,0.9842576121126777,-0.02129817444219062,-0.04297994269340977
삼성전자,2026-01-02,2026-06-01,2025-05-27,2025-10-23,0.9842214448970275,0.042487046632124326,-0.04297994269340977
삼성전자,2026-01-02,2026-06-01,2025-05-28,2025-10-24,0.9818258181332098,-0.04048582995951422,-0.04297994269340977
삼성전자,2026-01-02,2026-06-01,2025-05-29,2025-10-27,0.9827922219309014,-0.05196078431372553,-0.04297994269340977
삼성전자,2026-01-02,2026-06-01,2025-05-30,2025-10-28,0.9823774741848424,-0.0020100502512563345,-0.04297994269340977
삼성전자,2026-01-02,2026-06-01,2025-06-02,2025-10-29,0.982089933145542,0.022885572139303534,-0.04297994269340977
삼성전자,2026-01-02,2026-06-01,2025-06-04,2025-10-30,0.9836272306370941,-0.0057636887608069065,-0.04297994269340977
삼성전자,2026-01-02,2026-06-01,2025-06-05,2025-10-31,0.9860021622514133,-0.06511627906976747,-0.04297994269340977
삼성전자,2026-01-02,2026-06-01,2025-06-09,2025-11-03,0.9876990806164984,-0.09270927092709269,-0.04297994269340977
삼성전자,2026-01-02,2026-06-01,2025-06-10,2025-11-04,0.9875957411194397,-0.014299332697807476,-0.04297994269340977
삼성전자,2026-01-02,2026-06-01,2025-06-11,2025-11-05,0.9846677840399457,0.03876739562624265,-0.04297994269340977
삼성전자,2026-01-02,2026-06-01,2025-06-12,2025-11-06,0.9833924412458601,0.05947580645161299,-0.04297994269340977
삼성전자,2026-01-02,2026-06-01,2025-06-13,2025-11-07,0.9821737733390368,0.10725229826353422,-0.04297994269340977
삼성전자,2026-01-02,2026-06-01,2025-06-16,2025-11-10,0.9806948853598753,0.08846918489065603,-0.04297994269340977
삼성전자,2026-01-05,2026-06-02,2025-05-22,2025-10-20,0.9806393021619139,0.025484199796126372,-0.12760055478502086
삼성전자,2026-01-05,2026-06-02,2025-05-23,2025-10-21,0.9802659511945159,0.003076923076922977,-0.12760055478502086
삼성전자,2026-01-05,2026-06-02,2025-05-26,2025-10-22,0.9804793854370817,-0.02129817444219062,-0.12760055478502086
삼성전자,2026-01-05,2026-06-02,2025-05-27,2025-10-23,0.9807921839811168,0.042487046632124326,-0.12760055478502086
삼성전자,2026-01-05,2026-06-02,2025-05-28,2025-10-24,0.9813338911462193,-0.04048582995951422,-0.12760055478502086
삼성전자,2026-01-05,2026-06-02,2025-05-29,2025-10-27,0.9825169740695016,-0.05196078431372553,-0.12760055478502086
삼성전자,2026-01-05,2026-06-02,2025-05-30,2025-10-28,0.9829507209517337,-0.0020100502512563345,-0.12760055478502086
삼성전자,2026-01-05,2026-06-02,2025-06-02,2025-10-29,0.9820309744808875,0.022885572139303534,-0.12760055478502086
삼성전자,2026-01-05,2026-06-02,2025-06-04,2025-10-30,0.9833338705987893,-0.0057636887608069065,-0.12760055478502086
삼성전자,2026-01-05,2026-06-02,2025-06-05,2025-10-31,0.9863570739401325,-0.06511627906976747,-0.12760055478502086
삼성전자,2026-01-05,2026-06-02,2025-06-09,2025-11-03,0.9890329210977016,-0.09270927092709269,-0.12760055478502086
삼성전자,2026-01-05,2026-06-02,2025-06-10,2025-11-04,0.9895440096034415,-0.014299332697807476,-0.12760055478502086
삼성전자,2026-01-05,2026-06-02,2025-06-11,2025-11-05,0.9875660024402344,0.03876739562624265,-0.12760055478502086
삼성전자,2026-01-05,2026-06-02,2025-06-12,2025-11-06,0.9833981121873019,0.05947580645161299,-0.12760055478502086
삼성전자,2026-01-05,2026-06-02,2025-06-13,2025-11-07,0.980823970320858,0.10725229826353422,-0.12760055478502086
삼성전자,2026-01-06,2026-06-04,2020-08-07,2021-01-05,0.9803942092981999,0.005959475566150285,-0.18634423897581798
삼성전자,2026-01-06,2026-06-04,2025-05-22,2025-10-20,0.9809528132621532,0.025484199796126372,-0.18634423897581798
삼성전자,2026-01-06,2026-06-04,2025-05-23,2025-10-21,0.9813892752169295,0.003076923076922977,-0.18634423897581798
삼성전자,2026-01-06,2026-06-04,2025-05-26,2025-10-22,0.9810269175476153,-0.02129817444219062,-0.18634423897581798
삼성전자,2026-01-06,2026-06-04,2025-05-27,2025-10-23,0.9806460439301139,0.042487046632124326,-0.18634423897581798
삼성전자,2026-01-06,2026-06-04,2025-05-28,2025-10-24,0.9817364236251349,-0.04048582995951422,-0.18634423897581798
삼성전자,2026-01-06,2026-06-04,2025-05-29,2025-10-27,0.9821483689749031,-0.05196078431372553,-0.18634423897581798
삼성전자,2026-01-06,2026-06-04,2025-05-30,2025-10-28,0.9828108957032832,-0.0020100502512563345,-0.18634423897581798
삼성전자,2026-01-06,2026-06-04,2025-06-02,2025-10-29,0.9828668532730592,0.022885572139303534,-0.18634423897581798
삼성전자,2026-01-06,2026-06-04,2025-06-04,2025-10-30,0.9824309000333007,-0.0057636887608069065,-0.18634423897581798
삼성전자,2026-01-06,2026-06-04,2025-06-05,2025-10-31,0.9842908429578565,-0.06511627906976747,-0.18634423897581798
삼성전자,2026-01-06,2026-06-04,2025-06-09,2025-11-03,0.9872339007770651,-0.09270927092709269,-0.18634423897581798
삼성전자,2026-01-06,2026-06-04,2025-06-10,2025-11-04,0.9891001691271707,-0.014299332697807476,-0.18634423897581798
삼성전자,2026-01-06,2026-06-04,2025-06-11,2025-11-05,0.9884254149208377,0.03876739562624265,-0.18634423897581798
삼성전자,2026-01-06,2026-06-04,2025-06-12,2025-11-06,0.9859582830008191,0.05947580645161299,-0.18634423897581798
삼성전자,2026-01-06,2026-06-04,2025-06-13,2025-11-07,0.9813381061921298,0.10725229826353422,-0.18634423897581798
삼성전자,2026-01-07,2026-06-05,2020-08-10,2021-01-06,0.9815811752958046,0.029197080291970767,-0.059270516717325195
삼성전자,2026-01-07,2026-06-05,2020-08-11,2021-01-07,0.9806534407864409,-0.004825090470446325,-0.059270516717325195
삼성전자,2026-01-07,2026-06-05,2025-05-22,2025-10-20,0.9805956604687881,0.025484199796126372,-0.059270516717325195
삼성전자,2026-01-07,2026-06-05,2025-05-23,2025-10-21,0.981859061999874,0.003076923076922977,-0.059270516717325195
삼성전자,2026-01-07,2026-06-05,2025-05-26,2025-10-22,0.9822713747790245,-0.02129817444219062,-0.059270516717325195
삼성전자,2026-01-07,2026-06-05,2025-05-27,2025-10-23,0.981844168456721,0.042487046632124326,-0.059270516717325195
삼성전자,2026-01-07,2026-06-05,2025-05-28,2025-10-24,0.981827728633949,-0.04048582995951422,-0.059270516717325195
삼성전자,2026-01-07,2026-06-05,2025-05-29,2025-10-27,0.9824012759952896,-0.05196078431372553,-0.059270516717325195
삼성전자,2026-01-07,2026-06-05,2025-05-30,2025-10-28,0.9829127066259966,-0.0020100502512563345,-0.059270516717325195
삼성전자,2026-01-07,2026-06-05,2025-06-02,2025-10-29,0.9831253732636388,0.022885572139303534,-0.059270516717325195
삼성전자,2026-01-07,2026-06-05,2025-06-04,2025-10-30,0.983186529698857,-0.0057636887608069065,-0.059270516717325195
삼성전자,2026-01-07,2026-06-05,2025-06-05,2025-10-31,0.9830765139484129,-0.06511627906976747,-0.059270516717325195
삼성전자,2026-01-07,2026-06-05,2025-06-09,2025-11-03,0.9846361882174787,-0.09270927092709269,-0.059270516717325195
삼성전자,2026-01-07,2026-06-05,2025-06-10,2025-11-04,0.9878798838773236,-0.014299332697807476,-0.059270516717325195
삼성전자,2026-01-07,2026-06-05,2025-06-11,2025-11-05,0.9892609858846783,0.03876739562624265,-0.059270516717325195
삼성전자,2026-01-07,2026-06-05,2025-06-12,2025-11-06,0.9883330712598136,0.05947580645161299,-0.059270516717325195
삼성전자,2026-01-07,2026-06-05,2025-06-13,2025-11-07,0.985593926642951,0.10725229826353422,-0.059270516717325195
삼성전자,2026-01-07,2026-06-05,2025-06-16,2025-11-10,0.9814872459722843,0.08846918489065603,-0.059270516717325195
삼성전자,2026-01-08,2026-06-08,2020-08-11,2021-01-07,0.9808803981350595,-0.004825090470446325,0.07614213197969533
삼성전자,2026-01-08,2026-06-08,2025-05-23,2025-10-21,0.9802302084834943,0.003076923076922977,0.07614213197969533
삼성전자,2026-01-08,2026-06-08,2025-05-26,2025-10-22,0.9814513079732636,-0.02129817444219062,0.07614213197969533
삼성전자,2026-01-08,2026-06-08,2025-05-27,2025-10-23,0.9824071126472181,0.042487046632124326,0.07614213197969533
삼성전자,2026-01-08,2026-06-08,2025-05-28,2025-10-24,0.9816143310531864,-0.04048582995951422,0.07614213197969533
삼성전자,2026-01-08,2026-06-08,2025-05-29,2025-10-27,0.9807907703879251,-0.05196078431372553,0.07614213197969533
삼성전자,2026-01-08,2026-06-08,2025-05-30,2025-10-28,0.9822188873793223,-0.0020100502512563345,0.07614213197969533
삼성전자,2026-01-08,2026-06-08,2025-06-02,2025-10-29,0.9821483761814619,0.022885572139303534,0.07614213197969533
삼성전자,2026-01-08,2026-06-08,2025-06-04,2025-10-30,0.9818226545209714,-0.0057636887608069065,0.07614213197969533
삼성전자,2026-01-08,2026-06-08,2025-06-05,2025-10-31,0.9818184130538337,-0.06511627906976747,0.07614213197969533
삼성전자,2026-01-08,2026-06-08,2025-06-09,2025-11-03,0.9811105532711043,-0.09270927092709269,0.07614213197969533
삼성전자,2026-01-08,2026-06-08,2025-06-10,2025-11-04,0.9844743673550282,-0.014299332697807476,0.07614213197969533
삼성전자,2026-01-08,2026-06-08,2025-06-11,2025-11-05,0.9881737130202582,0.03876739562624265,0.07614213197969533
삼성전자,2026-01-08,2026-06-08,2025-06-12,2025-11-06,0.9896159049525134,0.05947580645161299,0.07614213197969533
삼성전자,2026-01-08,2026-06-08,2025-06-13,2025-11-07,0.9887078285414037,0.10725229826353422,0.07614213197969533
삼성전자,2026-01-08,2026-06-08,2025-06-16,2025-11-10,0.9860359691287506,0.08846918489065603,0.07614213197969533
삼성전자,2026-01-08,2026-06-08,2025-06-17,2025-11-11,0.9814473293331584,0.047342995169082025,0.07614213197969533
삼성전자,2026-01-08,2026-06-08,2025-06-18,2025-11-12,0.9801769332854677,0.047526673132880726,0.07614213197969533
삼성전자,2026-01-09,2026-06-09,2025-05-26,2025-10-22,0.980881720006369,-0.02129817444219062,-0.08074534161490687
삼성전자,2026-01-09,2026-06-09,2025-05-27,2025-10-23,0.9822113801996303,0.042487046632124326,-0.08074534161490687
삼성전자,2026-01-09,2026-06-09,2025-05-28,2025-10-24,0.98263237237972,-0.04048582995951422,-0.08074534161490687
삼성전자,2026-01-09,2026-06-09,2025-05-29,2025-10-27,0.9817719578850588,-0.05196078431372553,-0.08074534161490687
삼성전자,2026-01-09,2026-06-09,2025-05-30,2025-10-28,0.9814188707915315,-0.0020100502512563345,-0.08074534161490687
삼성전자,2026-01-09,2026-06-09,2025-06-02,2025-10-29,0.9821431934001587,0.022885572139303534,-0.08074534161490687
삼성전자,2026-01-09,2026-06-09,2025-06-04,2025-10-30,0.9819494897720085,-0.0057636887608069065,-0.08074534161490687
삼성전자,2026-01-09,2026-06-09,2025-06-05,2025-10-31,0.9819475316710043,-0.06511627906976747,-0.08074534161490687
삼성전자,2026-01-09,2026-06-09,2025-06-09,2025-11-03,0.9815994068993062,-0.09270927092709269,-0.08074534161490687
삼성전자,2026-01-09,2026-06-09,2025-06-10,2025-11-04,0.9818887445167307,-0.014299332697807476,-0.08074534161490687
삼성전자,2026-01-09,2026-06-09,2025-06-11,2025-11-05,0.9850574980916211,0.03876739562624265,-0.08074534161490687
삼성전자,2026-01-09,2026-06-09,2025-06-12,2025-11-06,0.9884817975607627,0.05947580645161299,-0.08074534161490687
삼성전자,2026-01-09,2026-06-09,2025-06-13,2025-11-07,0.9896385096175903,0.10725229826353422,-0.08074534161490687
삼성전자,2026-01-09,2026-06-09,2025-06-16,2025-11-10,0.9889496048364939,0.08846918489065603,-0.08074534161490687
삼성전자,2026-01-09,2026-06-09,2025-06-17,2025-11-11,0.9859697906700697,0.047342995169082025,-0.08074534161490687
삼성전자,2026-01-09,2026-06-09,2025-06-18,2025-11-12,0.9820593753755552,0.047526673132880726,-0.08074534161490687
삼성전자,2026-01-09,2026-06-09,2025-06-19,2025-11-13,0.9807665007490233,0.043774319066147926,-0.08074534161490687
삼성전자,2026-01-12,2026-06-10,2025-05-27,2025-10-23,0.98111395594887,0.042487046632124326,-0.0826446280991735
삼성전자,2026-01-12,2026-06-10,2025-05-28,2025-10-24,0.981170018811171,-0.04048582995951422,-0.0826446280991735
삼성전자,2026-01-12,2026-06-10,2025-05-29,2025-10-27,0.9815469849797525,-0.05196078431372553,-0.0826446280991735
삼성전자,2026-01-12,2026-06-10,2025-05-30,2025-10-28,0.9816137973536543,-0.0020100502512563345,-0.0826446280991735
삼성전자,2026-01-12,2026-06-10,2025-06-02,2025-10-29,0.9804719289681596,0.022885572139303534,-0.0826446280991735
삼성전자,2026-01-12,2026-06-10,2025-06-04,2025-10-30,0.9807629651760736,-0.0057636887608069065,-0.0826446280991735
삼성전자,2026-01-12,2026-06-10,2025-06-05,2025-10-31,0.9807174808699535,-0.06511627906976747,-0.0826446280991735
삼성전자,2026-01-12,2026-06-10,2025-06-09,2025-11-03,0.9801400752306905,-0.09270927092709269,-0.0826446280991735
삼성전자,2026-01-12,2026-06-10,2025-06-10,2025-11-04,0.9816262413252634,-0.014299332697807476,-0.0826446280991735
삼성전자,2026-01-12,2026-06-10,2025-06-11,2025-11-05,0.9824225791829789,0.03876739562624265,-0.0826446280991735
삼성전자,2026-01-12,2026-06-10,2025-06-12,2025-11-06,0.9855788844574984,0.05947580645161299,-0.0826446280991735
삼성전자,2026-01-12,2026-06-10,2025-06-13,2025-11-07,0.9888680373362337,0.10725229826353422,-0.0826446280991735
삼성전자,2026-01-12,2026-06-10,2025-06-16,2025-11-10,0.9899642576133849,0.08846918489065603,-0.0826446280991735
삼성전자,2026-01-12,2026-06-10,2025-06-17,2025-11-11,0.9885797874990538,0.047342995169082025,-0.0826446280991735
삼성전자,2026-01-12,2026-06-10,2025-06-18,2025-11-12,0.9863799170006582,0.047526673132880726,-0.0826446280991735
삼성전자,2026-01-12,2026-06-10,2025-06-19,2025-11-13,0.9826407769080128,0.043774319066147926,-0.0826446280991735
삼성전자,2026-01-12,2026-06-10,2025-06-20,2025-11-14,0.9811372080862801,0.12037037037037046,-0.0826446280991735
삼성전자,2026-01-12,2026-06-10,2025-06-23,2025-11-17,0.9801306699879844,0.041749502982107334,-0.0826446280991735
삼성전자,2026-01-13,2026-06-11,2025-05-30,2025-10-28,0.9810838745012641,-0.0020100502512563345,-0.07023411371237454
삼성전자,2026-01-13,2026-06-11,2025-06-02,2025-10-29,0.9802183594987275,0.022885572139303534,-0.07023411371237454
삼성전자,2026-01-13,2026-06-11,2025-06-11,2025-11-05,0.9820338957497287,0.03876739562624265,-0.07023411371237454
삼성전자,2026-01-13,2026-06-11,2025-06-12,2025-11-06,0.9829566250310844,0.05947580645161299,-0.07023411371237454
삼성전자,2026-01-13,2026-06-11,2025-06-13,2025-11-07,0.9860397892286913,0.10725229826353422,-0.07023411371237454
삼성전자,2026-01-13,2026-06-11,2025-06-16,2025-11-10,0.9891510240505206,0.08846918489065603,-0.07023411371237454
삼성전자,2026-01-13,2026-06-11,2025-06-17,2025-11-11,0.9892870622543186,0.047342995169082025,-0.07023411371237454
삼성전자,2026-01-13,2026-06-11,2025-06-18,2025-11-12,0.9887990228215646,0.047526673132880726,-0.07023411371237454
삼성전자,2026-01-13,2026-06-11,2025-06-19,2025-11-13,0.9867450880060065,0.043774319066147926,-0.07023411371237454
삼성전자,2026-01-13,2026-06-11,2025-06-20,2025-11-14,0.9830412035686644,0.12037037037037046,-0.07023411371237454
삼성전자,2026-01-13,2026-06-11,2025-06-23,2025-11-17,0.9816959679956709,0.041749502982107334,-0.07023411371237454
삼성전자,2026-01-14,2026-06-12,2020-08-25,2021-01-20,0.9804895283477145,-0.05275229357798161,-0.11627906976744184
삼성전자,2026-01-14,2026-06-12,2020-08-26,2021-01-21,0.9802458814232563,-0.06696935300794549,-0.11627906976744184
삼성전자,2026-01-14,2026-06-12,2025-05-30,2025-10-28,0.9801385783183107,-0.0020100502512563345,-0.11627906976744184
삼성전자,2026-01-14,2026-06-12,2025-06-02,2025-10-29,0.9807056089610489,0.022885572139303534,-0.11627906976744184
삼성전자,2026-01-14,2026-06-12,2025-06-11,2025-11-05,0.9810063694263369,0.03876739562624265,-0.11627906976744184
삼성전자,2026-01-14,2026-06-12,2025-06-12,2025-11-06,0.9829109497886448,0.05947580645161299,-0.11627906976744184
삼성전자,2026-01-14,2026-06-12,2025-06-13,2025-11-07,0.9835282773340464,0.10725229826353422,-0.11627906976744184
삼성전자,2026-01-14,2026-06-12,2025-06-16,2025-11-10,0.9865557522809669,0.08846918489065603,-0.11627906976744184
삼성전자,2026-01-14,2026-06-12,2025-06-17,2025-11-11,0.9889388797913679,0.047342995169082025,-0.11627906976744184
삼성전자,2026-01-14,2026-06-12,2025-06-18,2025-11-12,0.9898920127926815,0.047526673132880726,-0.11627906976744184
삼성전자,2026-01-14,2026-06-12,2025-06-19,2025-11-13,0.9892807911544766,0.043774319066147926,-0.11627906976744184
삼성전자,2026-01-14,2026-06-12,2025-06-20,2025-11-14,0.9864716126876891,0.12037037037037046,-0.11627906976744184
삼성전자,2026-01-14,2026-06-12,2025-06-23,2025-11-17,0.9830346511940792,0.041749502982107334,-0.11627906976744184
삼성전자,2026-01-15,2026-06-15,2020-08-25,2021-01-20,0.9801230258093314,-0.05275229357798161,-0.24480712166172103
삼성전자,2026-01-15,2026-06-15,2020-08-26,2021-01-21,0.981882542550099,-0.06696935300794549,-0.24480712166172103
삼성전자,2026-01-15,2026-06-15,2020-08-27,2021-01-22,0.9814352786594692,-0.055299539170506895,-0.24480712166172103
삼성전자,2026-01-15,2026-06-15,2020-08-28,2021-01-25,0.9802187016393489,-0.08277404921700227,-0.24480712166172103
삼성전자,2026-01-15,2026-06-15,2025-06-02,2025-10-29,0.9800192856008905,0.022885572139303534,-0.24480712166172103
삼성전자,2026-01-15,2026-06-15,2025-06-04,2025-10-30,0.9808211509681921,-0.0057636887608069065,-0.24480712166172103
삼성전자,2026-01-15,2026-06-15,2025-06-05,2025-10-31,0.980534008951106,-0.06511627906976747,-0.24480712166172103
삼성전자,2026-01-15,2026-06-15,2025-06-10,2025-11-04,0.9800733595866542,-0.014299332697807476,-0.24480712166172103
삼성전자,2026-01-15,2026-06-15,2025-06-11,2025-11-05,0.9803416000019101,0.03876739562624265,-0.24480712166172103
삼성전자,2026-01-15,2026-06-15,2025-06-12,2025-11-06,0.9814912183829749,0.05947580645161299,-0.24480712166172103
삼성전자,2026-01-15,2026-06-15,2025-06-13,2025-11-07,0.9829299117774305,0.10725229826353422,-0.24480712166172103
삼성전자,2026-01-15,2026-06-15,2025-06-16,2025-11-10,0.9835965736770959,0.08846918489065603,-0.24480712166172103
삼성전자,2026-01-15,2026-06-15,2025-06-17,2025-11-11,0.9862525013464686,0.047342995169082025,-0.24480712166172103
삼성전자,2026-01-15,2026-06-15,2025-06-18,2025-11-12,0.9891989649735663,0.047526673132880726,-0.24480712166172103
삼성전자,2026-01-15,2026-06-15,2025-06-19,2025-11-13,0.9899141542377996,0.043774319066147926,-0.24480712166172103
삼성전자,2026-01-15,2026-06-15,2025-06-20,2025-11-14,0.9881440114896244,0.12037037037037046,-0.24480712166172103
삼성전자,2026-01-15,2026-06-15,2025-06-23,2025-11-17,0.9856813808142042,0.041749502982107334,-0.24480712166172103
삼성전자,2026-01-15,2026-06-15,2025-06-24,2025-11-18,0.9807234407535148,0.05112474437627812,-0.24480712166172103
삼성전자,2026-01-16,2026-06-16,2020-08-26,2021-01-21,0.9811731979844497,-0.06696935300794549,-0.23323615160349853
삼성전자,2026-01-16,2026-06-16,2020-08-27,2021-01-22,0.9826989030067788,-0.055299539170506895,-0.23323615160349853
삼성전자,2026-01-16,2026-06-16,2020-08-28,2021-01-25,0.9822920371540153,-0.08277404921700227,-0.23323615160349853
삼성전자,2026-01-16,2026-06-16,2020-08-31,2021-01-26,0.9807425255934549,-0.016147635524798143,-0.23323615160349853
삼성전자,2026-01-16,2026-06-16,2025-06-04,2025-10-30,0.9801839120193038,-0.0057636887608069065,-0.23323615160349853
삼성전자,2026-01-16,2026-06-16,2025-06-05,2025-10-31,0.9813287106691241,-0.06511627906976747,-0.23323615160349853
삼성전자,2026-01-16,2026-06-16,2025-06-09,2025-11-03,0.9807968356928644,-0.09270927092709269,-0.23323615160349853
삼성전자,2026-01-16,2026-06-16,2025-06-10,2025-11-04,0.9802230598855382,-0.014299332697807476,-0.23323615160349853
삼성전자,2026-01-16,2026-06-16,2025-06-11,2025-11-05,0.9807118451378892,0.03876739562624265,-0.23323615160349853
삼성전자,2026-01-16,2026-06-16,2025-06-12,2025-11-06,0.980700626298532,0.05947580645161299,-0.23323615160349853
삼성전자,2026-01-16,2026-06-16,2025-06-13,2025-11-07,0.9814419938658663,0.10725229826353422,-0.23323615160349853
삼성전자,2026-01-16,2026-06-16,2025-06-16,2025-11-10,0.9830397635020127,0.08846918489065603,-0.23323615160349853
삼성전자,2026-01-16,2026-06-16,2025-06-17,2025-11-11,0.9834706737168192,0.047342995169082025,-0.23323615160349853
삼성전자,2026-01-16,2026-06-16,2025-06-18,2025-11-12,0.9864476365345036,0.047526673132880726,-0.23323615160349853
삼성전자,2026-01-16,2026-06-16,2025-06-19,2025-11-13,0.9891621378297183,0.043774319066147926,-0.23323615160349853
삼성전자,2026-01-16,2026-06-16,2025-06-20,2025-11-14,0.988734722916157,0.12037037037037046,-0.23323615160349853
삼성전자,2026-01-16,2026-06-16,2025-06-23,2025-11-17,0.9874965380113592,0.041749502982107334,-0.23323615160349853
삼성전자,2026-01-16,2026-06-16,2025-06-24,2025-11-18,0.9839639262837662,0.05112474437627812,-0.23323615160349853
삼성전자,2026-01-19,2026-06-17,2020-08-27,2021-01-22,0.9819185610923289,-0.055299539170506895,-0.1933621933621934
삼성전자,2026-01-19,2026-06-17,2020-08-28,2021-01-25,0.9834624736970893,-0.08277404921700227,-0.1933621933621934
삼성전자,2026-01-19,2026-06-17,2020-08-31,2021-01-26,0.9827741573338842,-0.016147635524798143,-0.1933621933621934
삼성전자,2026-01-19,2026-06-17,2020-09-01,2021-01-27,0.9807422791872042,-0.03621495327102808,-0.1933621933621934
삼성전자,2026-01-19,2026-06-17,2025-06-05,2025-10-31,0.9806897775251578,-0.06511627906976747,-0.1933621933621934
삼성전자,2026-01-19,2026-06-17,2025-06-09,2025-11-03,0.9814902123296922,-0.09270927092709269,-0.1933621933621934
삼성전자,2026-01-19,2026-06-17,2025-06-10,2025-11-04,0.9816716236909013,-0.014299332697807476,-0.1933621933621934
삼성전자,2026-01-19,2026-06-17,2025-06-11,2025-11-05,0.980881979267296,0.03876739562624265,-0.1933621933621934
삼성전자,2026-01-19,2026-06-17,2025-06-12,2025-11-06,0.9811261410025112,0.05947580645161299,-0.1933621933621934
삼성전자,2026-01-19,2026-06-17,2025-06-13,2025-11-07,0.9808098726167602,0.10725229826353422,-0.1933621933621934
삼성전자,2026-01-19,2026-06-17,2025-06-16,2025-11-10,0.9818007894448674,0.08846918489065603,-0.1933621933621934
삼성전자,2026-01-19,2026-06-17,2025-06-17,2025-11-11,0.9830883389351944,0.047342995169082025,-0.1933621933621934
삼성전자,2026-01-19,2026-06-17,2025-06-18,2025-11-12,0.9839023929916599,0.047526673132880726,-0.1933621933621934
삼성전자,2026-01-19,2026-06-17,2025-06-19,2025-11-13,0.9866439237706381,0.043774319066147926,-0.1933621933621934
삼성전자,2026-01-19,2026-06-17,2025-06-20,2025-11-14,0.9882234255991666,0.12037037037037046,-0.1933621933621934
삼성전자,2026-01-19,2026-06-17,2025-06-23,2025-11-17,0.98835277529207,0.041749502982107334,-0.1933621933621934
삼성전자,2026-01-19,2026-06-17,2025-06-24,2025-11-18,0.986050354012465,0.05112474437627812,-0.1933621933621934
삼성전자,2026-01-19,2026-06-17,2025-06-25,2025-11-19,0.9827915879278748,0.11813471502590667,-0.1933621933621934
삼성전자,2026-01-20,2026-06-18,2020-08-27,2021-01-22,0.9800082933673269,-0.055299539170506895,-0.29655172413793107
삼성전자,2026-01-20,2026-06-18,2020-08-28,2021-01-25,0.9826738913486888,-0.08277404921700227,-0.29655172413793107
삼성전자,2026-01-20,2026-06-18,2020-08-31,2021-01-26,0.9836304644516961,-0.016147635524798143,-0.29655172413793107
삼성전자,2026-01-20,2026-06-18,2020-09-01,2021-01-27,0.982317907302996,-0.03621495327102808,-0.29655172413793107
삼성전자,2026-01-20,2026-06-18,2025-06-05,2025-10-31,0.9806599657989725,-0.06511627906976747,-0.29655172413793107
삼성전자,2026-01-20,2026-06-18,2025-06-09,2025-11-03,0.9813290090763307,-0.09270927092709269,-0.29655172413793107
삼성전자,2026-01-20,2026-06-18,2025-06-10,2025-11-04,0.9823813095306182,-0.014299332697807476,-0.29655172413793107
삼성전자,2026-01-20,2026-06-18,2025-06-11,2025-11-05,0.9820534572463742,0.03876739562624265,-0.29655172413793107
삼성전자,2026-01-20,2026-06-18,2025-06-12,2025-11-06,0.980964384043462,0.05947580645161299,-0.29655172413793107
삼성전자,2026-01-20,2026-06-18,2025-06-13,2025-11-07,0.9807979976307925,0.10725229826353422,-0.29655172413793107
삼성전자,2026-01-20,2026-06-18,2025-06-16,2025-11-10,0.9808710670375678,0.08846918489065603,-0.29655172413793107
삼성전자,2026-01-20,2026-06-18,2025-06-17,2025-11-11,0.9815692392725228,0.047342995169082025,-0.29655172413793107
삼성전자,2026-01-20,2026-06-18,2025-06-18,2025-11-12,0.9832700154502467,0.047526673132880726,-0.29655172413793107
삼성전자,2026-01-20,2026-06-18,2025-06-19,2025-11-13,0.9838767950123863,0.043774319066147926,-0.29655172413793107
삼성전자,2026-01-20,2026-06-18,2025-06-20,2025-11-14,0.9851783426374021,0.12037037037037046,-0.29655172413793107
삼성전자,2026-01-20,2026-06-18,2025-06-23,2025-11-17,0.9873714777958835,0.041749502982107334,-0.29655172413793107
삼성전자,2026-01-20,2026-06-18,2025-06-24,2025-11-18,0.9861002564872856,0.05112474437627812,-0.29655172413793107
삼성전자,2026-01-20,2026-06-18,2025-06-25,2025-11-19,0.9841150266927746,0.11813471502590667,-0.29655172413793107
삼성전자,2026-01-20,2026-06-18,2025-06-26,2025-11-20,0.9819352328588594,0.06958250497017882,-0.29655172413793107
삼성전자,2026-01-21,2026-06-19,2020-08-28,2021-01-25,0.9808049863988775,-0.08277404921700227,-0.3107344632768362
삼성전자,2026-01-21,2026-06-19,2020-08-31,2021-01-26,0.9829983149378791,-0.016147635524798143,-0.3107344632768362
삼성전자,2026-01-21,2026-06-19,2020-09-01,2021-01-27,0.9833036043435397,-0.03621495327102808,-0.3107344632768362
삼성전자,2026-01-21,2026-06-19,2020-09-02,2021-01-28,0.981425597317513,-0.0011947431302270495,-0.3107344632768362
삼성전자,2026-01-21,2026-06-19,2025-06-09,2025-11-03,0.9807909443870254,-0.09270927092709269,-0.3107344632768362
삼성전자,2026-01-21,2026-06-19,2025-06-10,2025-11-04,0.9821571723565923,-0.014299332697807476,-0.3107344632768362
삼성전자,2026-01-21,2026-06-19,2025-06-11,2025-11-05,0.9828330247563205,0.03876739562624265,-0.3107344632768362
삼성전자,2026-01-21,2026-06-19,2025-06-12,2025-11-06,0.9821374105178917,0.05947580645161299,-0.3107344632768362
삼성전자,2026-01-21,2026-06-19,2025-06-13,2025-11-07,0.9805556780520901,0.10725229826353422,-0.3107344632768362
삼성전자,2026-01-21,2026-06-19,2025-06-16,2025-11-10,0.9804424557729234,0.08846918489065603,-0.3107344632768362
삼성전자,2026-01-21,2026-06-19,2025-06-17,2025-11-11,0.9803227707192793,0.047342995169082025,-0.3107344632768362
삼성전자,2026-01-21,2026-06-19,2025-06-18,2025-11-12,0.9814811587806616,0.047526673132880726,-0.3107344632768362
삼성전자,2026-01-21,2026-06-19,2025-06-19,2025-11-13,0.9829051655887939,0.043774319066147926,-0.3107344632768362
삼성전자,2026-01-21,2026-06-19,2025-06-20,2025-11-14,0.9822349870380779,0.12037037037037046,-0.3107344632768362
삼성전자,2026-01-21,2026-06-19,2025-06-23,2025-11-17,0.9838763882637822,0.041749502982107334,-0.3107344632768362
삼성전자,2026-01-21,2026-06-19,2025-06-24,2025-11-18,0.9853973367026841,0.05112474437627812,-0.3107344632768362
삼성전자,2026-01-21,2026-06-19,2025-06-25,2025-11-19,0.9844744847801418,0.11813471502590667,-0.3107344632768362
삼성전자,2026-01-21,2026-06-19,2025-06-26,2025-11-20,0.9830692687406333,0.06958250497017882,-0.3107344632768362
삼성전자,2026-01-22,2026-06-22,2020-08-26,2021-01-21,0.9808765714978199,-0.06696935300794549,-0.26732673267326734
삼성전자,2026-01-22,2026-06-22,2020-08-27,2021-01-22,0.980079630925299,-0.055299539170506895,-0.26732673267326734
삼성전자,2026-01-22,2026-06-22,2020-08-31,2021-01-26,0.9813270225495736,-0.016147635524798143,-0.26732673267326734
삼성전자,2026-01-22,2026-06-22,2020-09-01,2021-01-27,0.983006345774704,-0.03621495327102808,-0.26732673267326734
삼성전자,2026-01-22,2026-06-22,2020-09-02,2021-01-28,0.9828398538823722,-0.0011947431302270495,-0.26732673267326734
삼성전자,2026-01-22,2026-06-22,2025-06-10,2025-11-04,0.9815862041143824,-0.014299332697807476,-0.26732673267326734
삼성전자,2026-01-22,2026-06-22,2025-06-11,2025-11-05,0.9827235625116484,0.03876739562624265,-0.26732673267326734
삼성전자,2026-01-22,2026-06-22,2025-06-12,2025-11-06,0.983171420555358,0.05947580645161299,-0.26732673267326734
삼성전자,2026-01-22,2026-06-22,2025-06-13,2025-11-07,0.9821812069545967,0.10725229826353422,-0.26732673267326734
삼성전자,2026-01-22,2026-06-22,2025-06-16,2025-11-10,0.9808285220983467,0.08846918489065603,-0.26732673267326734
삼성전자,2026-01-22,2026-06-22,2025-06-17,2025-11-11,0.9806518844390434,0.047342995169082025,-0.26732673267326734
삼성전자,2026-01-22,2026-06-22,2025-06-18,2025-11-12,0.9807477368999387,0.047526673132880726,-0.26732673267326734
삼성전자,2026-01-22,2026-06-22,2025-06-19,2025-11-13,0.98175573237338,0.043774319066147926,-0.26732673267326734
삼성전자,2026-01-22,2026-06-22,2025-06-20,2025-11-14,0.9821238172869502,0.12037037037037046,-0.26732673267326734
삼성전자,2026-01-22,2026-06-22,2025-06-23,2025-11-17,0.9819417711048009,0.041749502982107334,-0.26732673267326734
삼성전자,2026-01-22,2026-06-22,2025-06-24,2025-11-18,0.9829399573327784,0.05112474437627812,-0.26732673267326734
삼성전자,2026-01-22,2026-06-22,2025-06-25,2025-11-19,0.9842481370794806,0.11813471502590667,-0.26732673267326734
삼성전자,2026-01-22,2026-06-22,2025-06-26,2025-11-20,0.9840501943109463,0.06958250497017882,-0.26732673267326734
삼성전자,2026-01-22,2026-06-22,2025-06-27,2025-11-21,0.9812191236148814,0.12130801687763704,-0.26732673267326734
삼성전자,2026-01-23,2026-06-23,2020-08-27,2021-01-22,0.980854823879041,-0.055299539170506895,-0.1596774193548387
삼성전자,2026-01-23,2026-06-23,2020-08-31,2021-01-26,0.9800660400674055,-0.016147635524798143,-0.1596774193548387
삼성전자,2026-01-23,2026-06-23,2020-09-01,2021-01-27,0.9814601505649335,-0.03621495327102808,-0.1596774193548387
삼성전자,2026-01-23,2026-06-23,2020-09-02,2021-01-28,0.9832595505974672,-0.0011947431302270495,-0.1596774193548387
삼성전자,2026-01-23,2026-06-23,2020-09-03,2021-01-29,0.9815053081374547,0.024390243902439046,-0.1596774193548387
삼성전자,2026-01-23,2026-06-23,2025-06-11,2025-11-05,0.9816310186584418,0.03876739562624265,-0.1596774193548387
삼성전자,2026-01-23,2026-06-23,2025-06-12,2025-11-06,0.9829969658285951,0.05947580645161299,-0.1596774193548387
삼성전자,2026-01-23,2026-06-23,2025-06-13,2025-11-07,0.9835557123377267,0.10725229826353422,-0.1596774193548387
삼성전자,2026-01-23,2026-06-23,2025-06-16,2025-11-10,0.9824250282989351,0.08846918489065603,-0.1596774193548387
삼성전자,2026-01-23,2026-06-23,2025-06-17,2025-11-11,0.9804946608609544,0.047342995169082025,-0.1596774193548387
삼성전자,2026-01-23,2026-06-23,2025-06-18,2025-11-12,0.980814647426364,0.047526673132880726,-0.1596774193548387
삼성전자,2026-01-23,2026-06-23,2025-06-19,2025-11-13,0.9810267119991378,0.043774319066147926,-0.1596774193548387
삼성전자,2026-01-23,2026-06-23,2025-06-20,2025-11-14,0.9822212371481518,0.12037037037037046,-0.1596774193548387
삼성전자,2026-01-23,2026-06-23,2025-06-23,2025-11-17,0.9825594824297883,0.041749502982107334,-0.1596774193548387
삼성전자,2026-01-23,2026-06-23,2025-06-24,2025-11-18,0.9820098899855407,0.05112474437627812,-0.1596774193548387
삼성전자,2026-01-23,2026-06-23,2025-06-25,2025-11-19,0.9833220754749434,0.11813471502590667,-0.1596774193548387
삼성전자,2026-01-23,2026-06-23,2025-06-26,2025-11-20,0.984650538274276,0.06958250497017882,-0.1596774193548387
삼성전자,2026-01-23,2026-06-23,2025-06-27,2025-11-21,0.9842414955066692,0.12130801687763704,-0.1596774193548387
삼성전자,2026-01-23,2026-06-23,2025-06-30,2025-11-24,0.9815869533059665,0.14270941054808683,-0.1596774193548387
삼성전자,2026-01-26,2026-06-24,2020-08-28,2021-01-25,0.9814008588878884,-0.08277404921700227,-0.2070484581497798
삼성전자,2026-01-26,2026-06-24,2020-08-31,2021-01-26,0.9803284859313381,-0.016147635524798143,-0.2070484581497798
삼성전자,2026-01-26,2026-06-24,2020-09-01,2021-01-27,0.9804351716488477,-0.03621495327102808,-0.2070484581497798
삼성전자,2026-01-26,2026-06-24,2020-09-02,2021-01-28,0.9815863890125325,-0.0011947431302270495,-0.2070484581497798
삼성전자,2026-01-26,2026-06-24,2020-09-03,2021-01-29,0.9811678075592164,0.024390243902439046,-0.2070484581497798
삼성전자,2026-01-26,2026-06-24,2020-09-04,2021-02-01,0.9817169245016054,-0.0072289156626506035,-0.2070484581497798
삼성전자,2026-01-26,2026-06-24,2025-06-12,2025-11-06,0.9822998605658848,0.05947580645161299,-0.2070484581497798
삼성전자,2026-01-26,2026-06-24,2025-06-13,2025-11-07,0.983508688605081,0.10725229826353422,-0.2070484581497798
삼성전자,2026-01-26,2026-06-24,2025-06-16,2025-11-10,0.984114095440168,0.08846918489065603,-0.2070484581497798
삼성전자,2026-01-26,2026-06-24,2025-06-17,2025-11-11,0.9825459257272358,0.047342995169082025,-0.2070484581497798
삼성전자,2026-01-26,2026-06-24,2025-06-18,2025-11-12,0.9811786031873521,0.047526673132880726,-0.2070484581497798
삼성전자,2026-01-26,2026-06-24,2025-06-19,2025-11-13,0.9814839583301637,0.043774319066147926,-0.2070484581497798
삼성전자,2026-01-26,2026-06-24,2025-06-20,2025-11-14,0.9812028487844735,0.12037037037037046,-0.2070484581497798
삼성전자,2026-01-26,2026-06-24,2025-06-23,2025-11-17,0.9826553169790112,0.041749502982107334,-0.2070484581497798
삼성전자,2026-01-26,2026-06-24,2025-06-24,2025-11-18,0.9819159802871509,0.05112474437627812,-0.2070484581497798
삼성전자,2026-01-26,2026-06-24,2025-06-25,2025-11-19,0.9819031190106096,0.11813471502590667,-0.2070484581497798
삼성전자,2026-01-26,2026-06-24,2025-06-26,2025-11-20,0.9836390911241804,0.06958250497017882,-0.2070484581497798
삼성전자,2026-01-26,2026-06-24,2025-06-27,2025-11-21,0.9840131569911603,0.12130801687763704,-0.2070484581497798
삼성전자,2026-01-26,2026-06-24,2025-06-30,2025-11-24,0.9838936431791685,0.14270941054808683,-0.2070484581497798
삼성전자,2026-01-26,2026-06-24,2025-07-01,2025-11-25,0.981663543967495,0.12286002014098685,-0.2070484581497798
삼성전자,2026-01-27,2026-06-25,2020-08-26,2021-01-21,0.9807102260829155,-0.06696935300794549,-0.30404463040446306
삼성전자,2026-01-27,2026-06-25,2020-08-27,2021-01-22,0.9804886883497338,-0.055299539170506895,-0.30404463040446306
삼성전자,2026-01-27,2026-06-25,2020-08-28,2021-01-25,0.9804476325482783,-0.08277404921700227,-0.30404463040446306
삼성전자,2026-01-27,2026-06-25,2020-08-31,2021-01-26,0.9820497538276672,-0.016147635524798143,-0.30404463040446306
삼성전자,2026-01-27,2026-06-25,2020-09-01,2021-01-27,0.9804978862173066,-0.03621495327102808,-0.30404463040446306
삼성전자,2026-01-27,2026-06-25,2020-09-02,2021-01-28,0.9802114471516592,-0.0011947431302270495,-0.30404463040446306
삼성전자,2026-01-27,2026-06-25,2020-09-04,2021-02-01,0.9809780102877907,-0.0072289156626506035,-0.30404463040446306
삼성전자,2026-01-27,2026-06-25,2025-06-13,2025-11-07,0.9826164256462595,0.10725229826353422,-0.30404463040446306
삼성전자,2026-01-27,2026-06-25,2025-06-16,2025-11-10,0.9839657751066727,0.08846918489065603,-0.30404463040446306
삼성전자,2026-01-27,2026-06-25,2025-06-17,2025-11-11,0.9841100294071592,0.047342995169082025,-0.30404463040446306
삼성전자,2026-01-27,2026-06-25,2025-06-18,2025-11-12,0.9831314949042924,0.047526673132880726,-0.30404463040446306
삼성전자,2026-01-27,2026-06-25,2025-06-19,2025-11-13,0.9817506850118103,0.043774319066147926,-0.30404463040446306
삼성전자,2026-01-27,2026-06-25,2025-06-20,2025-11-14,0.9812110121236954,0.12037037037037046,-0.30404463040446306
삼성전자,2026-01-27,2026-06-25,2025-06-23,2025-11-17,0.9813920339068406,0.041749502982107334,-0.30404463040446306
삼성전자,2026-01-27,2026-06-25,2025-06-24,2025-11-18,0.9812440305209438,0.05112474437627812,-0.30404463040446306
삼성전자,2026-01-27,2026-06-25,2025-06-25,2025-11-19,0.9812760044947817,0.11813471502590667,-0.30404463040446306
삼성전자,2026-01-27,2026-06-25,2025-06-26,2025-11-20,0.9819322701051234,0.06958250497017882,-0.30404463040446306
삼성전자,2026-01-27,2026-06-25,2025-06-27,2025-11-21,0.982343314940381,0.12130801687763704,-0.30404463040446306
삼성전자,2026-01-27,2026-06-25,2025-06-30,2025-11-24,0.983068828002288,0.14270941054808683,-0.30404463040446306
삼성전자,2026-01-27,2026-06-25,2025-07-01,2025-11-25,0.9833810868647361,0.12286002014098685,-0.30404463040446306
삼성전자,2026-01-27,2026-06-25,2025-07-02,2025-11-26,0.9817385904410909,0.08073929961089488,-0.30404463040446306
삼성전자,2026-01-28,2026-06-26,2020-08-27,2021-01-22,0.9812443569825383,-0.055299539170506895,-0.25184094256259204
삼성전자,2026-01-28,2026-06-26,2020-08-28,2021-01-25,0.9807948830710722,-0.08277404921700227,-0.25184094256259204
삼성전자,2026-01-28,2026-06-26,2020-08-31,2021-01-26,0.9810602325478756,-0.016147635524798143,-0.25184094256259204
삼성전자,2026-01-28,2026-06-26,2020-09-01,2021-01-27,0.9823206170606947,-0.03621495327102808,-0.25184094256259204
삼성전자,2026-01-28,2026-06-26,2020-09-02,2021-01-28,0.9806961819578092,-0.0011947431302270495,-0.25184094256259204
삼성전자,2026-01-28,2026-06-26,2025-03-28,2025-08-22,0.9801455711058947,0.11624649859943981,-0.25184094256259204
삼성전자,2026-01-28,2026-06-26,2025-03-31,2025-08-25,0.9804677141642522,0.16783216783216792,-0.25184094256259204
삼성전자,2026-01-28,2026-06-26,2025-06-16,2025-11-10,0.9831838941248745,0.08846918489065603,-0.25184094256259204
삼성전자,2026-01-28,2026-06-26,2025-06-17,2025-11-11,0.983748070465067,0.047342995169082025,-0.25184094256259204
삼성전자,2026-01-28,2026-06-26,2025-06-18,2025-11-12,0.9846336559520787,0.047526673132880726,-0.25184094256259204
삼성전자,2026-01-28,2026-06-26,2025-06-19,2025-11-13,0.9836734458595998,0.043774319066147926,-0.25184094256259204
삼성전자,2026-01-28,2026-06-26,2025-06-20,2025-11-14,0.982070251778999,0.12037037037037046,-0.25184094256259204
삼성전자,2026-01-28,2026-06-26,2025-06-23,2025-11-17,0.9817449077792458,0.041749502982107334,-0.25184094256259204
삼성전자,2026-01-28,2026-06-26,2025-06-24,2025-11-18,0.9803538257660247,0.05112474437627812,-0.25184094256259204
삼성전자,2026-01-28,2026-06-26,2025-06-25,2025-11-19,0.9813936047645038,0.11813471502590667,-0.25184094256259204
삼성전자,2026-01-28,2026-06-26,2025-06-26,2025-11-20,0.9817536732648013,0.06958250497017882,-0.25184094256259204
삼성전자,2026-01-28,2026-06-26,2025-06-27,2025-11-21,0.9816956791992864,0.12130801687763704,-0.25184094256259204
삼성전자,2026-01-28,2026-06-26,2025-06-30,2025-11-24,0.9823120173475937,0.14270941054808683,-0.25184094256259204
삼성전자,2026-01-28,2026-06-26,2025-07-01,2025-11-25,0.9832238577397285,0.12286002014098685,-0.25184094256259204
삼성전자,2026-01-28,2026-06-26,2025-07-02,2025-11-26,0.9838256951854732,0.08073929961089488,-0.25184094256259204
삼성전자,2026-01-28,2026-06-26,2025-07-03,2025-11-27,0.9822555615651855,0.13043478260869557,-0.25184094256259204
삼성전자,2026-01-29,2026-06-29,2020-08-28,2021-01-25,0.9807806535038588,-0.08277404921700227,-0.3188854489164087
삼성전자,2026-01-29,2026-06-29,2020-08-31,2021-01-26,0.9810091488595959,-0.016147635524798143,-0.3188854489164087
삼성전자,2026-01-29,2026-06-29,2020-09-01,2021-01-27,0.9811053844959436,-0.03621495327102808,-0.3188854489164087
삼성전자,2026-01-29,2026-06-29,2020-09-02,2021-01-28,0.9824705155816027,-0.0011947431302270495,-0.3188854489164087
삼성전자,2026-01-29,2026-06-29,2025-03-31,2025-08-25,0.9822562564792996,0.16783216783216792,-0.3188854489164087
삼성전자,2026-01-29,2026-06-29,2025-04-01,2025-08-26,0.981595627029823,0.20483641536273112,-0.3188854489164087
삼성전자,2026-01-29,2026-06-29,2025-06-16,2025-11-10,0.9801221070234885,0.08846918489065603,-0.3188854489164087
삼성전자,2026-01-29,2026-06-29,2025-06-17,2025-11-11,0.982389739117819,0.047342995169082025,-0.3188854489164087
삼성전자,2026-01-29,2026-06-29,2025-06-18,2025-11-12,0.9839269793769481,0.047526673132880726,-0.3188854489164087
삼성전자,2026-01-29,2026-06-29,2025-06-19,2025-11-13,0.9848351676287215,0.043774319066147926,-0.3188854489164087
삼성전자,2026-01-29,2026-06-29,2025-06-20,2025-11-14,0.9841070410900695,0.12037037037037046,-0.3188854489164087
삼성전자,2026-01-29,2026-06-29,2025-06-23,2025-11-17,0.9825338505469534,0.041749502982107334,-0.3188854489164087
삼성전자,2026-01-29,2026-06-29,2025-06-24,2025-11-18,0.9806013612600825,0.05112474437627812,-0.3188854489164087
삼성전자,2026-01-29,2026-06-29,2025-06-25,2025-11-19,0.9808214596717015,0.11813471502590667,-0.3188854489164087
삼성전자,2026-01-29,2026-06-29,2025-06-26,2025-11-20,0.981890357636428,0.06958250497017882,-0.3188854489164087
삼성전자,2026-01-29,2026-06-29,2025-06-27,2025-11-21,0.9820130137374012,0.12130801687763704,-0.3188854489164087
삼성전자,2026-01-29,2026-06-29,2025-06-30,2025-11-24,0.98205691112354,0.14270941054808683,-0.3188854489164087
삼성전자,2026-01-29,2026-06-29,2025-07-01,2025-11-25,0.9826435173297434,0.12286002014098685,-0.3188854489164087
삼성전자,2026-01-29,2026-06-29,2025-07-02,2025-11-26,0.9836544524226895,0.08073929961089488,-0.3188854489164087
삼성전자,2026-01-29,2026-06-29,2025-07-03,2025-11-27,0.9842838729436816,0.13043478260869557,-0.3188854489164087
삼성전자,2026-01-29,2026-06-29,2025-07-04,2025-11-28,0.9826760516024262,0.18905472636815923,-0.3188854489164087
삼성전자,2026-01-30,2026-06-30,2020-08-31,2021-01-26,0.9812030944766926,-0.016147635524798143,-0.37574850299401197
삼성전자,2026-01-30,2026-06-30,2020-09-01,2021-01-27,0.9811259427847281,-0.03621495327102808,-0.37574850299401197
삼성전자,2026-01-30,2026-06-30,2020-09-02,2021-01-28,0.9812445812350359,-0.0011947431302270495,-0.37574850299401197
삼성전자,2026-01-30,2026-06-30,2020-09-10,2021-02-05,0.9803666248220911,-0.03113772455089825,-0.37574850299401197
삼성전자,2026-01-30,2026-06-30,2025-04-01,2025-08-26,0.9834846035989979,0.20483641536273112,-0.37574850299401197
삼성전자,2026-01-30,2026-06-30,2025-04-02,2025-08-27,0.9832288571290076,0.2096317280453257,-0.37574850299401197
삼성전자,2026-01-30,2026-06-30,2025-04-03,2025-08-28,0.9810965590149489,0.23706896551724133,-0.37574850299401197
삼성전자,2026-01-30,2026-06-30,2025-04-04,2025-08-29,0.9805120724789074,0.19512195121951215,-0.37574850299401197
삼성전자,2026-01-30,2026-06-30,2025-06-18,2025-11-12,0.9828022951869442,0.047526673132880726,-0.37574850299401197
삼성전자,2026-01-30,2026-06-30,2025-06-19,2025-11-13,0.9843158547560755,0.043774319066147926,-0.37574850299401197
삼성전자,2026-01-30,2026-06-30,2025-06-20,2025-11-14,0.9851989105030758,0.12037037037037046,-0.37574850299401197
삼성전자,2026-01-30,2026-06-30,2025-06-23,2025-11-17,0.9845680207956433,0.041749502982107334,-0.37574850299401197
삼성전자,2026-01-30,2026-06-30,2025-06-24,2025-11-18,0.9810274996348056,0.05112474437627812,-0.37574850299401197
삼성전자,2026-01-30,2026-06-30,2025-06-25,2025-11-19,0.9809677602422893,0.11813471502590667,-0.37574850299401197
삼성전자,2026-01-30,2026-06-30,2025-06-26,2025-11-20,0.9813606420849442,0.06958250497017882,-0.37574850299401197
삼성전자,2026-01-30,2026-06-30,2025-06-27,2025-11-21,0.9819637628815705,0.12130801687763704,-0.37574850299401197
삼성전자,2026-01-30,2026-06-30,2025-06-30,2025-11-24,0.982236189456663,0.14270941054808683,-0.37574850299401197
삼성전자,2026-01-30,2026-06-30,2025-07-01,2025-11-25,0.9822519209899002,0.12286002014098685,-0.37574850299401197
삼성전자,2026-01-30,2026-06-30,2025-07-02,2025-11-26,0.9830778161477881,0.08073929961089488,-0.37574850299401197
삼성전자,2026-01-30,2026-06-30,2025-07-03,2025-11-27,0.984149476140415,0.13043478260869557,-0.37574850299401197
삼성전자,2026-01-30,2026-06-30,2025-07-04,2025-11-28,0.9845962441889571,0.18905472636815923,-0.37574850299401197
삼성전자,2026-01-30,2026-06-30,2025-07-07,2025-12-01,0.9830132997646966,0.18948412698412698,-0.37574850299401197
삼성전자,2026-02-02,2026-07-01,2020-09-01,2021-01-27,0.9807945150704677,-0.03621495327102808,-0.3418124006359301
삼성전자,2026-02-02,2026-07-01,2020-09-02,2021-01-28,0.9810026692612521,-0.0011947431302270495,-0.3418124006359301
삼성전자,2026-02-02,2026-07-01,2020-09-04,2021-02-01,0.9800340433436843,-0.0072289156626506035,-0.3418124006359301
삼성전자,2026-02-02,2026-07-01,2020-09-11,2021-02-08,0.9808220596931654,-0.012048192771084376,-0.3418124006359301
삼성전자,2026-02-02,2026-07-01,2025-04-01,2025-08-26,0.9807533287134316,0.20483641536273112,-0.3418124006359301
삼성전자,2026-02-02,2026-07-01,2025-04-02,2025-08-27,0.9847468376733871,0.2096317280453257,-0.3418124006359301
삼성전자,2026-02-02,2026-07-01,2025-04-03,2025-08-28,0.9846491944880247,0.23706896551724133,-0.3418124006359301
삼성전자,2026-02-02,2026-07-01,2025-04-04,2025-08-29,0.9820819583612763,0.19512195121951215,-0.3418124006359301
삼성전자,2026-02-02,2026-07-01,2025-04-07,2025-09-01,0.9810619129457764,0.24556213017751483,-0.3418124006359301
삼성전자,2026-02-02,2026-07-01,2025-06-19,2025-11-13,0.9826757265403605,0.043774319066147926,-0.3418124006359301
삼성전자,2026-02-02,2026-07-01,2025-06-20,2025-11-14,0.984651387559166,0.12037037037037046,-0.3418124006359301
삼성전자,2026-02-02,2026-07-01,2025-06-23,2025-11-17,0.9853626860129631,0.041749502982107334,-0.3418124006359301
삼성전자,2026-02-02,2026-07-01,2025-06-24,2025-11-18,0.9827532467276541,0.05112474437627812,-0.3418124006359301
삼성전자,2026-02-02,2026-07-01,2025-06-25,2025-11-19,0.9814732961292366,0.11813471502590667,-0.3418124006359301
삼성전자,2026-02-02,2026-07-01,2025-06-26,2025-11-20,0.9813001803163921,0.06958250497017882,-0.3418124006359301
삼성전자,2026-02-02,2026-07-01,2025-06-27,2025-11-21,0.9817479780886195,0.12130801687763704,-0.3418124006359301
삼성전자,2026-02-02,2026-07-01,2025-06-30,2025-11-24,0.9823705272009868,0.14270941054808683,-0.3418124006359301
삼성전자,2026-02-02,2026-07-01,2025-07-01,2025-11-25,0.9823627309669724,0.12286002014098685,-0.3418124006359301
삼성전자,2026-02-02,2026-07-01,2025-07-02,2025-11-26,0.9824251286339583,0.08073929961089488,-0.3418124006359301
삼성전자,2026-02-02,2026-07-01,2025-07-03,2025-11-27,0.9833501368634037,0.13043478260869557,-0.3418124006359301
삼성전자,2026-02-02,2026-07-01,2025-07-04,2025-11-28,0.9845067687118282,0.18905472636815923,-0.3418124006359301
삼성전자,2026-02-02,2026-07-01,2025-07-07,2025-12-01,0.9849395753219681,0.18948412698412698,-0.3418124006359301
삼성전자,2026-02-03,2026-07-02,2020-09-02,2021-01-28,0.980247302555014,-0.0011947431302270495,-0.08216783216783219
삼성전자,2026-02-03,2026-07-02,2020-09-11,2021-02-08,0.9814712232385817,-0.012048192771084376,-0.08216783216783219
삼성전자,2026-02-03,2026-07-02,2020-09-14,2021-02-09,0.9821747050338574,0.0012091898428052694,-0.08216783216783219
삼성전자,2026-02-03,2026-07-02,2020-09-15,2021-02-10,0.9804341382954738,0.002450980392156854,-0.08216783216783219
삼성전자,2026-02-03,2026-07-02,2025-04-02,2025-08-27,0.981144756001313,0.2096317280453257,-0.08216783216783219
삼성전자,2026-02-03,2026-07-02,2025-04-03,2025-08-28,0.9857080033416185,0.23706896551724133,-0.08216783216783219
삼성전자,2026-02-03,2026-07-02,2025-04-04,2025-08-29,0.9848401306867778,0.19512195121951215,-0.08216783216783219
삼성전자,2026-02-03,2026-07-02,2025-04-07,2025-09-01,0.9818955479526199,0.24556213017751483,-0.08216783216783219
삼성전자,2026-02-03,2026-07-02,2025-06-20,2025-11-14,0.9818918412920925,0.12037037037037046,-0.08216783216783219
삼성전자,2026-02-03,2026-07-02,2025-06-23,2025-11-17,0.9831051816413431,0.041749502982107334,-0.08216783216783219
삼성전자,2026-02-03,2026-07-02,2025-06-24,2025-11-18,0.9831659535311358,0.05112474437627812,-0.08216783216783219
삼성전자,2026-02-03,2026-07-02,2025-06-25,2025-11-19,0.9829710762385946,0.11813471502590667,-0.08216783216783219
삼성전자,2026-02-03,2026-07-02,2025-06-26,2025-11-20,0.980726558470806,0.06958250497017882,-0.08216783216783219
삼성전자,2026-02-03,2026-07-02,2025-06-27,2025-11-21,0.9808339999723505,0.12130801687763704,-0.08216783216783219
삼성전자,2026-02-03,2026-07-02,2025-06-30,2025-11-24,0.980747327937098,0.14270941054808683,-0.08216783216783219
삼성전자,2026-02-03,2026-07-02,2025-07-01,2025-11-25,0.9806824137805119,0.12286002014098685,-0.08216783216783219
삼성전자,2026-02-03,2026-07-02,2025-07-02,2025-11-26,0.9802194198209095,0.08073929961089488,-0.08216783216783219
삼성전자,2026-02-03,2026-07-02,2025-07-03,2025-11-27,0.9800684117720126,0.13043478260869557,-0.08216783216783219
삼성전자,2026-02-03,2026-07-02,2025-07-04,2025-11-28,0.9813156807219185,0.18905472636815923,-0.08216783216783219
삼성전자,2026-02-03,2026-07-02,2025-07-07,2025-12-01,0.9821634843515283,0.18948412698412698,-0.08216783216783219
삼성전자,2026-02-04,2026-07-03,2020-09-14,2021-02-09,0.9818650568846119,0.0012091898428052694,-0.22617124394184163
삼성전자,2026-02-04,2026-07-03,2020-09-15,2021-02-10,0.982609508435776,0.002450980392156854,-0.22617124394184163
삼성전자,2026-02-04,2026-07-03,2020-09-16,2021-02-15,0.9809368468548265,-0.016627078384798155,-0.22617124394184163
삼성전자,2026-02-04,2026-07-03,2025-04-03,2025-08-28,0.9825421269041223,0.23706896551724133,-0.22617124394184163
삼성전자,2026-02-04,2026-07-03,2025-04-04,2025-08-29,0.9865174617109268,0.19512195121951215,-0.22617124394184163
삼성전자,2026-02-04,2026-07-03,2025-04-07,2025-09-01,0.9853476842660488,0.24556213017751483,-0.22617124394184163
삼성전자,2026-02-04,2026-07-03,2025-04-08,2025-09-02,0.9822773899441515,0.2141823444283646,-0.22617124394184163
삼성전자,2026-02-04,2026-07-03,2025-04-09,2025-09-03,0.98003768885101,0.2320916905444126,-0.22617124394184163
삼성전자,2026-02-04,2026-07-03,2025-06-23,2025-11-17,0.98198292010992,0.041749502982107334,-0.22617124394184163
삼성전자,2026-02-04,2026-07-03,2025-06-24,2025-11-18,0.9822383539168205,0.05112474437627812,-0.22617124394184163
삼성전자,2026-02-04,2026-07-03,2025-06-25,2025-11-19,0.9835141844473148,0.11813471502590667,-0.22617124394184163
삼성전자,2026-02-04,2026-07-03,2025-06-26,2025-11-20,0.9831199529999637,0.06958250497017882,-0.22617124394184163
삼성전자,2026-02-04,2026-07-03,2025-06-27,2025-11-21,0.9811369435256335,0.12130801687763704,-0.22617124394184163
삼성전자,2026-02-04,2026-07-03,2025-06-30,2025-11-24,0.9812412820884067,0.14270941054808683,-0.22617124394184163
삼성전자,2026-02-04,2026-07-03,2025-07-01,2025-11-25,0.9810420158915758,0.12286002014098685,-0.22617124394184163
삼성전자,2026-02-04,2026-07-03,2025-07-02,2025-11-26,0.980850226979904,0.08073929961089488,-0.22617124394184163
삼성전자,2026-02-04,2026-07-03,2025-07-03,2025-11-27,0.9804124153957068,0.13043478260869557,-0.22617124394184163
삼성전자,2026-02-04,2026-07-03,2025-07-04,2025-11-28,0.9804568871553108,0.18905472636815923,-0.22617124394184163
삼성전자,2026-02-04,2026-07-03,2025-07-07,2025-12-01,0.9816751628435687,0.18948412698412698,-0.22617124394184163
삼성전자,2026-02-05,2026-07-06,2020-09-14,2021-02-09,0.9800588966538877,0.0012091898428052694,-0.24528301886792447
삼성전자,2026-02-05,2026-07-06,2020-09-15,2021-02-10,0.9822663898325505,0.002450980392156854,-0.24528301886792447
삼성전자,2026-02-05,2026-07-06,2020-09-16,2021-02-15,0.9831037904319312,-0.016627078384798155,-0.24528301886792447
삼성전자,2026-02-05,2026-07-06,2020-09-17,2021-02-16,0.9814613386887919,-0.03062426383981154,-0.24528301886792447
삼성전자,2026-02-05,2026-07-06,2025-04-04,2025-08-29,0.983478366528064,0.19512195121951215,-0.24528301886792447
삼성전자,2026-02-05,2026-07-06,2025-04-07,2025-09-01,0.9869262547192286,0.24556213017751483,-0.24528301886792447
삼성전자,2026-02-05,2026-07-06,2025-04-08,2025-09-02,0.9857103773568848,0.2141823444283646,-0.24528301886792447
삼성전자,2026-02-05,2026-07-06,2025-04-09,2025-09-03,0.9826845786233582,0.2320916905444126,-0.24528301886792447
삼성전자,2026-02-05,2026-07-06,2025-06-24,2025-11-18,0.9808054086531715,0.05112474437627812,-0.24528301886792447
삼성전자,2026-02-05,2026-07-06,2025-06-25,2025-11-19,0.982663952382988,0.11813471502590667,-0.24528301886792447
삼성전자,2026-02-05,2026-07-06,2025-06-26,2025-11-20,0.9837967176310424,0.06958250497017882,-0.24528301886792447
삼성전자,2026-02-05,2026-07-06,2025-06-27,2025-11-21,0.9834719890239982,0.12130801687763704,-0.24528301886792447
삼성전자,2026-02-05,2026-07-06,2025-06-30,2025-11-24,0.9815657183414281,0.14270941054808683,-0.24528301886792447
삼성전자,2026-02-05,2026-07-06,2025-07-01,2025-11-25,0.9815420755718136,0.12286002014098685,-0.24528301886792447
삼성전자,2026-02-05,2026-07-06,2025-07-02,2025-11-26,0.9813323420401664,0.08073929961089488,-0.24528301886792447
삼성전자,2026-02-05,2026-07-06,2025-07-03,2025-11-27,0.9811969083314567,0.13043478260869557,-0.24528301886792447
삼성전자,2026-02-05,2026-07-06,2025-07-04,2025-11-28,0.9808577320439764,0.18905472636815923,-0.24528301886792447
삼성전자,2026-02-05,2026-07-06,2025-07-07,2025-12-01,0.980898146900137,0.18948412698412698,-0.24528301886792447
삼성전자,2026-02-06,2026-07-07,2020-09-15,2021-02-10,0.9805503362631386,0.002450980392156854,-0.16891891891891897
삼성전자,2026-02-06,2026-07-07,2020-09-16,2021-02-15,0.9825712228687343,-0.016627078384798155,-0.16891891891891897
삼성전자,2026-02-06,2026-07-07,2020-09-17,2021-02-16,0.9833360412688918,-0.03062426383981154,-0.16891891891891897
삼성전자,2026-02-06,2026-07-07,2020-09-18,2021-02-17,0.9817801069587164,-0.0036057692307692735,-0.16891891891891897
삼성전자,2026-02-06,2026-07-07,2025-04-07,2025-09-01,0.9841231275473551,0.24556213017751483,-0.16891891891891897
삼성전자,2026-02-06,2026-07-07,2025-04-08,2025-09-02,0.9869031714879206,0.2141823444283646,-0.16891891891891897
삼성전자,2026-02-06,2026-07-07,2025-04-09,2025-09-03,0.9856059306586176,0.2320916905444126,-0.16891891891891897
삼성전자,2026-02-06,2026-07-07,2025-04-10,2025-09-04,0.9809244694688095,0.26961483594864477,-0.16891891891891897
삼성전자,2026-02-06,2026-07-07,2025-06-25,2025-11-19,0.9809054014844286,0.11813471502590667,-0.16891891891891897
삼성전자,2026-02-06,2026-07-07,2025-06-26,2025-11-20,0.98232041985279,0.06958250497017882,-0.16891891891891897
삼성전자,2026-02-06,2026-07-07,2025-06-27,2025-11-21,0.9840055085631897,0.12130801687763704,-0.16891891891891897
삼성전자,2026-02-06,2026-07-07,2025-06-30,2025-11-24,0.9836073427719165,0.14270941054808683,-0.16891891891891897
삼성전자,2026-02-06,2026-07-07,2025-07-01,2025-11-25,0.9812879703163739,0.12286002014098685,-0.16891891891891897
삼성전자,2026-02-06,2026-07-07,2025-07-02,2025-11-26,0.9810311900076014,0.08073929961089488,-0.16891891891891897
삼성전자,2026-02-06,2026-07-07,2025-07-03,2025-11-27,0.9809276050296744,0.13043478260869557,-0.16891891891891897
삼성전자,2026-02-06,2026-07-07,2025-07-04,2025-11-28,0.9812933581424662,0.18905472636815923,-0.16891891891891897
삼성전자,2026-02-06,2026-07-07,2025-07-07,2025-12-01,0.9809542874364972,0.18948412698412698,-0.16891891891891897
삼성전자,2026-02-09,2026-07-08,2020-09-16,2021-02-15,0.9805762871930603,-0.016627078384798155,-0.16936936936936942
삼성전자,2026-02-09,2026-07-08,2020-09-17,2021-02-16,0.9823128816014302,-0.03062426383981154,-0.16936936936936942
삼성전자,2026-02-09,2026-07-08,2020-09-18,2021-02-17,0.9830435242095208,-0.0036057692307692735,-0.16936936936936942
삼성전자,2026-02-09,2026-07-08,2020-09-21,2021-02-18,0.9812902024134795,-0.0024360535931789995,-0.16936936936936942
삼성전자,2026-02-09,2026-07-08,2025-04-08,2025-09-02,0.9823183732930681,0.2141823444283646,-0.16936936936936942
삼성전자,2026-02-09,2026-07-08,2025-04-09,2025-09-03,0.9846424271107374,0.2320916905444126,-0.16936936936936942
삼성전자,2026-02-09,2026-07-08,2025-04-10,2025-09-04,0.9827253698052077,0.26961483594864477,-0.16936936936936942
삼성전자,2026-02-09,2026-07-08,2025-04-11,2025-09-05,0.9803325136072506,0.3582733812949641,-0.16936936936936942
삼성전자,2026-02-09,2026-07-08,2025-06-27,2025-11-21,0.9814407312382863,0.12130801687763704,-0.16936936936936942
삼성전자,2026-02-09,2026-07-08,2025-06-30,2025-11-24,0.9826037018031777,0.14270941054808683,-0.16936936936936942
삼성전자,2026-02-09,2026-07-08,2025-07-01,2025-11-25,0.9814373817463928,0.12286002014098685,-0.16936936936936942
삼성전자,2026-02-10,2026-07-09,2020-09-17,2021-02-16,0.9801122553222539,-0.03062426383981154,-0.1690647482014388
삼성전자,2026-02-10,2026-07-09,2020-09-18,2021-02-17,0.9820802631078341,-0.0036057692307692735,-0.1690647482014388
삼성전자,2026-02-10,2026-07-09,2020-09-21,2021-02-18,0.9829993976557433,-0.0024360535931789995,-0.1690647482014388
삼성전자,2026-02-10,2026-07-09,2020-09-22,2021-02-19,0.9812277956306887,-0.007263922518159771,-0.1690647482014388
삼성전자,2026-02-10,2026-07-09,2025-04-09,2025-09-03,0.9815246794884704,0.2320916905444126,-0.1690647482014388
삼성전자,2026-02-10,2026-07-09,2025-04-10,2025-09-04,0.9831562435805936,0.26961483594864477,-0.1690647482014388
삼성전자,2026-02-10,2026-07-09,2025-04-11,2025-09-05,0.9823836177482201,0.3582733812949641,-0.1690647482014388
삼성전자,2026-02-10,2026-07-09,2025-06-30,2025-11-24,0.9810287746790558,0.14270941054808683,-0.1690647482014388
삼성전자,2026-02-10,2026-07-09,2025-07-01,2025-11-25,0.981742884551057,0.12286002014098685,-0.1690647482014388
삼성전자,2026-02-10,2026-07-09,2025-07-02,2025-11-26,0.980032574582327,0.08073929961089488,-0.1690647482014388
삼성전자,2026-02-11,2026-07-10,2020-09-18,2021-02-17,0.9800580248259982,-0.0036057692307692735,-0.19298245614035092
삼성전자,2026-02-11,2026-07-10,2020-09-21,2021-02-18,0.9821041300187708,-0.0024360535931789995,-0.19298245614035092
삼성전자,2026-02-11,2026-07-10,2020-09-22,2021-02-19,0.9829150391387618,-0.007263922518159771,-0.19298245614035092
삼성전자,2026-02-11,2026-07-10,2020-09-23,2021-02-22,0.9810872945077969,-0.0048661800486617945,-0.19298245614035092
삼성전자,2026-02-11,2026-07-10,2025-04-11,2025-09-05,0.983007949421258,0.3582733812949641,-0.19298245614035092
삼성전자,2026-02-11,2026-07-10,2025-04-14,2025-09-08,0.9818145032822219,0.3309557774607703,-0.19298245614035092
삼성전자,2026-02-11,2026-07-10,2025-07-01,2025-11-25,0.9800996150779349,0.12286002014098685,-0.19298245614035092
삼성전자,2026-02-11,2026-07-10,2025-07-02,2025-11-26,0.9803456992506726,0.08073929961089488,-0.19298245614035092
삼성전자,2026-02-12,2026-07-13,2020-09-22,2021-02-19,0.9809697625096839,-0.007263922518159771,-0.058939096267190516
삼성전자,2026-02-12,2026-07-13,2020-09-23,2021-02-22,0.9818842128687859,-0.0048661800486617945,-0.058939096267190516
삼성전자,2026-02-12,2026-07-13,2020-09-24,2021-02-23,0.9802038723681916,-0.012195121951219523,-0.058939096267190516
삼성전자,2026-02-12,2026-07-13,2025-04-14,2025-09-08,0.9808086636064656,0.3309557774607703,-0.058939096267190516
삼성전자,2026-02-13,2026-07-14,2020-09-23,2021-02-22,0.9803171958918692,-0.0048661800486617945,-0.028517110266159662
삼성전자,2026-02-13,2026-07-14,2020-09-24,2021-02-23,0.9813045991768502,-0.012195121951219523,-0.028517110266159662
삼성전자,2026-02-19,2026-07-15,2020-09-24,2021-02-23,0.9802975539641497,-0.012195121951219523,-0.04114490161001794
삼성전자,2026-02-19,2026-07-15,2020-09-25,2021-02-24,0.9813186817033791,-0.009756097560975618,-0.04114490161001794
SK하이닉스,2025-08-05,2026-01-02,2020-09-23,2021-02-22,0.9810077139600479,-0.01098901098901095,0.34268833087149186
SK하이닉스,2025-08-05,2026-01-02,2020-09-24,2021-02-23,0.9835998606231808,-0.03610108303249093,0.34268833087149186
SK하이닉스,2025-08-05,2026-01-02,2020-09-25,2021-02-24,0.9855273638647575,-0.022058823529411797,0.34268833087149186
SK하이닉스,2025-08-05,2026-01-02,2020-09-28,2021-02-25,0.9871591139159992,-0.09090909090909094,0.34268833087149186
SK하이닉스,2025-08-05,2026-01-02,2020-09-29,2021-02-26,0.9877315324660455,-0.06713780918727918,0.34268833087149186
SK하이닉스,2025-08-05,2026-01-02,2020-10-05,2021-03-02,0.9886379883998226,-0.0692041522491349,0.34268833087149186
SK하이닉스,2025-08-05,2026-01-02,2020-10-06,2021-03-03,0.9876198813880236,-0.09863945578231292,0.34268833087149186
SK하이닉스,2025-08-05,2026-01-02,2020-10-07,2021-03-04,0.9870114154584404,-0.010563380281690127,0.34268833087149186
SK하이닉스,2025-08-05,2026-01-02,2020-10-08,2021-03-05,0.9863647754654736,0.0071428571428571175,0.34268833087149186
SK하이닉스,2025-08-05,2026-01-02,2020-10-12,2021-03-08,0.984669042364336,0.05535055350553497,0.34268833087149186
SK하이닉스,2025-08-05,2026-01-02,2020-10-13,2021-03-09,0.9829615655819219,0.04761904761904767,0.34268833087149186
SK하이닉스,2025-08-05,2026-01-02,2020-10-14,2021-03-10,0.9812486765034263,0.07894736842105265,0.34268833087149186
SK하이닉스,2025-08-05,2026-01-02,2023-03-13,2023-08-03,0.98092229601646,0.0,0.34268833087149186
SK하이닉스,2025-08-05,2026-01-02,2023-03-14,2023-08-04,0.9817785369944947,-0.007493755203996644,0.34268833087149186
SK하이닉스,2025-08-05,2026-01-02,2023-03-15,2023-08-07,0.98294416183156,-0.020508613617719496,0.34268833087149186
SK하이닉스,2025-08-05,2026-01-02,2023-03-16,2023-08-08,0.9831594016652353,-0.003372681281618939,0.34268833087149186
SK하이닉스,2025-08-05,2026-01-02,2023-03-17,2023-08-09,0.9832539720143542,0.0,0.34268833087149186
SK하이닉스,2025-08-05,2026-01-02,2023-03-20,2023-08-10,0.983346101572469,-0.040506329113924044,0.34268833087149186
SK하이닉스,2025-08-05,2026-01-02,2023-03-21,2023-08-11,0.9832129262783645,0.005203816131829964,0.34268833087149186
SK하이닉스,2025-08-05,2026-01-02,2023-03-22,2023-08-14,0.9825874959787045,0.015665796344647598,0.34268833087149186
SK하이닉스,2025-08-05,2026-01-02,2023-03-23,2023-08-16,0.9811041992383405,0.023316062176165886,0.34268833087149186
SK하이닉스,2025-08-05,2026-01-02,2023-03-24,2023-08-17,0.980572430292836,0.06445993031358888,0.34268833087149186
SK하이닉스,2025-08-05,2026-01-02,2023-12-26,2024-05-24,0.9808772103415715,0.12286002014098685,0.34268833087149186
SK하이닉스,2025-08-05,2026-01-02,2023-12-27,2024-05-27,0.9819780571371466,0.11662531017369737,0.34268833087149186
SK하이닉스,2025-08-05,2026-01-02,2023-12-28,2024-05-28,0.9836859418388425,0.17037037037037028,0.34268833087149186
SK하이닉스,2025-08-05,2026-01-02,2024-01-02,2024-05-29,0.9838045441543587,0.16790123456790118,0.34268833087149186
SK하이닉스,2025-08-05,2026-01-02,2024-01-03,2024-05-30,0.9835936336092981,0.20848237097598354,0.34268833087149186
SK하이닉스,2025-08-05,2026-01-02,2024-01-04,2024-05-31,0.9824899886875333,0.2447145877378436,0.34268833087149186
SK하이닉스,2025-08-05,2026-01-02,2024-01-05,2024-06-03,0.9815024274236469,0.19464469618949543,0.34268833087149186
SK하이닉스,2025-08-05,2026-01-02,2024-01-08,2024-06-04,0.9802026222135211,0.22090015519917228,0.34268833087149186
SK하이닉스,2025-08-06,2026-01-05,2020-09-24,2021-02-23,0.9814857781490673,-0.03610108303249093,0.19252873563218387
SK하이닉스,2025-08-06,2026-01-05,2020-09-25,2021-02-24,0.9837877960332402,-0.022058823529411797,0.19252873563218387
SK하이닉스,2025-08-06,2026-01-05,2020-09-28,2021-02-25,0.9860157328998247,-0.09090909090909094,0.19252873563218387
SK하이닉스,2025-08-06,2026-01-05,2020-09-29,2021-02-26,0.9874478632361625,-0.06713780918727918,0.19252873563218387
SK하이닉스,2025-08-06,2026-01-05,2020-10-05,2021-03-02,0.9880916246058109,-0.0692041522491349,0.19252873563218387
SK하이닉스,2025-08-06,2026-01-05,2020-10-06,2021-03-03,0.9889992353765191,-0.09863945578231292,0.19252873563218387
SK하이닉스,2025-08-06,2026-01-05,2020-10-07,2021-03-04,0.9877661805204067,-0.010563380281690127,0.19252873563218387
SK하이닉스,2025-08-06,2026-01-05,2020-10-08,2021-03-05,0.9869796594453168,0.0071428571428571175,0.19252873563218387
SK하이닉스,2025-08-06,2026-01-05,2020-10-12,2021-03-08,0.9858519883230068,0.05535055350553497,0.19252873563218387
SK하이닉스,2025-08-06,2026-01-05,2020-10-13,2021-03-09,0.9842742745924506,0.04761904761904767,0.19252873563218387
SK하이닉스,2025-08-06,2026-01-05,2020-10-14,2021-03-10,0.9821888116021983,0.07894736842105265,0.19252873563218387
SK하이닉스,2025-08-06,2026-01-05,2020-10-15,2021-03-11,0.9808991252548575,0.051094890510948954,0.19252873563218387
SK하이닉스,2025-08-06,2026-01-05,2023-03-14,2023-08-04,0.9810260845485714,-0.007493755203996644,0.19252873563218387
SK하이닉스,2025-08-06,2026-01-05,2023-03-15,2023-08-07,0.9819425563335653,-0.020508613617719496,0.19252873563218387
SK하이닉스,2025-08-06,2026-01-05,2023-03-16,2023-08-08,0.9825917433719663,-0.003372681281618939,0.19252873563218387
SK하이닉스,2025-08-06,2026-01-05,2023-03-17,2023-08-09,0.9813246194088743,0.0,0.19252873563218387
SK하이닉스,2025-08-06,2026-01-05,2023-03-20,2023-08-10,0.9829010405314286,-0.040506329113924044,0.19252873563218387
SK하이닉스,2025-08-06,2026-01-05,2023-03-21,2023-08-11,0.9822688499483255,0.005203816131829964,0.19252873563218387
SK하이닉스,2025-08-06,2026-01-05,2023-03-22,2023-08-14,0.9818210369369864,0.015665796344647598,0.19252873563218387
SK하이닉스,2025-08-06,2026-01-05,2023-03-23,2023-08-16,0.981510799617902,0.023316062176165886,0.19252873563218387
SK하이닉스,2025-08-06,2026-01-05,2023-12-26,2024-05-24,0.9806996722955215,0.12286002014098685,0.19252873563218387
SK하이닉스,2025-08-06,2026-01-05,2023-12-27,2024-05-27,0.9817086729184766,0.11662531017369737,0.19252873563218387
SK하이닉스,2025-08-06,2026-01-05,2023-12-28,2024-05-28,0.9827403740912052,0.17037037037037028,0.19252873563218387
SK하이닉스,2025-08-06,2026-01-05,2024-01-02,2024-05-29,0.9844283379831236,0.16790123456790118,0.19252873563218387
SK하이닉스,2025-08-06,2026-01-05,2024-01-03,2024-05-30,0.9843220403181684,0.20848237097598354,0.19252873563218387
SK하이닉스,2025-08-06,2026-01-05,2024-01-04,2024-05-31,0.9833316945019253,0.2447145877378436,0.19252873563218387
SK하이닉스,2025-08-06,2026-01-05,2024-01-05,2024-06-03,0.9826364868309787,0.19464469618949543,0.19252873563218387
SK하이닉스,2025-08-06,2026-01-05,2024-01-08,2024-06-04,0.9815610675365006,0.22090015519917228,0.19252873563218387
SK하이닉스,2025-08-06,2026-01-05,2024-01-09,2024-06-05,0.9802459634671822,0.18740320082601958,0.19252873563218387
SK하이닉스,2025-08-07,2026-01-06,2020-09-25,2021-02-24,0.9815236872283696,-0.022058823529411797,0.24931129476584024
SK하이닉스,2025-08-07,2026-01-06,2020-09-28,2021-02-25,0.9843946320032321,-0.09090909090909094,0.24931129476584024
SK하이닉스,2025-08-07,2026-01-06,2020-09-29,2021-02-26,0.9861956909748316,-0.06713780918727918,0.24931129476584024
SK하이닉스,2025-08-07,2026-01-06,2020-10-05,2021-03-02,0.9877270485934306,-0.0692041522491349,0.24931129476584024
SK하이닉스,2025-08-07,2026-01-06,2020-10-06,2021-03-03,0.9884086981393962,-0.09863945578231292,0.24931129476584024
SK하이닉스,2025-08-07,2026-01-06,2020-10-07,2021-03-04,0.9889008316541145,-0.010563380281690127,0.24931129476584024
SK하이닉스,2025-08-07,2026-01-06,2020-10-08,2021-03-05,0.9874500139566179,0.0071428571428571175,0.24931129476584024
SK하이닉스,2025-08-07,2026-01-06,2020-10-12,2021-03-08,0.9860700304186241,0.05535055350553497,0.24931129476584024
SK하이닉스,2025-08-07,2026-01-06,2020-10-13,2021-03-09,0.9850697963712814,0.04761904761904767,0.24931129476584024
SK하이닉스,2025-08-07,2026-01-06,2020-10-14,2021-03-10,0.9830405145993919,0.07894736842105265,0.24931129476584024
SK하이닉스,2025-08-07,2026-01-06,2020-10-15,2021-03-11,0.9814564335313449,0.051094890510948954,0.24931129476584024
SK하이닉스,2025-08-07,2026-01-06,2020-10-16,2021-03-12,0.9805196892232024,0.0,0.24931129476584024
SK하이닉스,2025-08-07,2026-01-06,2023-03-15,2023-08-07,0.9809692007183726,-0.020508613617719496,0.24931129476584024
SK하이닉스,2025-08-07,2026-01-06,2023-03-16,2023-08-08,0.9812365505992123,-0.003372681281618939,0.24931129476584024
SK하이닉스,2025-08-07,2026-01-06,2023-03-20,2023-08-10,0.9806508336734937,-0.040506329113924044,0.24931129476584024
SK하이닉스,2025-08-07,2026-01-06,2023-03-21,2023-08-11,0.9813293030928003,0.005203816131829964,0.24931129476584024
SK하이닉스,2025-08-07,2026-01-06,2023-03-22,2023-08-14,0.9803360364764795,0.015665796344647598,0.24931129476584024
SK하이닉스,2025-08-07,2026-01-06,2023-03-23,2023-08-16,0.9802853830359656,0.023316062176165886,0.24931129476584024
SK하이닉스,2025-08-07,2026-01-06,2023-12-27,2024-05-27,0.981607423836094,0.11662531017369737,0.24931129476584024
SK하이닉스,2025-08-07,2026-01-06,2023-12-28,2024-05-28,0.9825389937687492,0.17037037037037028,0.24931129476584024
SK하이닉스,2025-08-07,2026-01-06,2024-01-02,2024-05-29,0.9835486972729355,0.16790123456790118,0.24931129476584024
SK하이닉스,2025-08-07,2026-01-06,2024-01-03,2024-05-30,0.984786640239964,0.20848237097598354,0.24931129476584024
SK하이닉스,2025-08-07,2026-01-06,2024-01-04,2024-05-31,0.9837085580247393,0.2447145877378436,0.24931129476584024
SK하이닉스,2025-08-07,2026-01-06,2024-01-05,2024-06-03,0.9832152080099822,0.19464469618949543,0.24931129476584024
SK하이닉스,2025-08-07,2026-01-06,2024-01-08,2024-06-04,0.9823949970322785,0.22090015519917228,0.24931129476584024
SK하이닉스,2025-08-07,2026-01-06,2024-01-09,2024-06-05,0.9812843418545726,0.18740320082601958,0.24931129476584024
SK하이닉스,2025-08-07,2026-01-06,2024-01-10,2024-06-07,0.9809376802995204,0.13734939759036147,0.24931129476584024
SK하이닉스,2025-08-07,2026-01-06,2024-01-11,2024-06-10,0.9800741916549596,0.12259615384615374,0.24931129476584024
SK하이닉스,2025-08-08,2026-01-07,2020-09-28,2021-02-25,0.9822120661578242,-0.09090909090909094,0.21293800539083563
SK하이닉스,2025-08-08,2026-01-07,2020-09-29,2021-02-26,0.9845676785867385,-0.06713780918727918,0.21293800539083563
SK하이닉스,2025-08-08,2026-01-07,2020-10-05,2021-03-02,0.9864654924930034,-0.0692041522491349,0.21293800539083563
SK하이닉스,2025-08-08,2026-01-07,2020-10-06,2021-03-03,0.9880171345633615,-0.09863945578231292,0.21293800539083563
SK하이닉스,2025-08-08,2026-01-07,2020-10-07,2021-03-04,0.9882489691214087,-0.010563380281690127,0.21293800539083563
SK하이닉스,2025-08-08,2026-01-07,2020-10-08,2021-03-05,0.9884488922750772,0.0071428571428571175,0.21293800539083563
SK하이닉스,2025-08-08,2026-01-07,2020-10-12,2021-03-08,0.9863938707148595,0.05535055350553497,0.21293800539083563
SK하이닉스,2025-08-08,2026-01-07,2020-10-13,2021-03-09,0.9851437317466274,0.04761904761904767,0.21293800539083563
SK하이닉스,2025-08-08,2026-01-07,2020-10-14,2021-03-10,0.9836417796973992,0.07894736842105265,0.21293800539083563
SK하이닉스,2025-08-08,2026-01-07,2020-10-15,2021-03-11,0.9821406110312717,0.051094890510948954,0.21293800539083563
SK하이닉스,2025-08-08,2026-01-07,2020-10-16,2021-03-12,0.9809319645309457,0.0,0.21293800539083563
SK하이닉스,2025-08-08,2026-01-07,2023-03-16,2023-08-08,0.9801746139754923,-0.003372681281618939,0.21293800539083563
SK하이닉스,2025-08-08,2026-01-07,2023-12-27,2024-05-27,0.9800207364007812,0.11662531017369737,0.21293800539083563
SK하이닉스,2025-08-08,2026-01-07,2023-12-28,2024-05-28,0.9824087240805333,0.17037037037037028,0.21293800539083563
SK하이닉스,2025-08-08,2026-01-07,2024-01-02,2024-05-29,0.9833097720489319,0.16790123456790118,0.21293800539083563
SK하이닉스,2025-08-08,2026-01-07,2024-01-03,2024-05-30,0.9838349240538314,0.20848237097598354,0.21293800539083563
SK하이닉스,2025-08-08,2026-01-07,2024-01-04,2024-05-31,0.9840293264051974,0.2447145877378436,0.21293800539083563
SK하이닉스,2025-08-08,2026-01-07,2024-01-05,2024-06-03,0.9834803277233988,0.19464469618949543,0.21293800539083563
SK하이닉스,2025-08-08,2026-01-07,2024-01-08,2024-06-04,0.9828423420179739,0.22090015519917228,0.21293800539083563
SK하이닉스,2025-08-08,2026-01-07,2024-01-09,2024-06-05,0.9819823848557151,0.18740320082601958,0.21293800539083563
SK하이닉스,2025-08-08,2026-01-07,2024-01-10,2024-06-07,0.9819058732913317,0.13734939759036147,0.21293800539083563
SK하이닉스,2025-08-08,2026-01-07,2024-01-11,2024-06-10,0.9815040903439578,0.12259615384615374,0.21293800539083563
SK하이닉스,2025-08-08,2026-01-07,2024-01-12,2024-06-11,0.980790948615883,0.12235294117647055,0.21293800539083563
SK하이닉스,2025-08-11,2026-01-08,2020-09-28,2021-02-25,0.9800471525998004,-0.09090909090909094,0.11375661375661372
SK하이닉스,2025-08-11,2026-01-08,2020-09-29,2021-02-26,0.9824262145392929,-0.06713780918727918,0.11375661375661372
SK하이닉스,2025-08-11,2026-01-08,2020-10-05,2021-03-02,0.9848783506252583,-0.0692041522491349,0.11375661375661372
SK하이닉스,2025-08-11,2026-01-08,2020-10-06,2021-03-03,0.9867849901753216,-0.09863945578231292,0.11375661375661372
SK하이닉스,2025-08-11,2026-01-08,2020-10-07,2021-03-04,0.987828229504385,-0.010563380281690127,0.11375661375661372
SK하이닉스,2025-08-11,2026-01-08,2020-10-08,2021-03-05,0.987766063986471,0.0071428571428571175,0.11375661375661372
SK하이닉스,2025-08-11,2026-01-08,2020-10-12,2021-03-08,0.9872876480081888,0.05535055350553497,0.11375661375661372
SK하이닉스,2025-08-11,2026-01-08,2020-10-13,2021-03-09,0.9853993570443234,0.04761904761904767,0.11375661375661372
SK하이닉스,2025-08-11,2026-01-08,2020-10-14,2021-03-10,0.9836543060421882,0.07894736842105265,0.11375661375661372
SK하이닉스,2025-08-11,2026-01-08,2020-10-15,2021-03-11,0.9826691097943653,0.051094890510948954,0.11375661375661372
SK하이닉스,2025-08-11,2026-01-08,2020-10-16,2021-03-12,0.9815530804055089,0.0,0.11375661375661372
SK하이닉스,2025-08-11,2026-01-08,2023-12-27,2024-05-27,0.9807437888033266,0.11662531017369737,0.11375661375661372
SK하이닉스,2025-08-11,2026-01-08,2023-12-28,2024-05-28,0.9809154327591678,0.17037037037037028,0.11375661375661372
SK하이닉스,2025-08-11,2026-01-08,2024-01-02,2024-05-29,0.9832191544713585,0.16790123456790118,0.11375661375661372
SK하이닉스,2025-08-11,2026-01-08,2024-01-03,2024-05-30,0.9836109328070763,0.20848237097598354,0.11375661375661372
SK하이닉스,2025-08-11,2026-01-08,2024-01-04,2024-05-31,0.9830514550669538,0.2447145877378436,0.11375661375661372
SK하이닉스,2025-08-11,2026-01-08,2024-01-05,2024-06-03,0.9837506833517353,0.19464469618949543,0.11375661375661372
SK하이닉스,2025-08-11,2026-01-08,2024-01-08,2024-06-04,0.9830583995957336,0.22090015519917228,0.11375661375661372
SK하이닉스,2025-08-11,2026-01-08,2024-01-09,2024-06-05,0.9823653262560554,0.18740320082601958,0.11375661375661372
SK하이닉스,2025-08-11,2026-01-08,2024-01-10,2024-06-07,0.9825845667640913,0.13734939759036147,0.11375661375661372
SK하이닉스,2025-08-11,2026-01-08,2024-01-11,2024-06-10,0.9824192459682767,0.12259615384615374,0.11375661375661372
SK하이닉스,2025-08-11,2026-01-08,2024-01-12,2024-06-11,0.9821740337337191,0.12235294117647055,0.11375661375661372
SK하이닉스,2025-08-11,2026-01-08,2024-01-15,2024-06-12,0.9814929086447375,0.1116279069767443,0.11375661375661372
SK하이닉스,2025-08-11,2026-01-08,2024-01-16,2024-06-13,0.9806379726130073,0.0855855855855856,0.11375661375661372
SK하이닉스,2025-08-12,2026-01-09,2020-09-29,2021-02-26,0.980495322512696,-0.06713780918727918,0.12768817204301075
SK하이닉스,2025-08-12,2026-01-09,2020-10-05,2021-03-02,0.9829144610154468,-0.0692041522491349,0.12768817204301075
SK하이닉스,2025-08-12,2026-01-09,2020-10-06,2021-03-03,0.9853380672720947,-0.09863945578231292,0.12768817204301075
SK하이닉스,2025-08-12,2026-01-09,2020-10-07,2021-03-04,0.9868565331845928,-0.010563380281690127,0.12768817204301075
SK하이닉스,2025-08-12,2026-01-09,2020-10-08,2021-03-05,0.9876369835315745,0.0071428571428571175,0.12768817204301075
SK하이닉스,2025-08-12,2026-01-09,2020-10-12,2021-03-08,0.9870188122807836,0.05535055350553497,0.12768817204301075
SK하이닉스,2025-08-12,2026-01-09,2020-10-13,2021-03-09,0.9866252312438175,0.04761904761904767,0.12768817204301075
SK하이닉스,2025-08-12,2026-01-09,2020-10-14,2021-03-10,0.9843167837746433,0.07894736842105265,0.12768817204301075
SK하이닉스,2025-08-12,2026-01-09,2020-10-15,2021-03-11,0.9830379832275475,0.051094890510948954,0.12768817204301075
SK하이닉스,2025-08-12,2026-01-09,2020-10-16,2021-03-12,0.9823669403313471,0.0,0.12768817204301075
SK하이닉스,2025-08-12,2026-01-09,2020-10-19,2021-03-15,0.980756818446427,0.0073260073260073,0.12768817204301075
SK하이닉스,2025-08-12,2026-01-09,2023-12-28,2024-05-28,0.9815560159187143,0.17037037037037028,0.12768817204301075
SK하이닉스,2025-08-12,2026-01-09,2024-01-02,2024-05-29,0.981741777895851,0.16790123456790118,0.12768817204301075
SK하이닉스,2025-08-12,2026-01-09,2024-01-03,2024-05-30,0.9836478650662932,0.20848237097598354,0.12768817204301075
SK하이닉스,2025-08-12,2026-01-09,2024-01-04,2024-05-31,0.9831676466871083,0.2447145877378436,0.12768817204301075
SK하이닉스,2025-08-12,2026-01-09,2024-01-05,2024-06-03,0.9830519482358768,0.19464469618949543,0.12768817204301075
SK하이닉스,2025-08-12,2026-01-09,2024-01-08,2024-06-04,0.9835935697406857,0.22090015519917228,0.12768817204301075
SK하이닉스,2025-08-12,2026-01-09,2024-01-09,2024-06-05,0.9828685060308369,0.18740320082601958,0.12768817204301075
SK하이닉스,2025-08-12,2026-01-09,2024-01-10,2024-06-07,0.982978285235151,0.13734939759036147,0.12768817204301075
SK하이닉스,2025-08-12,2026-01-09,2024-01-11,2024-06-10,0.9831508289169875,0.12259615384615374,0.12768817204301075
SK하이닉스,2025-08-12,2026-01-09,2024-01-12,2024-06-11,0.9830496586608433,0.12235294117647055,0.12768817204301075
SK하이닉스,2025-08-12,2026-01-09,2024-01-15,2024-06-12,0.9828168846478591,0.1116279069767443,0.12768817204301075
SK하이닉스,2025-08-12,2026-01-09,2024-01-16,2024-06-13,0.9821177417808016,0.0855855855855856,0.12768817204301075
SK하이닉스,2025-08-12,2026-01-09,2024-01-17,2024-06-14,0.981351295896725,0.05429864253393668,0.12768817204301075
SK하이닉스,2025-08-12,2026-01-09,2024-01-18,2024-06-17,0.9803034383789432,0.03139013452914807,0.12768817204301075
SK하이닉스,2025-08-13,2026-01-12,2020-10-05,2021-03-02,0.9810608250699173,-0.0692041522491349,0.1842456608811749
SK하이닉스,2025-08-13,2026-01-12,2020-10-06,2021-03-03,0.9834500486084056,-0.09863945578231292,0.1842456608811749
SK하이닉스,2025-08-13,2026-01-12,2020-10-07,2021-03-04,0.9854893235845146,-0.010563380281690127,0.1842456608811749
SK하이닉스,2025-08-13,2026-01-12,2020-10-08,2021-03-05,0.986740052795628,0.0071428571428571175,0.1842456608811749
SK하이닉스,2025-08-13,2026-01-12,2020-10-12,2021-03-08,0.9869602595267288,0.05535055350553497,0.1842456608811749
SK하이닉스,2025-08-13,2026-01-12,2020-10-13,2021-03-09,0.986425209818767,0.04761904761904767,0.1842456608811749
SK하이닉스,2025-08-13,2026-01-12,2020-10-14,2021-03-10,0.985582604330721,0.07894736842105265,0.1842456608811749
SK하이닉스,2025-08-13,2026-01-12,2020-10-15,2021-03-11,0.9837433162855924,0.051094890510948954,0.1842456608811749
SK하이닉스,2025-08-13,2026-01-12,2020-10-16,2021-03-12,0.9827764533723369,0.0,0.1842456608811749
SK하이닉스,2025-08-13,2026-01-12,2020-10-19,2021-03-15,0.9816174905629396,0.0073260073260073,0.1842456608811749
SK하이닉스,2025-08-13,2026-01-12,2020-10-20,2021-03-16,0.9804702362387405,-0.007117437722419906,0.1842456608811749
SK하이닉스,2025-08-13,2026-01-12,2023-12-28,2024-05-28,0.9805038344346669,0.17037037037037028,0.1842456608811749
SK하이닉스,2025-08-13,2026-01-12,2024-01-02,2024-05-29,0.9823498442632854,0.16790123456790118,0.1842456608811749
SK하이닉스,2025-08-13,2026-01-12,2024-01-03,2024-05-30,0.982235823512931,0.20848237097598354,0.1842456608811749
SK하이닉스,2025-08-13,2026-01-12,2024-01-04,2024-05-31,0.9832601233142545,0.2447145877378436,0.1842456608811749
SK하이닉스,2025-08-13,2026-01-12,2024-01-05,2024-06-03,0.9832053172334572,0.19464469618949543,0.1842456608811749
SK하이닉스,2025-08-13,2026-01-12,2024-01-08,2024-06-04,0.9829609348928152,0.22090015519917228,0.1842456608811749
SK하이닉스,2025-08-13,2026-01-12,2024-01-09,2024-06-05,0.9834370141924402,0.18740320082601958,0.1842456608811749
SK하이닉스,2025-08-13,2026-01-12,2024-01-10,2024-06-07,0.983463828204928,0.13734939759036147,0.1842456608811749
SK하이닉스,2025-08-13,2026-01-12,2024-01-11,2024-06-10,0.983539309134377,0.12259615384615374,0.1842456608811749
SK하이닉스,2025-08-13,2026-01-12,2024-01-12,2024-06-11,0.9837489840425468,0.12235294117647055,0.1842456608811749
SK하이닉스,2025-08-13,2026-01-12,2024-01-15,2024-06-12,0.9836539153136582,0.1116279069767443,0.1842456608811749
SK하이닉스,2025-08-13,2026-01-12,2024-01-16,2024-06-13,0.9833658032407603,0.0855855855855856,0.1842456608811749
SK하이닉스,2025-08-13,2026-01-12,2024-01-17,2024-06-14,0.9827629684700092,0.05429864253393668,0.1842456608811749
SK하이닉스,2025-08-13,2026-01-12,2024-01-18,2024-06-17,0.9824194635605059,0.03139013452914807,0.1842456608811749
SK하이닉스,2025-08-13,2026-01-12,2024-01-19,2024-06-18,0.9806341684823431,-0.006396588486140775,0.1842456608811749
SK하이닉스,2025-08-14,2026-01-13,2020-10-06,2021-03-03,0.9816742138562979,-0.09863945578231292,0.1869918699186992
SK하이닉스,2025-08-14,2026-01-13,2020-10-07,2021-03-04,0.9837946855343255,-0.010563380281690127,0.1869918699186992
SK하이닉스,2025-08-14,2026-01-13,2020-10-08,2021-03-05,0.9856011089857891,0.0071428571428571175,0.1869918699186992
SK하이닉스,2025-08-14,2026-01-13,2020-10-12,2021-03-08,0.9863781535687098,0.05535055350553497,0.1869918699186992
SK하이닉스,2025-08-14,2026-01-13,2020-10-13,2021-03-09,0.9866302841806932,0.04761904761904767,0.1869918699186992
SK하이닉스,2025-08-14,2026-01-13,2020-10-14,2021-03-10,0.9857019519517229,0.07894736842105265,0.1869918699186992
SK하이닉스,2025-08-14,2026-01-13,2020-10-15,2021-03-11,0.9852380719085696,0.051094890510948954,0.1869918699186992
SK하이닉스,2025-08-14,2026-01-13,2020-10-16,2021-03-12,0.9836765476353393,0.0,0.1869918699186992
SK하이닉스,2025-08-14,2026-01-13,2020-10-19,2021-03-15,0.9823166067502159,0.0073260073260073,0.1869918699186992
SK하이닉스,2025-08-14,2026-01-13,2020-10-20,2021-03-16,0.9815358976376231,-0.007117437722419906,0.1869918699186992
SK하이닉스,2025-08-14,2026-01-13,2020-10-21,2021-03-17,0.980303437703942,-0.021428571428571463,0.1869918699186992
SK하이닉스,2025-08-14,2026-01-13,2024-01-02,2024-05-29,0.9812519109440682,0.16790123456790118,0.1869918699186992
SK하이닉스,2025-08-14,2026-01-13,2024-01-03,2024-05-30,0.9828854121539876,0.20848237097598354,0.1869918699186992
SK하이닉스,2025-08-14,2026-01-13,2024-01-04,2024-05-31,0.9821265591003008,0.2447145877378436,0.1869918699186992
SK하이닉스,2025-08-14,2026-01-13,2024-01-05,2024-06-03,0.9834606347803483,0.19464469618949543,0.1869918699186992
SK하이닉스,2025-08-14,2026-01-13,2024-01-08,2024-06-04,0.9832971284939331,0.22090015519917228,0.1869918699186992
SK하이닉스,2025-08-14,2026-01-13,2024-01-09,2024-06-05,0.9830278368456866,0.18740320082601958,0.1869918699186992
SK하이닉스,2025-08-14,2026-01-13,2024-01-10,2024-06-07,0.9839847395304472,0.13734939759036147,0.1869918699186992
SK하이닉스,2025-08-14,2026-01-13,2024-01-11,2024-06-10,0.9840235232545242,0.12259615384615374,0.1869918699186992
SK하이닉스,2025-08-14,2026-01-13,2024-01-12,2024-06-11,0.9840683668598679,0.12235294117647055,0.1869918699186992
SK하이닉스,2025-08-14,2026-01-13,2024-01-15,2024-06-12,0.9842709413571998,0.1116279069767443,0.1869918699186992
SK하이닉스,2025-08-14,2026-01-13,2024-01-16,2024-06-13,0.9840281537848288,0.0855855855855856,0.1869918699186992
SK하이닉스,2025-08-14,2026-01-13,2024-01-17,2024-06-14,0.983881119157598,0.05429864253393668,0.1869918699186992
SK하이닉스,2025-08-14,2026-01-13,2024-01-18,2024-06-17,0.9836452089695119,0.03139013452914807,0.1869918699186992
SK하이닉스,2025-08-14,2026-01-13,2024-01-19,2024-06-18,0.9823936033678289,-0.006396588486140775,0.1869918699186992
SK하이닉스,2025-08-14,2026-01-13,2024-01-22,2024-06-19,0.9809135777905491,-0.05567451820128477,0.1869918699186992
SK하이닉스,2025-08-18,2026-01-14,2020-10-07,2021-03-04,0.9820895953149277,-0.010563380281690127,0.15902964959568733
SK하이닉스,2025-08-18,2026-01-14,2020-10-08,2021-03-05,0.9839849970972203,0.0071428571428571175,0.15902964959568733
SK하이닉스,2025-08-18,2026-01-14,2020-10-12,2021-03-08,0.9853190592960219,0.05535055350553497,0.15902964959568733
SK하이닉스,2025-08-18,2026-01-14,2020-10-13,2021-03-09,0.9861167233059543,0.04761904761904767,0.15902964959568733
SK하이닉스,2025-08-18,2026-01-14,2020-10-14,2021-03-10,0.9859751844075181,0.07894736842105265,0.15902964959568733
SK하이닉스,2025-08-18,2026-01-14,2020-10-15,2021-03-11,0.9854110286930468,0.051094890510948954,0.15902964959568733
SK하이닉스,2025-08-18,2026-01-14,2020-10-16,2021-03-12,0.9851794505443878,0.0,0.15902964959568733
SK하이닉스,2025-08-18,2026-01-14,2020-10-19,2021-03-15,0.9832535152625385,0.0073260073260073,0.15902964959568733
SK하이닉스,2025-08-18,2026-01-14,2020-10-20,2021-03-16,0.9822659275793046,-0.007117437722419906,0.15902964959568733
SK하이닉스,2025-08-18,2026-01-14,2020-10-21,2021-03-17,0.9813916237164537,-0.021428571428571463,0.15902964959568733
SK하이닉스,2025-08-18,2026-01-14,2020-10-22,2021-03-18,0.9803090562939556,-0.03169014084507038,0.15902964959568733
SK하이닉스,2025-08-18,2026-01-14,2024-01-03,2024-05-30,0.981850726598965,0.20848237097598354,0.15902964959568733
SK하이닉스,2025-08-18,2026-01-14,2024-01-04,2024-05-31,0.9828067775639642,0.2447145877378436,0.15902964959568733
SK하이닉스,2025-08-18,2026-01-14,2024-01-05,2024-06-03,0.9823904389856118,0.19464469618949543,0.15902964959568733
SK하이닉스,2025-08-18,2026-01-14,2024-01-08,2024-06-04,0.9835846608064254,0.22090015519917228,0.15902964959568733
SK하이닉스,2025-08-18,2026-01-14,2024-01-09,2024-06-05,0.9833923585844755,0.18740320082601958,0.15902964959568733
SK하이닉스,2025-08-18,2026-01-14,2024-01-10,2024-06-07,0.9835826779824424,0.13734939759036147,0.15902964959568733
SK하이닉스,2025-08-18,2026-01-14,2024-01-11,2024-06-10,0.9845171470075685,0.12259615384615374,0.15902964959568733
SK하이닉스,2025-08-18,2026-01-14,2024-01-12,2024-06-11,0.9845191488003763,0.12235294117647055,0.15902964959568733
SK하이닉스,2025-08-18,2026-01-14,2024-01-15,2024-06-12,0.9845556183553928,0.1116279069767443,0.15902964959568733
SK하이닉스,2025-08-18,2026-01-14,2024-01-16,2024-06-13,0.9845810018789236,0.0855855855855856,0.15902964959568733
SK하이닉스,2025-08-18,2026-01-14,2024-01-17,2024-06-14,0.9844843829445835,0.05429864253393668,0.15902964959568733
SK하이닉스,2025-08-18,2026-01-14,2024-01-18,2024-06-17,0.9846234143774162,0.03139013452914807,0.15902964959568733
SK하이닉스,2025-08-18,2026-01-14,2024-01-19,2024-06-18,0.9835047715242042,-0.006396588486140775,0.15902964959568733
SK하이닉스,2025-08-18,2026-01-14,2024-01-22,2024-06-19,0.9825580773767122,-0.05567451820128477,0.15902964959568733
SK하이닉스,2025-08-18,2026-01-14,2024-01-23,2024-06-20,0.9810509703237115,-0.10526315789473684,0.15902964959568733
SK하이닉스,2025-08-18,2026-01-14,2024-01-24,2024-06-21,0.9803236175465023,-0.10470085470085466,0.15902964959568733
SK하이닉스,2025-08-19,2026-01-15,2020-10-07,2021-03-04,0.9804044072984966,-0.010563380281690127,0.1855807743658211
SK하이닉스,2025-08-19,2026-01-15,2020-10-08,2021-03-05,0.9823371665601027,0.0071428571428571175,0.1855807743658211
SK하이닉스,2025-08-19,2026-01-15,2020-10-12,2021-03-08,0.9837553276914939,0.05535055350553497,0.1855807743658211
SK하이닉스,2025-08-19,2026-01-15,2020-10-13,2021-03-09,0.9851170750247151,0.04761904761904767,0.1855807743658211
SK하이닉스,2025-08-19,2026-01-15,2020-10-14,2021-03-10,0.9855325719852263,0.07894736842105265,0.1855807743658211
SK하이닉스,2025-08-19,2026-01-15,2020-10-15,2021-03-11,0.9857167622296831,0.051094890510948954,0.1855807743658211
SK하이닉스,2025-08-19,2026-01-15,2020-10-16,2021-03-12,0.9853893363813806,0.0,0.1855807743658211
SK하이닉스,2025-08-19,2026-01-15,2020-10-19,2021-03-15,0.9847482041460823,0.0073260073260073,0.1855807743658211
SK하이닉스,2025-08-19,2026-01-15,2020-10-20,2021-03-16,0.9832155514013046,-0.007117437722419906,0.1855807743658211
SK하이닉스,2025-08-19,2026-01-15,2020-10-21,2021-03-17,0.9821285033321503,-0.021428571428571463,0.1855807743658211
SK하이닉스,2025-08-19,2026-01-15,2020-10-22,2021-03-18,0.9813811252067837,-0.03169014084507038,0.1855807743658211
SK하이닉스,2025-08-19,2026-01-15,2024-01-03,2024-05-30,0.9801221646577529,0.20848237097598354,0.1855807743658211
SK하이닉스,2025-08-19,2026-01-15,2024-01-04,2024-05-31,0.9818289861735339,0.2447145877378436,0.1855807743658211
SK하이닉스,2025-08-19,2026-01-15,2024-01-05,2024-06-03,0.9830723378186486,0.19464469618949543,0.1855807743658211
SK하이닉스,2025-08-19,2026-01-15,2024-01-08,2024-06-04,0.9825753075079885,0.22090015519917228,0.1855807743658211
SK하이닉스,2025-08-19,2026-01-15,2024-01-09,2024-06-05,0.9836905921011032,0.18740320082601958,0.1855807743658211
SK하이닉스,2025-08-19,2026-01-15,2024-01-10,2024-06-07,0.9839520644298444,0.13734939759036147,0.1855807743658211
SK하이닉스,2025-08-19,2026-01-15,2024-01-11,2024-06-10,0.984113786975823,0.12259615384615374,0.1855807743658211
SK하이닉스,2025-08-19,2026-01-15,2024-01-12,2024-06-11,0.9849980660027727,0.12235294117647055,0.1855807743658211
SK하이닉스,2025-08-19,2026-01-15,2024-01-15,2024-06-12,0.9849767293718545,0.1116279069767443,0.1855807743658211
SK하이닉스,2025-08-19,2026-01-15,2024-01-16,2024-06-13,0.9848357628039411,0.0855855855855856,0.1855807743658211
SK하이닉스,2025-08-19,2026-01-15,2024-01-17,2024-06-14,0.9849855342761622,0.05429864253393668,0.1855807743658211
SK하이닉스,2025-08-19,2026-01-15,2024-01-18,2024-06-17,0.985082324811363,0.03139013452914807,0.1855807743658211
SK하이닉스,2025-08-19,2026-01-15,2024-01-19,2024-06-18,0.9844226607731911,-0.006396588486140775,0.1855807743658211
SK하이닉스,2025-08-19,2026-01-15,2024-01-22,2024-06-19,0.9836436803911344,-0.05567451820128477,0.1855807743658211
SK하이닉스,2025-08-19,2026-01-15,2024-01-23,2024-06-20,0.9826545489481158,-0.10526315789473684,0.1855807743658211
SK하이닉스,2025-08-19,2026-01-15,2024-01-24,2024-06-21,0.9814756769003375,-0.10470085470085466,0.1855807743658211
SK하이닉스,2025-08-19,2026-01-15,2024-01-25,2024-06-24,0.9809989387413618,-0.08071748878923768,0.1855807743658211
SK하이닉스,2025-08-19,2026-01-15,2024-01-26,2024-06-25,0.9803777770205058,-0.0888888888888889,0.1855807743658211
SK하이닉스,2025-08-20,2026-01-16,2020-10-08,2021-03-05,0.9807125068385041,0.0071428571428571175,0.16402116402116396
SK하이닉스,2025-08-20,2026-01-16,2020-10-12,2021-03-08,0.9821672468866205,0.05535055350553497,0.16402116402116396
SK하이닉스,2025-08-20,2026-01-16,2020-10-13,2021-03-09,0.9836217117284788,0.04761904761904767,0.16402116402116396
SK하이닉스,2025-08-20,2026-01-16,2020-10-14,2021-03-10,0.9846007277999486,0.07894736842105265,0.16402116402116396
SK하이닉스,2025-08-20,2026-01-16,2020-10-15,2021-03-11,0.9853174274589919,0.051094890510948954,0.16402116402116396
SK하이닉스,2025-08-20,2026-01-16,2020-10-16,2021-03-12,0.985718270357913,0.0,0.16402116402116396
SK하이닉스,2025-08-20,2026-01-16,2020-10-19,2021-03-15,0.9849806856175524,0.0073260073260073,0.16402116402116396
SK하이닉스,2025-08-20,2026-01-16,2020-10-20,2021-03-16,0.9847002806281502,-0.007117437722419906,0.16402116402116396
SK하이닉스,2025-08-20,2026-01-16,2020-10-21,2021-03-17,0.9830776948250435,-0.021428571428571463,0.16402116402116396
SK하이닉스,2025-08-20,2026-01-16,2020-10-22,2021-03-18,0.9821154897474926,-0.03169014084507038,0.16402116402116396
SK하이닉스,2025-08-20,2026-01-16,2020-10-23,2021-03-19,0.980955499080243,-0.0036231884057971175,0.16402116402116396
SK하이닉스,2025-08-20,2026-01-16,2024-01-04,2024-05-31,0.9801718771309966,0.2447145877378436,0.16402116402116396
SK하이닉스,2025-08-20,2026-01-16,2024-01-05,2024-06-03,0.9821410461611184,0.19464469618949543,0.16402116402116396
SK하이닉스,2025-08-20,2026-01-16,2024-01-08,2024-06-04,0.9832633794137289,0.22090015519917228,0.16402116402116396
SK하이닉스,2025-08-20,2026-01-16,2024-01-09,2024-06-05,0.982727868711011,0.18740320082601958,0.16402116402116396
SK하이닉스,2025-08-20,2026-01-16,2024-01-10,2024-06-07,0.9842515206865843,0.13734939759036147,0.16402116402116396
SK하이닉스,2025-08-20,2026-01-16,2024-01-11,2024-06-10,0.9844669423693314,0.12259615384615374,0.16402116402116396
SK하이닉스,2025-08-20,2026-01-16,2024-01-12,2024-06-11,0.9846105470948525,0.12235294117647055,0.16402116402116396
SK하이닉스,2025-08-20,2026-01-16,2024-01-15,2024-06-12,0.9854329530424977,0.1116279069767443,0.16402116402116396
SK하이닉스,2025-08-20,2026-01-16,2024-01-16,2024-06-13,0.9852298509490769,0.0855855855855856,0.16402116402116396
SK하이닉스,2025-08-20,2026-01-16,2024-01-17,2024-06-14,0.9852146635220638,0.05429864253393668,0.16402116402116396
SK하이닉스,2025-08-20,2026-01-16,2024-01-18,2024-06-17,0.9854566917117948,0.03139013452914807,0.16402116402116396
SK하이닉스,2025-08-20,2026-01-16,2024-01-19,2024-06-18,0.9848469729352517,-0.006396588486140775,0.16402116402116396
SK하이닉스,2025-08-20,2026-01-16,2024-01-22,2024-06-19,0.9845310451307815,-0.05567451820128477,0.16402116402116396
SK하이닉스,2025-08-20,2026-01-16,2024-01-23,2024-06-20,0.9837047958206815,-0.10526315789473684,0.16402116402116396
SK하이닉스,2025-08-20,2026-01-16,2024-01-24,2024-06-21,0.9830256143645953,-0.10470085470085466,0.16402116402116396
SK하이닉스,2025-08-20,2026-01-16,2024-01-25,2024-06-24,0.98213202897732,-0.08071748878923768,0.16402116402116396
SK하이닉스,2025-08-20,2026-01-16,2024-01-26,2024-06-25,0.9816121838363652,-0.0888888888888889,0.16402116402116396
SK하이닉스,2025-08-20,2026-01-16,2024-01-29,2024-06-26,0.9808674666734016,-0.120253164556962,0.16402116402116396
SK하이닉스,2025-08-21,2026-01-19,2020-10-12,2021-03-08,0.9805983675302601,0.05535055350553497,0.17015706806282727
SK하이닉스,2025-08-21,2026-01-19,2020-10-13,2021-03-09,0.9821059042001359,0.04761904761904767,0.17015706806282727
SK하이닉스,2025-08-21,2026-01-19,2020-10-14,2021-03-10,0.9831919294093029,0.07894736842105265,0.17015706806282727
SK하이닉스,2025-08-21,2026-01-19,2020-10-15,2021-03-11,0.9844465039901682,0.051094890510948954,0.17015706806282727
SK하이닉스,2025-08-21,2026-01-19,2020-10-16,2021-03-12,0.9853691400473942,0.0,0.17015706806282727
SK하이닉스,2025-08-21,2026-01-19,2020-10-19,2021-03-15,0.9853296346343806,0.0073260073260073,0.17015706806282727
SK하이닉스,2025-08-21,2026-01-19,2020-10-20,2021-03-16,0.9849626955237324,-0.007117437722419906,0.17015706806282727
SK하이닉스,2025-08-21,2026-01-19,2020-10-21,2021-03-17,0.9845498103545933,-0.021428571428571463,0.17015706806282727
SK하이닉스,2025-08-21,2026-01-19,2020-10-22,2021-03-18,0.9830560312300216,-0.03169014084507038,0.17015706806282727
SK하이닉스,2025-08-21,2026-01-19,2020-10-23,2021-03-19,0.9816858905849544,-0.0036231884057971175,0.17015706806282727
SK하이닉스,2025-08-21,2026-01-19,2020-10-26,2021-03-22,0.9805049200626796,0.0,0.17015706806282727
SK하이닉스,2025-08-21,2026-01-19,2024-01-05,2024-06-03,0.980555767795754,0.19464469618949543,0.17015706806282727
SK하이닉스,2025-08-21,2026-01-19,2024-01-08,2024-06-04,0.9823901142998317,0.22090015519917228,0.17015706806282727
SK하이닉스,2025-08-21,2026-01-19,2024-01-09,2024-06-05,0.9834191881583152,0.18740320082601958,0.17015706806282727
SK하이닉스,2025-08-21,2026-01-19,2024-01-10,2024-06-07,0.9833472806556277,0.13734939759036147,0.17015706806282727
SK하이닉스,2025-08-21,2026-01-19,2024-01-11,2024-06-10,0.9847588010731921,0.12259615384615374,0.17015706806282727
SK하이닉스,2025-08-21,2026-01-19,2024-01-12,2024-06-11,0.9849683075211855,0.12235294117647055,0.17015706806282727
SK하이닉스,2025-08-21,2026-01-19,2024-01-15,2024-06-12,0.9850627352988759,0.1116279069767443,0.17015706806282727
SK하이닉스,2025-08-21,2026-01-19,2024-01-16,2024-06-13,0.9856718809356424,0.0855855855855856,0.17015706806282727
SK하이닉스,2025-08-21,2026-01-19,2024-01-17,2024-06-14,0.985585947727424,0.05429864253393668,0.17015706806282727
SK하이닉스,2025-08-21,2026-01-19,2024-01-18,2024-06-17,0.9855618768141602,0.03139013452914807,0.17015706806282727
SK하이닉스,2025-08-21,2026-01-19,2024-01-19,2024-06-18,0.9852108747723949,-0.006396588486140775,0.17015706806282727
SK하이닉스,2025-08-21,2026-01-19,2024-01-22,2024-06-19,0.9849724487638182,-0.05567451820128477,0.17015706806282727
SK하이닉스,2025-08-21,2026-01-19,2024-01-23,2024-06-20,0.9845965869745544,-0.10526315789473684,0.17015706806282727
SK하이닉스,2025-08-21,2026-01-19,2024-01-24,2024-06-21,0.9840669102612225,-0.10470085470085466,0.17015706806282727
SK하이닉스,2025-08-21,2026-01-19,2024-01-25,2024-06-24,0.9836679982340651,-0.08071748878923768,0.17015706806282727
SK하이닉스,2025-08-21,2026-01-19,2024-01-26,2024-06-25,0.9827220165466944,-0.0888888888888889,0.17015706806282727
SK하이닉스,2025-08-21,2026-01-19,2024-01-29,2024-06-26,0.9820610346649041,-0.120253164556962,0.17015706806282727
SK하이닉스,2025-08-21,2026-01-19,2024-01-30,2024-06-27,0.9814076383513195,-0.19661733615221988,0.17015706806282727
SK하이닉스,2025-08-22,2026-01-20,2020-10-13,2021-03-09,0.9806025931518068,0.04761904761904767,0.2772543741588156
SK하이닉스,2025-08-22,2026-01-20,2020-10-14,2021-03-10,0.9818113647101394,0.07894736842105265,0.2772543741588156
SK하이닉스,2025-08-22,2026-01-20,2020-10-15,2021-03-11,0.9830160085898928,0.051094890510948954,0.2772543741588156
SK하이닉스,2025-08-22,2026-01-20,2020-10-16,2021-03-12,0.9843646558128225,0.0,0.2772543741588156
SK하이닉스,2025-08-22,2026-01-20,2020-10-19,2021-03-15,0.9848406204757089,0.0073260073260073,0.2772543741588156
SK하이닉스,2025-08-22,2026-01-20,2020-10-20,2021-03-16,0.9850142996364472,-0.007117437722419906,0.2772543741588156
SK하이닉스,2025-08-22,2026-01-20,2020-10-21,2021-03-17,0.9844393073053552,-0.021428571428571463,0.2772543741588156
SK하이닉스,2025-08-22,2026-01-20,2020-10-22,2021-03-18,0.9839862421234398,-0.03169014084507038,0.2772543741588156
SK하이닉스,2025-08-22,2026-01-20,2020-10-23,2021-03-19,0.982074426563503,-0.0036231884057971175,0.2772543741588156
SK하이닉스,2025-08-22,2026-01-20,2020-10-26,2021-03-22,0.980588732575447,0.0,0.2772543741588156
SK하이닉스,2025-08-22,2026-01-20,2024-01-08,2024-06-04,0.9808766816433532,0.22090015519917228,0.2772543741588156
SK하이닉스,2025-08-22,2026-01-20,2024-01-09,2024-06-05,0.9825419434410927,0.18740320082601958,0.2772543741588156
SK하이닉스,2025-08-22,2026-01-20,2024-01-10,2024-06-07,0.983670620522489,0.13734939759036147,0.2772543741588156
SK하이닉스,2025-08-22,2026-01-20,2024-01-11,2024-06-10,0.9834526825721689,0.12259615384615374,0.2772543741588156
SK하이닉스,2025-08-22,2026-01-20,2024-01-12,2024-06-11,0.9847483283953616,0.12235294117647055,0.2772543741588156
SK하이닉스,2025-08-22,2026-01-20,2024-01-15,2024-06-12,0.984819667763014,0.1116279069767443,0.2772543741588156
SK하이닉스,2025-08-22,2026-01-20,2024-01-16,2024-06-13,0.9845741470753933,0.0855855855855856,0.2772543741588156
SK하이닉스,2025-08-22,2026-01-20,2024-01-17,2024-06-14,0.9852807524039291,0.05429864253393668,0.2772543741588156
SK하이닉스,2025-08-22,2026-01-20,2024-01-18,2024-06-17,0.9851284305139247,0.03139013452914807,0.2772543741588156
SK하이닉스,2025-08-22,2026-01-20,2024-01-19,2024-06-18,0.9844453871058708,-0.006396588486140775,0.2772543741588156
SK하이닉스,2025-08-22,2026-01-20,2024-01-22,2024-06-19,0.9845716751232196,-0.05567451820128477,0.2772543741588156
SK하이닉스,2025-08-22,2026-01-20,2024-01-23,2024-06-20,0.9842546769648386,-0.10526315789473684,0.2772543741588156
SK하이닉스,2025-08-22,2026-01-20,2024-01-24,2024-06-21,0.984247611022337,-0.10470085470085466,0.2772543741588156
SK하이닉스,2025-08-22,2026-01-20,2024-01-25,2024-06-24,0.9842040183295188,-0.08071748878923768,0.2772543741588156
SK하이닉스,2025-08-22,2026-01-20,2024-01-26,2024-06-25,0.983628639290957,-0.0888888888888889,0.2772543741588156
SK하이닉스,2025-08-22,2026-01-20,2024-01-29,2024-06-26,0.9822886801868873,-0.120253164556962,0.2772543741588156
SK하이닉스,2025-08-22,2026-01-20,2024-01-30,2024-06-27,0.9816999813540501,-0.19661733615221988,0.2772543741588156
SK하이닉스,2025-08-22,2026-01-20,2024-01-31,2024-06-28,0.9811099458202656,-0.1890063424947146,0.2772543741588156
SK하이닉스,2025-08-25,2026-01-21,2020-10-14,2021-03-10,0.9804500465159649,0.07894736842105265,0.2851351351351352
SK하이닉스,2025-08-25,2026-01-21,2020-10-15,2021-03-11,0.9817662853371527,0.051094890510948954,0.2851351351351352
SK하이닉스,2025-08-25,2026-01-21,2020-10-16,2021-03-12,0.9830603653244744,0.0,0.2851351351351352
SK하이닉스,2025-08-25,2026-01-21,2020-10-19,2021-03-15,0.9839947269155833,0.0073260073260073,0.2851351351351352
SK하이닉스,2025-08-25,2026-01-21,2020-10-20,2021-03-16,0.98467086322539,-0.007117437722419906,0.2851351351351352
SK하이닉스,2025-08-25,2026-01-21,2020-10-21,2021-03-17,0.9846528850350348,-0.021428571428571463,0.2851351351351352
SK하이닉스,2025-08-25,2026-01-21,2020-10-22,2021-03-18,0.9840464209610091,-0.03169014084507038,0.2851351351351352
SK하이닉스,2025-08-25,2026-01-21,2020-10-23,2021-03-19,0.9832135313610548,-0.0036231884057971175,0.2851351351351352
SK하이닉스,2025-08-25,2026-01-21,2020-10-26,2021-03-22,0.9812125408237261,0.0,0.2851351351351352
SK하이닉스,2025-08-25,2026-01-21,2024-01-09,2024-06-05,0.9811136256914967,0.18740320082601958,0.2851351351351352
SK하이닉스,2025-08-25,2026-01-21,2024-01-10,2024-06-07,0.98280366208871,0.13734939759036147,0.2851351351351352
SK하이닉스,2025-08-25,2026-01-21,2024-01-11,2024-06-10,0.9837833892304644,0.12259615384615374,0.2851351351351352
SK하이닉스,2025-08-25,2026-01-21,2024-01-12,2024-06-11,0.9834630103828217,0.12235294117647055,0.2851351351351352
SK하이닉스,2025-08-25,2026-01-21,2024-01-15,2024-06-12,0.9846044745549413,0.1116279069767443,0.2851351351351352
SK하이닉스,2025-08-25,2026-01-21,2024-01-16,2024-06-13,0.9843131228406746,0.0855855855855856,0.2851351351351352
SK하이닉스,2025-08-25,2026-01-21,2024-01-17,2024-06-14,0.9842026382065923,0.05429864253393668,0.2851351351351352
SK하이닉스,2025-08-25,2026-01-21,2024-01-18,2024-06-17,0.9848202907553016,0.03139013452914807,0.2851351351351352
SK하이닉스,2025-08-25,2026-01-21,2024-01-19,2024-06-18,0.983952992456085,-0.006396588486140775,0.2851351351351352
SK하이닉스,2025-08-25,2026-01-21,2024-01-22,2024-06-19,0.9837701854263795,-0.05567451820128477,0.2851351351351352
SK하이닉스,2025-08-25,2026-01-21,2024-01-23,2024-06-20,0.9838001617160288,-0.10526315789473684,0.2851351351351352
SK하이닉스,2025-08-25,2026-01-21,2024-01-24,2024-06-21,0.9838809150049359,-0.10470085470085466,0.2851351351351352
SK하이닉스,2025-08-25,2026-01-21,2024-01-25,2024-06-24,0.9844211339302691,-0.08071748878923768,0.2851351351351352
SK하이닉스,2025-08-25,2026-01-21,2024-01-26,2024-06-25,0.9842040499006152,-0.0888888888888889,0.2851351351351352
SK하이닉스,2025-08-25,2026-01-21,2024-01-29,2024-06-26,0.9831860241221146,-0.120253164556962,0.2851351351351352
SK하이닉스,2025-08-25,2026-01-21,2024-01-30,2024-06-27,0.9819525291008433,-0.19661733615221988,0.2851351351351352
SK하이닉스,2025-08-25,2026-01-21,2024-01-31,2024-06-28,0.9814439132738271,-0.1890063424947146,0.2851351351351352
SK하이닉스,2025-08-25,2026-01-21,2024-02-01,2024-07-01,0.9808859969759114,-0.16942675159235665,0.2851351351351352
SK하이닉스,2025-08-26,2026-01-22,2020-10-15,2021-03-11,0.9806877679237416,0.051094890510948954,0.33112582781456945
SK하이닉스,2025-08-26,2026-01-22,2020-10-16,2021-03-12,0.9821506372325282,0.0,0.33112582781456945
SK하이닉스,2025-08-26,2026-01-22,2020-10-19,2021-03-15,0.983056194389567,0.0073260073260073,0.33112582781456945
SK하이닉스,2025-08-26,2026-01-22,2020-10-20,2021-03-16,0.9842564367985804,-0.007117437722419906,0.33112582781456945
SK하이닉스,2025-08-26,2026-01-22,2020-10-21,2021-03-17,0.9847906755546998,-0.021428571428571463,0.33112582781456945
SK하이닉스,2025-08-26,2026-01-22,2020-10-22,2021-03-18,0.9848221169249289,-0.03169014084507038,0.33112582781456945
SK하이닉스,2025-08-26,2026-01-22,2020-10-23,2021-03-19,0.9838925558392542,-0.0036231884057971175,0.33112582781456945
SK하이닉스,2025-08-26,2026-01-22,2020-10-26,2021-03-22,0.9830438877670402,0.0,0.33112582781456945
SK하이닉스,2025-08-26,2026-01-22,2020-10-27,2021-03-23,0.9807446358346144,0.025925925925925908,0.33112582781456945
SK하이닉스,2025-08-26,2026-01-22,2024-01-09,2024-06-05,0.9802894070269919,0.18740320082601958,0.33112582781456945
SK하이닉스,2025-08-26,2026-01-22,2024-01-10,2024-06-07,0.9817075579777323,0.13734939759036147,0.33112582781456945
SK하이닉스,2025-08-26,2026-01-22,2024-01-11,2024-06-10,0.9832758557612026,0.12259615384615374,0.33112582781456945
SK하이닉스,2025-08-26,2026-01-22,2024-01-12,2024-06-11,0.984176910262359,0.12235294117647055,0.33112582781456945
SK하이닉스,2025-08-26,2026-01-22,2024-01-15,2024-06-12,0.9837920678964682,0.1116279069767443,0.33112582781456945
SK하이닉스,2025-08-26,2026-01-22,2024-01-16,2024-06-13,0.9846083559477036,0.0855855855855856,0.33112582781456945
SK하이닉스,2025-08-26,2026-01-22,2024-01-17,2024-06-14,0.9844797977931565,0.05429864253393668,0.33112582781456945
SK하이닉스,2025-08-26,2026-01-22,2024-01-18,2024-06-17,0.9842108449413505,0.03139013452914807,0.33112582781456945
SK하이닉스,2025-08-26,2026-01-22,2024-01-19,2024-06-18,0.9841929248689969,-0.006396588486140775,0.33112582781456945
SK하이닉스,2025-08-26,2026-01-22,2024-01-22,2024-06-19,0.9837928696134669,-0.05567451820128477,0.33112582781456945
SK하이닉스,2025-08-26,2026-01-22,2024-01-23,2024-06-20,0.9835212037357116,-0.10526315789473684,0.33112582781456945
SK하이닉스,2025-08-26,2026-01-22,2024-01-24,2024-06-21,0.983907923235146,-0.10470085470085466,0.33112582781456945
SK하이닉스,2025-08-26,2026-01-22,2024-01-25,2024-06-24,0.9844711088427116,-0.08071748878923768,0.33112582781456945
SK하이닉스,2025-08-26,2026-01-22,2024-01-26,2024-06-25,0.9848847981108748,-0.0888888888888889,0.33112582781456945
SK하이닉스,2025-08-26,2026-01-22,2024-01-29,2024-06-26,0.9843281475312653,-0.120253164556962,0.33112582781456945
SK하이닉스,2025-08-26,2026-01-22,2024-01-30,2024-06-27,0.9834490802302986,-0.19661733615221988,0.33112582781456945
SK하이닉스,2025-08-26,2026-01-22,2024-01-31,2024-06-28,0.9823447581123782,-0.1890063424947146,0.33112582781456945
SK하이닉스,2025-08-26,2026-01-22,2024-02-01,2024-07-01,0.9819094493696021,-0.16942675159235665,0.33112582781456945
SK하이닉스,2025-08-26,2026-01-22,2024-02-02,2024-07-02,0.9814364848370929,-0.18577586206896557,0.33112582781456945
SK하이닉스,2025-08-27,2026-01-23,2020-10-16,2021-03-12,0.9810594505418487,0.0,0.3272490221642763
SK하이닉스,2025-08-27,2026-01-23,2020-10-19,2021-03-15,0.9821154579522009,0.0073260073260073,0.3272490221642763
SK하이닉스,2025-08-27,2026-01-23,2020-10-20,2021-03-16,0.9832989458031778,-0.007117437722419906,0.3272490221642763
SK하이닉스,2025-08-27,2026-01-23,2020-10-21,2021-03-17,0.9843419568558932,-0.021428571428571463,0.3272490221642763
SK하이닉스,2025-08-27,2026-01-23,2020-10-22,2021-03-18,0.9849189194530251,-0.03169014084507038,0.3272490221642763
SK하이닉스,2025-08-27,2026-01-23,2020-10-23,2021-03-19,0.9845965031332548,-0.0036231884057971175,0.3272490221642763
SK하이닉스,2025-08-27,2026-01-23,2020-10-26,2021-03-22,0.9836510205177199,0.0,0.3272490221642763
SK하이닉스,2025-08-27,2026-01-23,2020-10-27,2021-03-23,0.9824677985880748,0.025925925925925908,0.3272490221642763
SK하이닉스,2025-08-27,2026-01-23,2024-01-10,2024-06-07,0.9809246973069425,0.13734939759036147,0.3272490221642763
SK하이닉스,2025-08-27,2026-01-23,2024-01-11,2024-06-10,0.9822322157046628,0.12259615384615374,0.3272490221642763
SK하이닉스,2025-08-27,2026-01-23,2024-01-12,2024-06-11,0.983711439357922,0.12235294117647055,0.3272490221642763
SK하이닉스,2025-08-27,2026-01-23,2024-01-15,2024-06-12,0.9845147056922375,0.1116279069767443,0.3272490221642763
SK하이닉스,2025-08-27,2026-01-23,2024-01-16,2024-06-13,0.9838746472912743,0.0855855855855856,0.3272490221642763
SK하이닉스,2025-08-27,2026-01-23,2024-01-17,2024-06-14,0.9848086313879969,0.05429864253393668,0.3272490221642763
SK하이닉스,2025-08-27,2026-01-23,2024-01-18,2024-06-17,0.9844143484383185,0.03139013452914807,0.3272490221642763
SK하이닉스,2025-08-27,2026-01-23,2024-01-19,2024-06-18,0.9836815306166872,-0.006396588486140775,0.3272490221642763
SK하이닉스,2025-08-27,2026-01-23,2024-01-22,2024-06-19,0.9840808912922949,-0.05567451820128477,0.3272490221642763
SK하이닉스,2025-08-27,2026-01-23,2024-01-23,2024-06-20,0.9836037103299615,-0.10526315789473684,0.3272490221642763
SK하이닉스,2025-08-27,2026-01-23,2024-01-24,2024-06-21,0.983684131876184,-0.10470085470085466,0.3272490221642763
SK하이닉스,2025-08-27,2026-01-23,2024-01-25,2024-06-24,0.9845029846560669,-0.08071748878923768,0.3272490221642763
SK하이닉스,2025-08-27,2026-01-23,2024-01-26,2024-06-25,0.9849457256585663,-0.0888888888888889,0.3272490221642763
SK하이닉스,2025-08-27,2026-01-23,2024-01-29,2024-06-26,0.9850299306086445,-0.120253164556962,0.3272490221642763
SK하이닉스,2025-08-27,2026-01-23,2024-01-30,2024-06-27,0.9845916331000606,-0.19661733615221988,0.3272490221642763
SK하이닉스,2025-08-27,2026-01-23,2024-01-31,2024-06-28,0.9838235025374928,-0.1890063424947146,0.3272490221642763
SK하이닉스,2025-08-27,2026-01-23,2024-02-01,2024-07-01,0.9828076884515483,-0.16942675159235665,0.3272490221642763
SK하이닉스,2025-08-27,2026-01-23,2024-02-02,2024-07-02,0.9824434131701063,-0.18577586206896557,0.3272490221642763
SK하이닉스,2025-08-27,2026-01-23,2024-02-05,2024-07-03,0.9819715878928177,-0.17542372881355928,0.3272490221642763
SK하이닉스,2025-08-28,2026-01-26,2020-10-19,2021-03-15,0.9813528056756402,0.0073260073260073,0.4932065217391304
SK하이닉스,2025-08-28,2026-01-26,2020-10-20,2021-03-16,0.9825842016684809,-0.007117437722419906,0.4932065217391304
SK하이닉스,2025-08-28,2026-01-26,2020-10-21,2021-03-17,0.9836455126636001,-0.021428571428571463,0.4932065217391304
SK하이닉스,2025-08-28,2026-01-26,2020-10-22,2021-03-18,0.9846788523427631,-0.03169014084507038,0.4932065217391304
SK하이닉스,2025-08-28,2026-01-26,2020-10-23,2021-03-19,0.9850253142405805,-0.0036231884057971175,0.4932065217391304
SK하이닉스,2025-08-28,2026-01-26,2020-10-26,2021-03-22,0.9846884999564495,0.0,0.4932065217391304
SK하이닉스,2025-08-28,2026-01-26,2020-10-27,2021-03-23,0.9835101080660147,0.025925925925925908,0.4932065217391304
SK하이닉스,2025-08-28,2026-01-26,2020-10-28,2021-03-24,0.9821829892816467,-0.0074906367041198685,0.4932065217391304
SK하이닉스,2025-08-28,2026-01-26,2024-01-10,2024-06-07,0.9803737909730451,0.13734939759036147,0.4932065217391304
SK하이닉스,2025-08-28,2026-01-26,2024-01-11,2024-06-10,0.9812291268290291,0.12259615384615374,0.4932065217391304
SK하이닉스,2025-08-28,2026-01-26,2024-01-12,2024-06-11,0.9823708700053276,0.12235294117647055,0.4932065217391304
SK하이닉스,2025-08-28,2026-01-26,2024-01-15,2024-06-12,0.9837058976993408,0.1116279069767443,0.4932065217391304
SK하이닉스,2025-08-28,2026-01-26,2024-01-16,2024-06-13,0.9840656257941106,0.0855855855855856,0.4932065217391304
SK하이닉스,2025-08-28,2026-01-26,2024-01-17,2024-06-14,0.9836683128610778,0.05429864253393668,0.4932065217391304
SK하이닉스,2025-08-28,2026-01-26,2024-01-18,2024-06-17,0.9841586553593482,0.03139013452914807,0.4932065217391304
SK하이닉스,2025-08-28,2026-01-26,2024-01-19,2024-06-18,0.98316329045738,-0.006396588486140775,0.4932065217391304
SK하이닉스,2025-08-28,2026-01-26,2024-01-22,2024-06-19,0.982968736078923,-0.05567451820128477,0.4932065217391304
SK하이닉스,2025-08-28,2026-01-26,2024-01-23,2024-06-20,0.9832211384014584,-0.10526315789473684,0.4932065217391304
SK하이닉스,2025-08-28,2026-01-26,2024-01-24,2024-06-21,0.9832480364381235,-0.10470085470085466,0.4932065217391304
SK하이닉스,2025-08-28,2026-01-26,2024-01-25,2024-06-24,0.9840900634824074,-0.08071748878923768,0.4932065217391304
SK하이닉스,2025-08-28,2026-01-26,2024-01-26,2024-06-25,0.9847652447831572,-0.0888888888888889,0.4932065217391304
SK하이닉스,2025-08-28,2026-01-26,2024-01-29,2024-06-26,0.984630635267212,-0.120253164556962,0.4932065217391304
SK하이닉스,2025-08-28,2026-01-26,2024-01-30,2024-06-27,0.9848712323373108,-0.19661733615221988,0.4932065217391304
SK하이닉스,2025-08-28,2026-01-26,2024-01-31,2024-06-28,0.9845762491249588,-0.1890063424947146,0.4932065217391304
SK하이닉스,2025-08-28,2026-01-26,2024-02-01,2024-07-01,0.9839484978361879,-0.16942675159235665,0.4932065217391304
SK하이닉스,2025-08-28,2026-01-26,2024-02-02,2024-07-02,0.9831360109707045,-0.18577586206896557,0.4932065217391304
SK하이닉스,2025-08-28,2026-01-26,2024-02-05,2024-07-03,0.9827180542255514,-0.17542372881355928,0.4932065217391304
SK하이닉스,2025-08-28,2026-01-26,2024-02-06,2024-07-04,0.9818182197698376,-0.15956521739130436,0.4932065217391304
SK하이닉스,2025-08-28,2026-01-26,2024-02-07,2024-07-05,0.9802901156941373,-0.26610169491525426,0.4932065217391304
SK하이닉스,2025-08-29,2026-01-27,2020-10-20,2021-03-16,0.9814607974129222,-0.007117437722419906,0.32624999999999993
SK하이닉스,2025-08-29,2026-01-27,2020-10-21,2021-03-17,0.9825243383471493,-0.021428571428571463,0.32624999999999993
SK하이닉스,2025-08-29,2026-01-27,2020-10-22,2021-03-18,0.9836415137882104,-0.03169014084507038,0.32624999999999993
SK하이닉스,2025-08-29,2026-01-27,2020-10-23,2021-03-19,0.9842320910550071,-0.0036231884057971175,0.32624999999999993
SK하이닉스,2025-08-29,2026-01-27,2020-10-26,2021-03-22,0.9845213954577273,0.0,0.32624999999999993
SK하이닉스,2025-08-29,2026-01-27,2020-10-27,2021-03-23,0.983795396002823,0.025925925925925908,0.32624999999999993
SK하이닉스,2025-08-29,2026-01-27,2020-10-28,2021-03-24,0.9823990457624101,-0.0074906367041198685,0.32624999999999993
SK하이닉스,2025-08-29,2026-01-27,2020-10-29,2021-03-25,0.9809860596009895,0.0,0.32624999999999993
SK하이닉스,2025-08-29,2026-01-27,2024-01-10,2024-06-07,0.9802350509383106,0.13734939759036147,0.32624999999999993
SK하이닉스,2025-08-29,2026-01-27,2024-01-11,2024-06-10,0.9809964792849082,0.12259615384615374,0.32624999999999993
SK하이닉스,2025-08-29,2026-01-27,2024-01-12,2024-06-11,0.9818176239068434,0.12235294117647055,0.32624999999999993
SK하이닉스,2025-08-29,2026-01-27,2024-01-15,2024-06-12,0.9828771398467002,0.1116279069767443,0.32624999999999993
SK하이닉스,2025-08-29,2026-01-27,2024-01-16,2024-06-13,0.9839706338232985,0.0855855855855856,0.32624999999999993
SK하이닉스,2025-08-29,2026-01-27,2024-01-17,2024-06-14,0.9844357825628135,0.05429864253393668,0.32624999999999993
SK하이닉스,2025-08-29,2026-01-27,2024-01-18,2024-06-17,0.9835421776383378,0.03139013452914807,0.32624999999999993
SK하이닉스,2025-08-29,2026-01-27,2024-01-19,2024-06-18,0.9839057943858598,-0.006396588486140775,0.32624999999999993
SK하이닉스,2025-08-29,2026-01-27,2024-01-22,2024-06-19,0.9832983872426521,-0.05567451820128477,0.32624999999999993
SK하이닉스,2025-08-29,2026-01-27,2024-01-23,2024-06-20,0.9830349619271391,-0.10526315789473684,0.32624999999999993
SK하이닉스,2025-08-29,2026-01-27,2024-01-24,2024-06-21,0.983557839432789,-0.10470085470085466,0.32624999999999993
SK하이닉스,2025-08-29,2026-01-27,2024-01-25,2024-06-24,0.9838722008842241,-0.08071748878923768,0.32624999999999993
SK하이닉스,2025-08-29,2026-01-27,2024-01-26,2024-06-25,0.9846089899990194,-0.0888888888888889,0.32624999999999993
SK하이닉스,2025-08-29,2026-01-27,2024-01-29,2024-06-26,0.9850698068317826,-0.120253164556962,0.32624999999999993
SK하이닉스,2025-08-29,2026-01-27,2024-01-30,2024-06-27,0.9850152332835442,-0.19661733615221988,0.32624999999999993
SK하이닉스,2025-08-29,2026-01-27,2024-01-31,2024-06-28,0.9853009246169765,-0.1890063424947146,0.32624999999999993
SK하이닉스,2025-08-29,2026-01-27,2024-02-01,2024-07-01,0.9850484472050531,-0.16942675159235665,0.32624999999999993
SK하이닉스,2025-08-29,2026-01-27,2024-02-02,2024-07-02,0.984454554931627,-0.18577586206896557,0.32624999999999993
SK하이닉스,2025-08-29,2026-01-27,2024-02-05,2024-07-03,0.9836693235945939,-0.17542372881355928,0.32624999999999993
SK하이닉스,2025-08-29,2026-01-27,2024-02-06,2024-07-04,0.9822975028759733,-0.15956521739130436,0.32624999999999993
SK하이닉스,2025-08-29,2026-01-27,2024-02-07,2024-07-05,0.9824018232051669,-0.26610169491525426,0.32624999999999993
SK하이닉스,2025-09-01,2026-01-28,2020-10-21,2021-03-17,0.9810730191955034,-0.021428571428571463,0.11652794292508917
SK하이닉스,2025-09-01,2026-01-28,2020-10-22,2021-03-18,0.9822237206876488,-0.03169014084507038,0.11652794292508917
SK하이닉스,2025-09-01,2026-01-28,2020-10-23,2021-03-19,0.9827824041881547,-0.0036231884057971175,0.11652794292508917
SK하이닉스,2025-09-01,2026-01-28,2020-10-26,2021-03-22,0.9832955438650836,0.0,0.11652794292508917
SK하이닉스,2025-09-01,2026-01-28,2020-10-27,2021-03-23,0.9830977908162759,0.025925925925925908,0.11652794292508917
SK하이닉스,2025-09-01,2026-01-28,2020-10-28,2021-03-24,0.9820998670976797,-0.0074906367041198685,0.11652794292508917
SK하이닉스,2025-09-01,2026-01-28,2020-10-29,2021-03-25,0.9806010554928932,0.0,0.11652794292508917
SK하이닉스,2025-09-01,2026-01-28,2024-01-11,2024-06-10,0.9808890406836535,0.12259615384615374,0.11652794292508917
SK하이닉스,2025-09-01,2026-01-28,2024-01-12,2024-06-11,0.981691663202498,0.12235294117647055,0.11652794292508917
SK하이닉스,2025-09-01,2026-01-28,2024-01-15,2024-06-12,0.9824634963267416,0.1116279069767443,0.11652794292508917
SK하이닉스,2025-09-01,2026-01-28,2024-01-16,2024-06-13,0.9834111123426978,0.0855855855855856,0.11652794292508917
SK하이닉스,2025-09-01,2026-01-28,2024-01-17,2024-06-14,0.9845185777120515,0.05429864253393668,0.11652794292508917
SK하이닉스,2025-09-01,2026-01-28,2024-01-18,2024-06-17,0.9844049381501634,0.03139013452914807,0.11652794292508917
SK하이닉스,2025-09-01,2026-01-28,2024-01-19,2024-06-18,0.9837195312690944,-0.006396588486140775,0.11652794292508917
SK하이닉스,2025-09-01,2026-01-28,2024-01-22,2024-06-19,0.9843441377215773,-0.05567451820128477,0.11652794292508917
SK하이닉스,2025-09-01,2026-01-28,2024-01-23,2024-06-20,0.9837181578017791,-0.10526315789473684,0.11652794292508917
SK하이닉스,2025-09-01,2026-01-28,2024-01-24,2024-06-21,0.9836268304068865,-0.10470085470085466,0.11652794292508917
SK하이닉스,2025-09-01,2026-01-28,2024-01-25,2024-06-24,0.9841624438713488,-0.08071748878923768,0.11652794292508917
SK하이닉스,2025-09-01,2026-01-28,2024-01-26,2024-06-25,0.9843987407568191,-0.0888888888888889,0.11652794292508917
SK하이닉스,2025-09-01,2026-01-28,2024-01-29,2024-06-26,0.9851171581834772,-0.120253164556962,0.11652794292508917
SK하이닉스,2025-09-01,2026-01-28,2024-01-30,2024-06-27,0.9855880739543992,-0.19661733615221988,0.11652794292508917
SK하이닉스,2025-09-01,2026-01-28,2024-01-31,2024-06-28,0.9855520207930822,-0.1890063424947146,0.11652794292508917
SK하이닉스,2025-09-01,2026-01-28,2024-02-01,2024-07-01,0.9858085676632038,-0.16942675159235665,0.11652794292508917
SK하이닉스,2025-09-01,2026-01-28,2024-02-02,2024-07-02,0.9854864480190597,-0.18577586206896557,0.11652794292508917
SK하이닉스,2025-09-01,2026-01-28,2024-02-05,2024-07-03,0.9849547517306956,-0.17542372881355928,0.11652794292508917
SK하이닉스,2025-09-01,2026-01-28,2024-02-06,2024-07-04,0.9828776405758906,-0.15956521739130436,0.11652794292508917
SK하이닉스,2025-09-01,2026-01-28,2024-02-07,2024-07-05,0.9828848154502241,-0.26610169491525426,0.11652794292508917
SK하이닉스,2025-09-01,2026-01-28,2024-02-08,2024-07-08,0.9804788248587037,-0.3314775160599571,0.11652794292508917
SK하이닉스,2025-09-02,2026-01-29,2020-10-22,2021-03-18,0.9804144408453871,-0.03169014084507038,-0.013937282229965153
SK하이닉스,2025-09-02,2026-01-29,2020-10-23,2021-03-19,0.9809085820155973,-0.0036231884057971175,-0.013937282229965153
SK하이닉스,2025-09-02,2026-01-29,2020-10-26,2021-03-22,0.981335504289818,0.0,-0.013937282229965153
SK하이닉스,2025-09-02,2026-01-29,2020-10-27,2021-03-23,0.9812570617995116,0.025925925925925908,-0.013937282229965153
SK하이닉스,2025-09-02,2026-01-29,2020-10-28,2021-03-24,0.9806798556354865,-0.0074906367041198685,-0.013937282229965153
SK하이닉스,2025-09-02,2026-01-29,2024-01-12,2024-06-11,0.9816032220627096,0.12235294117647055,-0.013937282229965153
SK하이닉스,2025-09-02,2026-01-29,2024-01-15,2024-06-12,0.9823190834128128,0.1116279069767443,-0.013937282229965153
SK하이닉스,2025-09-02,2026-01-29,2024-01-16,2024-06-13,0.9830107113971843,0.0855855855855856,-0.013937282229965153
SK하이닉스,2025-09-02,2026-01-29,2024-01-17,2024-06-14,0.9839169347754742,0.05429864253393668,-0.013937282229965153
SK하이닉스,2025-09-02,2026-01-29,2024-01-18,2024-06-17,0.9843944740235968,0.03139013452914807,-0.013937282229965153
SK하이닉스,2025-09-02,2026-01-29,2024-01-19,2024-06-18,0.9846407557848067,-0.006396588486140775,-0.013937282229965153
SK하이닉스,2025-09-02,2026-01-29,2024-01-22,2024-06-19,0.9842818803150044,-0.05567451820128477,-0.013937282229965153
SK하이닉스,2025-09-02,2026-01-29,2024-01-23,2024-06-20,0.984875110146995,-0.10526315789473684,-0.013937282229965153
SK하이닉스,2025-09-02,2026-01-29,2024-01-24,2024-06-21,0.984372351764992,-0.10470085470085466,-0.013937282229965153
SK하이닉스,2025-09-02,2026-01-29,2024-01-25,2024-06-24,0.9842149458817478,-0.08071748878923768,-0.013937282229965153
SK하이닉스,2025-09-02,2026-01-29,2024-01-26,2024-06-25,0.9845983631683698,-0.0888888888888889,-0.013937282229965153
SK하이닉스,2025-09-02,2026-01-29,2024-01-29,2024-06-26,0.9848578589003391,-0.120253164556962,-0.013937282229965153
SK하이닉스,2025-09-02,2026-01-29,2024-01-30,2024-06-27,0.985530919134808,-0.19661733615221988,-0.013937282229965153
SK하이닉스,2025-09-02,2026-01-29,2024-01-31,2024-06-28,0.9859803792849602,-0.1890063424947146,-0.013937282229965153
SK하이닉스,2025-09-02,2026-01-29,2024-02-01,2024-07-01,0.9858531244554899,-0.16942675159235665,-0.013937282229965153
SK하이닉스,2025-09-02,2026-01-29,2024-02-02,2024-07-02,0.9859301351912992,-0.18577586206896557,-0.013937282229965153
SK하이닉스,2025-09-02,2026-01-29,2024-02-05,2024-07-03,0.9856422894868446,-0.17542372881355928,-0.013937282229965153
SK하이닉스,2025-09-02,2026-01-29,2024-02-06,2024-07-04,0.9837844279807425,-0.15956521739130436,-0.013937282229965153
SK하이닉스,2025-09-02,2026-01-29,2024-02-07,2024-07-05,0.9832925528683796,-0.26610169491525426,-0.013937282229965153
SK하이닉스,2025-09-02,2026-01-29,2024-02-08,2024-07-08,0.9807497999364103,-0.3314775160599571,-0.013937282229965153
SK하이닉스,2025-09-03,2026-01-30,2024-01-12,2024-06-11,0.9800882888417969,0.12235294117647055,0.03520352035203511
SK하이닉스,2025-09-03,2026-01-30,2024-01-15,2024-06-12,0.9822422646706734,0.1116279069767443,0.03520352035203511
SK하이닉스,2025-09-03,2026-01-30,2024-01-16,2024-06-13,0.9830312568123001,0.0855855855855856,0.03520352035203511
SK하이닉스,2025-09-03,2026-01-30,2024-01-17,2024-06-14,0.9836241772621419,0.05429864253393668,0.03520352035203511
SK하이닉스,2025-09-03,2026-01-30,2024-01-18,2024-06-17,0.9838932215248511,0.03139013452914807,0.03520352035203511
SK하이닉스,2025-09-03,2026-01-30,2024-01-19,2024-06-18,0.9849647757731825,-0.006396588486140775,0.03520352035203511
SK하이닉스,2025-09-03,2026-01-30,2024-01-22,2024-06-19,0.9854164549363361,-0.05567451820128477,0.03520352035203511
SK하이닉스,2025-09-03,2026-01-30,2024-01-23,2024-06-20,0.985092367348149,-0.10526315789473684,0.03520352035203511
SK하이닉스,2025-09-03,2026-01-30,2024-01-24,2024-06-21,0.9856312803219192,-0.10470085470085466,0.03520352035203511
SK하이닉스,2025-09-03,2026-01-30,2024-01-25,2024-06-24,0.9847882886039141,-0.08071748878923768,0.03520352035203511
SK하이닉스,2025-09-03,2026-01-30,2024-01-26,2024-06-25,0.984531110135184,-0.0888888888888889,0.03520352035203511
SK하이닉스,2025-09-03,2026-01-30,2024-01-29,2024-06-26,0.9851838666935149,-0.120253164556962,0.03520352035203511
SK하이닉스,2025-09-03,2026-01-30,2024-01-30,2024-06-27,0.9853662864634659,-0.19661733615221988,0.03520352035203511
SK하이닉스,2025-09-03,2026-01-30,2024-01-31,2024-06-28,0.9859793423091836,-0.1890063424947146,0.03520352035203511
SK하이닉스,2025-09-03,2026-01-30,2024-02-01,2024-07-01,0.9862817866041568,-0.16942675159235665,0.03520352035203511
SK하이닉스,2025-09-03,2026-01-30,2024-02-02,2024-07-02,0.9859023085610549,-0.18577586206896557,0.03520352035203511
SK하이닉스,2025-09-03,2026-01-30,2024-02-05,2024-07-03,0.9860786313432172,-0.17542372881355928,0.03520352035203511
SK하이닉스,2025-09-03,2026-01-30,2024-02-06,2024-07-04,0.9843214333644892,-0.15956521739130436,0.03520352035203511
SK하이닉스,2025-09-03,2026-01-30,2024-02-07,2024-07-05,0.9840935710328624,-0.26610169491525426,0.03520352035203511
SK하이닉스,2025-09-03,2026-01-30,2024-02-08,2024-07-08,0.9809701635054922,-0.3314775160599571,0.03520352035203511
SK하이닉스,2025-09-04,2026-02-02,2024-01-15,2024-06-12,0.9806171095707263,0.1116279069767443,0.11325301204819271
SK하이닉스,2025-09-04,2026-02-02,2024-01-16,2024-06-13,0.9824805585488738,0.0855855855855856,0.11325301204819271
SK하이닉스,2025-09-04,2026-02-02,2024-01-17,2024-06-14,0.9833385013195992,0.05429864253393668,0.11325301204819271
SK하이닉스,2025-09-04,2026-02-02,2024-01-18,2024-06-17,0.983220724434882,0.03139013452914807,0.11325301204819271
SK하이닉스,2025-09-04,2026-02-02,2024-01-19,2024-06-18,0.9835658638208169,-0.006396588486140775,0.11325301204819271
SK하이닉스,2025-09-04,2026-02-02,2024-01-22,2024-06-19,0.9850198414215481,-0.05567451820128477,0.11325301204819271
SK하이닉스,2025-09-04,2026-02-02,2024-01-23,2024-06-20,0.9853884823395432,-0.10526315789473684,0.11325301204819271
SK하이닉스,2025-09-04,2026-02-02,2024-01-24,2024-06-21,0.9853648412507687,-0.10470085470085466,0.11325301204819271
SK하이닉스,2025-09-04,2026-02-02,2024-01-25,2024-06-24,0.9862307629171758,-0.08071748878923768,0.11325301204819271
SK하이닉스,2025-09-04,2026-02-02,2024-01-26,2024-06-25,0.9852652140442377,-0.0888888888888889,0.11325301204819271
SK하이닉스,2025-09-04,2026-02-02,2024-01-29,2024-06-26,0.9847495698613875,-0.120253164556962,0.11325301204819271
SK하이닉스,2025-09-04,2026-02-02,2024-01-30,2024-06-27,0.9854425434231868,-0.19661733615221988,0.11325301204819271
SK하이닉스,2025-09-04,2026-02-02,2024-01-31,2024-06-28,0.9856762843015767,-0.1890063424947146,0.11325301204819271
SK하이닉스,2025-09-04,2026-02-02,2024-02-01,2024-07-01,0.9862760656874395,-0.16942675159235665,0.11325301204819271
SK하이닉스,2025-09-04,2026-02-02,2024-02-02,2024-07-02,0.9865592966369084,-0.18577586206896557,0.11325301204819271
SK하이닉스,2025-09-04,2026-02-02,2024-02-05,2024-07-03,0.9861667585797593,-0.17542372881355928,0.11325301204819271
SK하이닉스,2025-09-04,2026-02-02,2024-02-06,2024-07-04,0.9850919030310259,-0.15956521739130436,0.11325301204819271
SK하이닉스,2025-09-04,2026-02-02,2024-02-07,2024-07-05,0.9847445204339589,-0.26610169491525426,0.11325301204819271
SK하이닉스,2025-09-04,2026-02-02,2024-02-08,2024-07-08,0.9819815153851151,-0.3314775160599571,0.11325301204819271
SK하이닉스,2025-09-05,2026-02-03,2024-01-16,2024-06-13,0.9812385517535133,0.0855855855855856,-0.0782800441014333
SK하이닉스,2025-09-05,2026-02-03,2024-01-17,2024-06-14,0.9829884236188732,0.05429864253393668,-0.0782800441014333
SK하이닉스,2025-09-05,2026-02-03,2024-01-18,2024-06-17,0.9831862762804525,0.03139013452914807,-0.0782800441014333
SK하이닉스,2025-09-05,2026-02-03,2024-01-19,2024-06-18,0.983648941632421,-0.006396588486140775,-0.0782800441014333
SK하이닉스,2025-09-05,2026-02-03,2024-01-22,2024-06-19,0.9842564343715783,-0.05567451820128477,-0.0782800441014333
SK하이닉스,2025-09-05,2026-02-03,2024-01-23,2024-06-20,0.9856940719784046,-0.10526315789473684,-0.0782800441014333
SK하이닉스,2025-09-05,2026-02-03,2024-01-24,2024-06-21,0.986091065700822,-0.10470085470085466,-0.0782800441014333
SK하이닉스,2025-09-05,2026-02-03,2024-01-25,2024-06-24,0.9858367069302568,-0.08071748878923768,-0.0782800441014333
SK하이닉스,2025-09-05,2026-02-03,2024-01-26,2024-06-25,0.9865245904136202,-0.0888888888888889,-0.0782800441014333
SK하이닉스,2025-09-05,2026-02-03,2024-01-29,2024-06-26,0.9856935270566868,-0.120253164556962,-0.0782800441014333
SK하이닉스,2025-09-05,2026-02-03,2024-01-30,2024-06-27,0.9851080933480929,-0.19661733615221988,-0.0782800441014333
SK하이닉스,2025-09-05,2026-02-03,2024-01-31,2024-06-28,0.9857360642830827,-0.1890063424947146,-0.0782800441014333
SK하이닉스,2025-09-05,2026-02-03,2024-02-01,2024-07-01,0.9858134624255843,-0.16942675159235665,-0.0782800441014333
SK하이닉스,2025-09-05,2026-02-03,2024-02-02,2024-07-02,0.9861371967811838,-0.18577586206896557,-0.0782800441014333
SK하이닉스,2025-09-05,2026-02-03,2024-02-05,2024-07-03,0.9864358376914844,-0.17542372881355928,-0.0782800441014333
SK하이닉스,2025-09-05,2026-02-03,2024-02-06,2024-07-04,0.9847089595077494,-0.15956521739130436,-0.0782800441014333
SK하이닉스,2025-09-05,2026-02-03,2024-02-07,2024-07-05,0.9853452580837627,-0.26610169491525426,-0.0782800441014333
SK하이닉스,2025-09-05,2026-02-03,2024-02-08,2024-07-08,0.9825378515674007,-0.3314775160599571,-0.0782800441014333
SK하이닉스,2025-09-08,2026-02-04,2024-01-16,2024-06-13,0.9801932811962952,0.0855855855855856,0.04222222222222216
SK하이닉스,2025-09-08,2026-02-04,2024-01-17,2024-06-14,0.9818404959868977,0.05429864253393668,0.04222222222222216
SK하이닉스,2025-09-08,2026-02-04,2024-01-18,2024-06-17,0.982910254832992,0.03139013452914807,0.04222222222222216
SK하이닉스,2025-09-08,2026-02-04,2024-01-19,2024-06-18,0.9835179083473289,-0.006396588486140775,0.04222222222222216
SK하이닉스,2025-09-08,2026-02-04,2024-01-22,2024-06-19,0.9842574792460275,-0.05567451820128477,0.04222222222222216
SK하이닉스,2025-09-08,2026-02-04,2024-01-23,2024-06-20,0.9848350910330409,-0.10526315789473684,0.04222222222222216
SK하이닉스,2025-09-08,2026-02-04,2024-01-24,2024-06-21,0.9863188544371766,-0.10470085470085466,0.04222222222222216
SK하이닉스,2025-09-08,2026-02-04,2024-01-25,2024-06-24,0.9866133741113974,-0.08071748878923768,0.04222222222222216
SK하이닉스,2025-09-08,2026-02-04,2024-01-26,2024-06-25,0.9862361333813994,-0.0888888888888889,0.04222222222222216
SK하이닉스,2025-09-08,2026-02-04,2024-01-29,2024-06-26,0.9869654175920359,-0.120253164556962,0.04222222222222216
SK하이닉스,2025-09-08,2026-02-04,2024-01-30,2024-06-27,0.9861318261830332,-0.19661733615221988,0.04222222222222216
SK하이닉스,2025-09-08,2026-02-04,2024-01-31,2024-06-28,0.9855540284614224,-0.1890063424947146,0.04222222222222216
SK하이닉스,2025-09-08,2026-02-04,2024-02-01,2024-07-01,0.9860745171435992,-0.16942675159235665,0.04222222222222216
SK하이닉스,2025-09-08,2026-02-04,2024-02-02,2024-07-02,0.9859743413783124,-0.18577586206896557,0.04222222222222216
SK하이닉스,2025-09-08,2026-02-04,2024-02-05,2024-07-03,0.9863342241333766,-0.17542372881355928,0.04222222222222216
SK하이닉스,2025-09-08,2026-02-04,2024-02-06,2024-07-04,0.9854183814826556,-0.15956521739130436,0.04222222222222216
SK하이닉스,2025-09-08,2026-02-04,2024-02-07,2024-07-05,0.9850944038086321,-0.26610169491525426,0.04222222222222216
SK하이닉스,2025-09-08,2026-02-04,2024-02-08,2024-07-08,0.9833619923886108,-0.3314775160599571,0.04222222222222216
SK하이닉스,2025-09-08,2026-02-04,2024-02-14,2024-07-10,0.9801190083995313,-0.29163179916317994,0.04222222222222216
SK하이닉스,2025-09-08,2026-02-04,2024-02-16,2024-07-12,0.9802328273388126,-0.26394849785407726,0.04222222222222216
SK하이닉스,2025-09-09,2026-02-05,2024-01-17,2024-06-14,0.9801890256593605,0.05429864253393668,0.1342042755344417
SK하이닉스,2025-09-09,2026-02-05,2024-01-18,2024-06-17,0.9811826920425906,0.03139013452914807,0.1342042755344417
SK하이닉스,2025-09-09,2026-02-05,2024-01-19,2024-06-18,0.9822988773905272,-0.006396588486140775,0.1342042755344417
SK하이닉스,2025-09-09,2026-02-05,2024-01-22,2024-06-19,0.9833540825235463,-0.05567451820128477,0.1342042755344417
SK하이닉스,2025-09-09,2026-02-05,2024-01-23,2024-06-20,0.9840254531802937,-0.10526315789473684,0.1342042755344417
SK하이닉스,2025-09-09,2026-02-05,2024-01-24,2024-06-21,0.9849185332968189,-0.10470085470085466,0.1342042755344417
SK하이닉스,2025-09-09,2026-02-05,2024-01-25,2024-06-24,0.9867746732050375,-0.08071748878923768,0.1342042755344417
SK하이닉스,2025-09-09,2026-02-05,2024-01-26,2024-06-25,0.9868493447905764,-0.0888888888888889,0.1342042755344417
SK하이닉스,2025-09-09,2026-02-05,2024-01-29,2024-06-26,0.9860886300164775,-0.120253164556962,0.1342042755344417
SK하이닉스,2025-09-09,2026-02-05,2024-01-30,2024-06-27,0.9868349044975506,-0.19661733615221988,0.1342042755344417
SK하이닉스,2025-09-09,2026-02-05,2024-01-31,2024-06-28,0.9860213075748008,-0.1890063424947146,0.1342042755344417
SK하이닉스,2025-09-09,2026-02-05,2024-02-01,2024-07-01,0.985393853323719,-0.16942675159235665,0.1342042755344417
SK하이닉스,2025-09-09,2026-02-05,2024-02-02,2024-07-02,0.9858385890796253,-0.18577586206896557,0.1342042755344417
SK하이닉스,2025-09-09,2026-02-05,2024-02-05,2024-07-03,0.985627237192699,-0.17542372881355928,0.1342042755344417
SK하이닉스,2025-09-09,2026-02-05,2024-02-06,2024-07-04,0.9852721838715603,-0.15956521739130436,0.1342042755344417
SK하이닉스,2025-09-09,2026-02-05,2024-02-07,2024-07-05,0.9855503758740686,-0.26610169491525426,0.1342042755344417
SK하이닉스,2025-09-09,2026-02-05,2024-02-08,2024-07-08,0.9832219493225982,-0.3314775160599571,0.1342042755344417
SK하이닉스,2025-09-09,2026-02-05,2024-02-13,2024-07-09,0.9807258133752982,-0.31362683438155137,0.1342042755344417
SK하이닉스,2025-09-09,2026-02-05,2024-02-14,2024-07-10,0.9808500240070797,-0.29163179916317994,0.1342042755344417
SK하이닉스,2025-09-09,2026-02-05,2024-02-15,2024-07-11,0.9812140938572959,-0.32199170124481324,0.1342042755344417
SK하이닉스,2025-09-09,2026-02-05,2024-02-16,2024-07-12,0.9809616919098916,-0.26394849785407726,0.1342042755344417
SK하이닉스,2025-09-10,2026-02-06,2024-01-19,2024-06-18,0.9801113208335885,-0.006396588486140775,0.10846245530393328
SK하이닉스,2025-09-10,2026-02-06,2024-01-22,2024-06-19,0.9817085619784139,-0.05567451820128477,0.10846245530393328
SK하이닉스,2025-09-10,2026-02-06,2024-01-23,2024-06-20,0.9827149560819939,-0.10526315789473684,0.10846245530393328
SK하이닉스,2025-09-10,2026-02-06,2024-01-24,2024-06-21,0.9837246304761632,-0.10470085470085466,0.10846245530393328
SK하이닉스,2025-09-10,2026-02-06,2024-01-25,2024-06-24,0.9850136900401041,-0.08071748878923768,0.10846245530393328
SK하이닉스,2025-09-10,2026-02-06,2024-01-26,2024-06-25,0.9866234718277532,-0.0888888888888889,0.10846245530393328
SK하이닉스,2025-09-10,2026-02-06,2024-01-29,2024-06-26,0.9862435921829665,-0.120253164556962,0.10846245530393328
SK하이닉스,2025-09-10,2026-02-06,2024-01-30,2024-06-27,0.9854670285568984,-0.19661733615221988,0.10846245530393328
SK하이닉스,2025-09-10,2026-02-06,2024-01-31,2024-06-28,0.9862092496940436,-0.1890063424947146,0.10846245530393328
SK하이닉스,2025-09-10,2026-02-06,2024-02-01,2024-07-01,0.9852966008659179,-0.16942675159235665,0.10846245530393328
SK하이닉스,2025-09-10,2026-02-06,2024-02-02,2024-07-02,0.9845395117212272,-0.18577586206896557,0.10846245530393328
SK하이닉스,2025-09-10,2026-02-06,2024-02-05,2024-07-03,0.9848198629126166,-0.17542372881355928,0.10846245530393328
SK하이닉스,2025-09-10,2026-02-06,2024-02-06,2024-07-04,0.9845077518969653,-0.15956521739130436,0.10846245530393328
SK하이닉스,2025-09-10,2026-02-06,2024-02-07,2024-07-05,0.9849683007860504,-0.26610169491525426,0.10846245530393328
SK하이닉스,2025-09-10,2026-02-06,2024-02-08,2024-07-08,0.9838950432029674,-0.3314775160599571,0.10846245530393328
SK하이닉스,2025-09-10,2026-02-06,2024-02-13,2024-07-09,0.9809504033562453,-0.31362683438155137,0.10846245530393328
SK하이닉스,2025-09-10,2026-02-06,2024-02-14,2024-07-10,0.9820064529672279,-0.29163179916317994,0.10846245530393328
SK하이닉스,2025-09-10,2026-02-06,2024-02-15,2024-07-11,0.9819341390483913,-0.32199170124481324,0.10846245530393328
SK하이닉스,2025-09-10,2026-02-06,2024-02-16,2024-07-12,0.9821870620300237,-0.26394849785407726,0.10846245530393328
SK하이닉스,2025-09-10,2026-02-06,2024-02-19,2024-07-15,0.9800588865564714,-0.23043478260869565,0.10846245530393328
SK하이닉스,2025-09-10,2026-02-06,2024-02-20,2024-07-16,0.980156158648262,-0.21931330472103006,0.10846245530393328
SK하이닉스,2025-09-11,2026-02-09,2024-01-22,2024-06-19,0.9805586078963694,-0.05567451820128477,0.025930101465614364
SK하이닉스,2025-09-11,2026-02-09,2024-01-23,2024-06-20,0.9820730793680398,-0.10526315789473684,0.025930101465614364
SK하이닉스,2025-09-11,2026-02-09,2024-01-24,2024-06-21,0.9832129463365091,-0.10470085470085466,0.025930101465614364
SK하이닉스,2025-09-11,2026-02-09,2024-01-25,2024-06-24,0.9842663640686606,-0.08071748878923768,0.025930101465614364
SK하이닉스,2025-09-11,2026-02-09,2024-01-26,2024-06-25,0.9853910902173795,-0.0888888888888889,0.025930101465614364
SK하이닉스,2025-09-11,2026-02-09,2024-01-29,2024-06-26,0.9868874813168862,-0.120253164556962,0.025930101465614364
SK하이닉스,2025-09-11,2026-02-09,2024-01-30,2024-06-27,0.9865278831415796,-0.19661733615221988,0.025930101465614364
SK하이닉스,2025-09-11,2026-02-09,2024-01-31,2024-06-28,0.985791648233894,-0.1890063424947146,0.025930101465614364
SK하이닉스,2025-09-11,2026-02-09,2024-02-01,2024-07-01,0.9864626475771386,-0.16942675159235665,0.025930101465614364
SK하이닉스,2025-09-11,2026-02-09,2024-02-02,2024-07-02,0.9854651512451376,-0.18577586206896557,0.025930101465614364
SK하이닉스,2025-09-11,2026-02-09,2024-02-05,2024-07-03,0.9847472755417868,-0.17542372881355928,0.025930101465614364
SK하이닉스,2025-09-11,2026-02-09,2024-02-06,2024-07-04,0.984806506083731,-0.15956521739130436,0.025930101465614364
SK하이닉스,2025-09-11,2026-02-09,2024-02-07,2024-07-05,0.9848473559031053,-0.26610169491525426,0.025930101465614364
SK하이닉스,2025-09-11,2026-02-09,2024-02-08,2024-07-08,0.9838919169539395,-0.3314775160599571,0.025930101465614364
SK하이닉스,2025-09-11,2026-02-09,2024-02-13,2024-07-09,0.9817351183042385,-0.31362683438155137,0.025930101465614364
SK하이닉스,2025-09-11,2026-02-09,2024-02-14,2024-07-10,0.9817453819397328,-0.29163179916317994,0.025930101465614364
SK하이닉스,2025-09-11,2026-02-09,2024-02-15,2024-07-11,0.9827276242051179,-0.32199170124481324,0.025930101465614364
SK하이닉스,2025-09-11,2026-02-09,2024-02-16,2024-07-12,0.9824375195389738,-0.26394849785407726,0.025930101465614364
SK하이닉스,2025-09-11,2026-02-09,2024-02-19,2024-07-15,0.9808803881863597,-0.23043478260869565,0.025930101465614364
SK하이닉스,2025-09-11,2026-02-09,2024-02-20,2024-07-16,0.9805783085218764,-0.21931330472103006,0.025930101465614364
SK하이닉스,2025-09-12,2026-02-10,2024-01-24,2024-06-21,0.9811999903085737,-0.10470085470085466,0.11187214611872154
SK하이닉스,2025-09-12,2026-02-10,2024-01-25,2024-06-24,0.9824663487312064,-0.08071748878923768,0.11187214611872154
SK하이닉스,2025-09-12,2026-02-10,2024-01-26,2024-06-25,0.9832294543600121,-0.0888888888888889,0.11187214611872154
SK하이닉스,2025-09-12,2026-02-10,2024-01-29,2024-06-26,0.9840830778156489,-0.120253164556962,0.11187214611872154
SK하이닉스,2025-09-12,2026-02-10,2024-01-30,2024-06-27,0.9855185494556343,-0.19661733615221988,0.11187214611872154
SK하이닉스,2025-09-12,2026-02-10,2024-01-31,2024-06-28,0.9850614547643867,-0.1890063424947146,0.11187214611872154
SK하이닉스,2025-09-12,2026-02-10,2024-02-01,2024-07-01,0.9841097423339382,-0.16942675159235665,0.11187214611872154
SK하이닉스,2025-09-12,2026-02-10,2024-02-02,2024-07-02,0.9845162120738276,-0.18577586206896557,0.11187214611872154
SK하이닉스,2025-09-12,2026-02-10,2024-02-05,2024-07-03,0.983297995907585,-0.17542372881355928,0.11187214611872154
SK하이닉스,2025-09-12,2026-02-10,2024-02-06,2024-07-04,0.9833513730480856,-0.15956521739130436,0.11187214611872154
SK하이닉스,2025-09-12,2026-02-10,2024-02-07,2024-07-05,0.9836373819617503,-0.26610169491525426,0.11187214611872154
SK하이닉스,2025-09-12,2026-02-10,2024-02-08,2024-07-08,0.9831893905953183,-0.3314775160599571,0.11187214611872154
SK하이닉스,2025-09-12,2026-02-10,2024-02-13,2024-07-09,0.9821095494348474,-0.31362683438155137,0.11187214611872154
SK하이닉스,2025-09-12,2026-02-10,2024-02-14,2024-07-10,0.982850717635934,-0.29163179916317994,0.11187214611872154
SK하이닉스,2025-09-12,2026-02-10,2024-02-15,2024-07-11,0.9826010684913837,-0.32199170124481324,0.11187214611872154
SK하이닉스,2025-09-12,2026-02-10,2024-02-16,2024-07-12,0.9832334935592102,-0.26394849785407726,0.11187214611872154
SK하이닉스,2025-09-12,2026-02-10,2024-02-19,2024-07-15,0.9814606752676664,-0.23043478260869565,0.11187214611872154
SK하이닉스,2025-09-12,2026-02-10,2024-02-20,2024-07-16,0.9814815216665914,-0.21931330472103006,0.11187214611872154
SK하이닉스,2025-09-15,2026-02-11,2024-01-25,2024-06-24,0.9817144558940947,-0.08071748878923768,0.12790697674418605
SK하이닉스,2025-09-15,2026-02-11,2024-01-26,2024-06-25,0.9828119588154414,-0.0888888888888889,0.12790697674418605
SK하이닉스,2025-09-15,2026-02-11,2024-01-29,2024-06-26,0.9832983738100168,-0.120253164556962,0.12790697674418605
SK하이닉스,2025-09-15,2026-02-11,2024-01-30,2024-06-27,0.9841871963372495,-0.19661733615221988,0.12790697674418605
SK하이닉스,2025-09-15,2026-02-11,2024-01-31,2024-06-28,0.9856420252986291,-0.1890063424947146,0.12790697674418605
SK하이닉스,2025-09-15,2026-02-11,2024-02-01,2024-07-01,0.9852015122603878,-0.16942675159235665,0.12790697674418605
SK하이닉스,2025-09-15,2026-02-11,2024-02-02,2024-07-02,0.9842627620666722,-0.18577586206896557,0.12790697674418605
SK하이닉스,2025-09-15,2026-02-11,2024-02-05,2024-07-03,0.9846418279464719,-0.17542372881355928,0.12790697674418605
SK하이닉스,2025-09-15,2026-02-11,2024-02-06,2024-07-04,0.9844546278521797,-0.15956521739130436,0.12790697674418605
SK하이닉스,2025-09-15,2026-02-11,2024-02-07,2024-07-05,0.9836123618362198,-0.26610169491525426,0.12790697674418605
SK하이닉스,2025-09-15,2026-02-11,2024-02-08,2024-07-08,0.9835299975778093,-0.3314775160599571,0.12790697674418605
SK하이닉스,2025-09-15,2026-02-11,2024-02-13,2024-07-09,0.9817583292419025,-0.31362683438155137,0.12790697674418605
SK하이닉스,2025-09-15,2026-02-11,2024-02-14,2024-07-10,0.982653799973974,-0.29163179916317994,0.12790697674418605
SK하이닉스,2025-09-15,2026-02-11,2024-02-15,2024-07-11,0.9833274792520866,-0.32199170124481324,0.12790697674418605
SK하이닉스,2025-09-15,2026-02-11,2024-02-16,2024-07-12,0.9830644525499006,-0.26394849785407726,0.12790697674418605
SK하이닉스,2025-09-15,2026-02-11,2024-02-19,2024-07-15,0.9825146819784029,-0.23043478260869565,0.12790697674418605
SK하이닉스,2025-09-15,2026-02-11,2024-02-20,2024-07-16,0.9819476575871644,-0.21931330472103006,0.12790697674418605
SK하이닉스,2025-09-15,2026-02-11,2024-02-21,2024-07-17,0.981262750383963,-0.1532879818594104,0.12790697674418605
SK하이닉스,2025-09-16,2026-02-12,2024-01-25,2024-06-24,0.9802771667244393,-0.08071748878923768,0.18918918918918926
SK하이닉스,2025-09-16,2026-02-12,2024-01-26,2024-06-25,0.9821244438708538,-0.0888888888888889,0.18918918918918926
SK하이닉스,2025-09-16,2026-02-12,2024-01-29,2024-06-26,0.9830700483307779,-0.120253164556962,0.18918918918918926
SK하이닉스,2025-09-16,2026-02-12,2024-01-30,2024-06-27,0.9835683549683019,-0.19661733615221988,0.18918918918918926
SK하이닉스,2025-09-16,2026-02-12,2024-01-31,2024-06-28,0.9844650297897024,-0.1890063424947146,0.18918918918918926
SK하이닉스,2025-09-16,2026-02-12,2024-02-01,2024-07-01,0.9858496206910629,-0.16942675159235665,0.18918918918918926
SK하이닉스,2025-09-16,2026-02-12,2024-02-02,2024-07-02,0.9853489832595057,-0.18577586206896557,0.18918918918918926
SK하이닉스,2025-09-16,2026-02-12,2024-02-05,2024-07-03,0.9844446297627982,-0.17542372881355928,0.18918918918918926
SK하이닉스,2025-09-16,2026-02-12,2024-02-06,2024-07-04,0.9856614065643043,-0.15956521739130436,0.18918918918918926
SK하이닉스,2025-09-16,2026-02-12,2024-02-07,2024-07-05,0.9847408038571761,-0.26610169491525426,0.18918918918918926
SK하이닉스,2025-09-16,2026-02-12,2024-02-08,2024-07-08,0.9833404677560165,-0.3314775160599571,0.18918918918918926
SK하이닉스,2025-09-16,2026-02-12,2024-02-13,2024-07-09,0.9820539533698648,-0.31362683438155137,0.18918918918918926
SK하이닉스,2025-09-16,2026-02-12,2024-02-14,2024-07-10,0.9824101788097266,-0.29163179916317994,0.18918918918918926
SK하이닉스,2025-09-16,2026-02-12,2024-02-15,2024-07-11,0.9832378573770855,-0.32199170124481324,0.18918918918918926
SK하이닉스,2025-09-16,2026-02-12,2024-02-16,2024-07-12,0.983748698007932,-0.26394849785407726,0.18918918918918926
SK하이닉스,2025-09-16,2026-02-12,2024-02-19,2024-07-15,0.982181281011657,-0.23043478260869565,0.18918918918918926
SK하이닉스,2025-09-16,2026-02-12,2024-02-20,2024-07-16,0.9829346481729426,-0.21931330472103006,0.18918918918918926
SK하이닉스,2025-09-16,2026-02-12,2024-02-21,2024-07-17,0.9814978982482738,-0.1532879818594104,0.18918918918918926
SK하이닉스,2025-09-17,2026-02-13,2024-01-26,2024-06-25,0.9809104670503168,-0.0888888888888889,0.15113636363636362
SK하이닉스,2025-09-17,2026-02-13,2024-01-29,2024-06-26,0.9825074986755995,-0.120253164556962,0.15113636363636362
SK하이닉스,2025-09-17,2026-02-13,2024-01-30,2024-06-27,0.9834973258869044,-0.19661733615221988,0.15113636363636362
SK하이닉스,2025-09-17,2026-02-13,2024-01-31,2024-06-28,0.9840307904142386,-0.1890063424947146,0.15113636363636362
SK하이닉스,2025-09-17,2026-02-13,2024-02-01,2024-07-01,0.9849349586525724,-0.16942675159235665,0.15113636363636362
SK하이닉스,2025-09-17,2026-02-13,2024-02-02,2024-07-02,0.9862976464359646,-0.18577586206896557,0.15113636363636362
SK하이닉스,2025-09-17,2026-02-13,2024-02-05,2024-07-03,0.985808379387795,-0.17542372881355928,0.15113636363636362
SK하이닉스,2025-09-17,2026-02-13,2024-02-06,2024-07-04,0.9855346488056089,-0.15956521739130436,0.15113636363636362
SK하이닉스,2025-09-17,2026-02-13,2024-02-07,2024-07-05,0.986121147715238,-0.26610169491525426,0.15113636363636362
SK하이닉스,2025-09-17,2026-02-13,2024-02-08,2024-07-08,0.9844915905425199,-0.3314775160599571,0.15113636363636362
SK하이닉스,2025-09-17,2026-02-13,2024-02-13,2024-07-09,0.9816409163093862,-0.31362683438155137,0.15113636363636362
SK하이닉스,2025-09-17,2026-02-13,2024-02-14,2024-07-10,0.9825900995200223,-0.29163179916317994,0.15113636363636362
SK하이닉스,2025-09-17,2026-02-13,2024-02-15,2024-07-11,0.9829281657430676,-0.32199170124481324,0.15113636363636362
SK하이닉스,2025-09-17,2026-02-13,2024-02-16,2024-07-12,0.9837149266154569,-0.26394849785407726,0.15113636363636362
SK하이닉스,2025-09-17,2026-02-13,2024-02-19,2024-07-15,0.9828705435415966,-0.23043478260869565,0.15113636363636362
SK하이닉스,2025-09-17,2026-02-13,2024-02-20,2024-07-16,0.9826578916336947,-0.21931330472103006,0.15113636363636362
SK하이닉스,2025-09-17,2026-02-13,2024-02-21,2024-07-17,0.9827112089318506,-0.1532879818594104,0.15113636363636362
SK하이닉스,2025-09-18,2026-02-19,2024-01-29,2024-06-26,0.9811550073813079,-0.120253164556962,0.12639821029082765
SK하이닉스,2025-09-18,2026-02-19,2024-01-30,2024-06-27,0.9827468742022955,-0.19661733615221988,0.12639821029082765
SK하이닉스,2025-09-18,2026-02-19,2024-01-31,2024-06-28,0.9837524698457307,-0.1890063424947146,0.12639821029082765
SK하이닉스,2025-09-18,2026-02-19,2024-02-01,2024-07-01,0.9842545130773108,-0.16942675159235665,0.12639821029082765
SK하이닉스,2025-09-18,2026-02-19,2024-02-02,2024-07-02,0.9850902179395719,-0.18577586206896557,0.12639821029082765
SK하이닉스,2025-09-18,2026-02-19,2024-02-05,2024-07-03,0.9864120168406914,-0.17542372881355928,0.12639821029082765
SK하이닉스,2025-09-18,2026-02-19,2024-02-06,2024-07-04,0.986371226689311,-0.15956521739130436,0.12639821029082765
SK하이닉스,2025-09-18,2026-02-19,2024-02-07,2024-07-05,0.9857947006418499,-0.26610169491525426,0.12639821029082765
SK하이닉스,2025-09-18,2026-02-19,2024-02-08,2024-07-08,0.9855168478999494,-0.3314775160599571,0.12639821029082765
SK하이닉스,2025-09-18,2026-02-19,2024-02-13,2024-07-09,0.9826268618144604,-0.31362683438155137,0.12639821029082765
SK하이닉스,2025-09-18,2026-02-19,2024-02-14,2024-07-10,0.982314191830762,-0.29163179916317994,0.12639821029082765
SK하이닉스,2025-09-18,2026-02-19,2024-02-15,2024-07-11,0.9831888184879849,-0.32199170124481324,0.12639821029082765
SK하이닉스,2025-09-18,2026-02-19,2024-02-16,2024-07-12,0.9834307975193406,-0.26394849785407726,0.12639821029082765
SK하이닉스,2025-09-18,2026-02-19,2024-02-19,2024-07-15,0.9827056867937255,-0.23043478260869565,0.12639821029082765
SK하이닉스,2025-09-18,2026-02-19,2024-02-20,2024-07-16,0.9833669818811863,-0.21931330472103006,0.12639821029082765
SK하이닉스,2025-09-18,2026-02-19,2024-02-21,2024-07-17,0.9823611992968049,-0.1532879818594104,0.12639821029082765
SK하이닉스,2025-09-19,2026-02-20,2024-01-29,2024-06-26,0.980629508862594,-0.120253164556962,-0.01685985247629085
SK하이닉스,2025-09-19,2026-02-20,2024-01-30,2024-06-27,0.9818580866324578,-0.19661733615221988,-0.01685985247629085
SK하이닉스,2025-09-19,2026-02-20,2024-01-31,2024-06-28,0.9833813650449864,-0.1890063424947146,-0.01685985247629085
SK하이닉스,2025-09-19,2026-02-20,2024-02-01,2024-07-01,0.9843044032948117,-0.16942675159235665,-0.01685985247629085
SK하이닉스,2025-09-19,2026-02-20,2024-02-02,2024-07-02,0.9846598912078457,-0.18577586206896557,-0.01685985247629085
SK하이닉스,2025-09-19,2026-02-20,2024-02-05,2024-07-03,0.9855288687562439,-0.17542372881355928,-0.01685985247629085
SK하이닉스,2025-09-19,2026-02-20,2024-02-06,2024-07-04,0.9869178127116807,-0.15956521739130436,-0.01685985247629085
SK하이닉스,2025-09-19,2026-02-20,2024-02-07,2024-07-05,0.9867871030747464,-0.26610169491525426,-0.01685985247629085
SK하이닉스,2025-09-19,2026-02-20,2024-02-08,2024-07-08,0.9850567632308319,-0.3314775160599571,-0.01685985247629085
SK하이닉스,2025-09-19,2026-02-20,2024-02-13,2024-07-09,0.983608129091804,-0.31362683438155137,-0.01685985247629085
SK하이닉스,2025-09-19,2026-02-20,2024-02-14,2024-07-10,0.9832400034637707,-0.29163179916317994,-0.01685985247629085
SK하이닉스,2025-09-19,2026-02-20,2024-02-15,2024-07-11,0.9829445422037836,-0.32199170124481324,-0.01685985247629085
SK하이닉스,2025-09-19,2026-02-20,2024-02-16,2024-07-12,0.983466621757134,-0.26394849785407726,-0.01685985247629085
SK하이닉스,2025-09-19,2026-02-20,2024-02-19,2024-07-15,0.9820220352670214,-0.23043478260869565,-0.01685985247629085
SK하이닉스,2025-09-19,2026-02-20,2024-02-20,2024-07-16,0.9829219961492149,-0.21931330472103006,-0.01685985247629085
SK하이닉스,2025-09-19,2026-02-20,2024-02-21,2024-07-17,0.9824526052795326,-0.1532879818594104,-0.01685985247629085
SK하이닉스,2025-09-22,2026-02-23,2024-01-30,2024-06-27,0.9813336649593128,-0.19661733615221988,0.03680336487907465
SK하이닉스,2025-09-22,2026-02-23,2024-01-31,2024-06-28,0.9825181965839073,-0.1890063424947146,0.03680336487907465
SK하이닉스,2025-09-22,2026-02-23,2024-02-01,2024-07-01,0.9839552602739963,-0.16942675159235665,0.03680336487907465
SK하이닉스,2025-09-22,2026-02-23,2024-02-02,2024-07-02,0.9847440784921594,-0.18577586206896557,0.03680336487907465
SK하이닉스,2025-09-22,2026-02-23,2024-02-05,2024-07-03,0.9851379330868044,-0.17542372881355928,0.03680336487907465
SK하이닉스,2025-09-22,2026-02-23,2024-02-06,2024-07-04,0.985766061086139,-0.15956521739130436,0.03680336487907465
SK하이닉스,2025-09-22,2026-02-23,2024-02-07,2024-07-05,0.9873381760437803,-0.26610169491525426,0.03680336487907465
SK하이닉스,2025-09-22,2026-02-23,2024-02-08,2024-07-08,0.985891901776603,-0.3314775160599571,0.03680336487907465
SK하이닉스,2025-09-22,2026-02-23,2024-02-13,2024-07-09,0.9829233863735345,-0.31362683438155137,0.03680336487907465
SK하이닉스,2025-09-22,2026-02-23,2024-02-14,2024-07-10,0.9841886057869615,-0.29163179916317994,0.03680336487907465
SK하이닉스,2025-09-22,2026-02-23,2024-02-15,2024-07-11,0.9838371513944385,-0.32199170124481324,0.03680336487907465
SK하이닉스,2025-09-22,2026-02-23,2024-02-16,2024-07-12,0.9832856622442693,-0.26394849785407726,0.03680336487907465
SK하이닉스,2025-09-22,2026-02-23,2024-02-19,2024-07-15,0.9820220057881521,-0.23043478260869565,0.03680336487907465
SK하이닉스,2025-09-22,2026-02-23,2024-02-20,2024-07-16,0.9823234763174917,-0.21931330472103006,0.03680336487907465
SK하이닉스,2025-09-22,2026-02-23,2024-02-21,2024-07-17,0.9821613402170608,-0.1532879818594104,0.03680336487907465
SK하이닉스,2025-09-23,2026-02-24,2024-01-30,2024-06-27,0.9802578613617103,-0.19661733615221988,-0.00995024875621886
SK하이닉스,2025-09-23,2026-02-24,2024-01-31,2024-06-28,0.9819874584018329,-0.1890063424947146,-0.00995024875621886
SK하이닉스,2025-09-23,2026-02-24,2024-02-01,2024-07-01,0.983025890543143,-0.16942675159235665,-0.00995024875621886
SK하이닉스,2025-09-23,2026-02-24,2024-02-02,2024-07-02,0.9841871685435952,-0.18577586206896557,-0.00995024875621886
SK하이닉스,2025-09-23,2026-02-24,2024-02-05,2024-07-03,0.9850528383918191,-0.17542372881355928,-0.00995024875621886
SK하이닉스,2025-09-23,2026-02-24,2024-02-06,2024-07-04,0.9847963157130719,-0.15956521739130436,-0.00995024875621886
SK하이닉스,2025-09-23,2026-02-24,2024-02-07,2024-07-05,0.9860610788387666,-0.26610169491525426,-0.00995024875621886
SK하이닉스,2025-09-23,2026-02-24,2024-02-08,2024-07-08,0.9860182395418539,-0.3314775160599571,-0.00995024875621886
SK하이닉스,2025-09-23,2026-02-24,2024-02-13,2024-07-09,0.9835202725384304,-0.31362683438155137,-0.00995024875621886
SK하이닉스,2025-09-23,2026-02-24,2024-02-14,2024-07-10,0.9834593038844655,-0.29163179916317994,-0.00995024875621886
SK하이닉스,2025-09-23,2026-02-24,2024-02-15,2024-07-11,0.9846864183653408,-0.32199170124481324,-0.00995024875621886
SK하이닉스,2025-09-23,2026-02-24,2024-02-16,2024-07-12,0.9838472820766934,-0.26394849785407726,-0.00995024875621886
SK하이닉스,2025-09-23,2026-02-24,2024-02-19,2024-07-15,0.9813399842599608,-0.23043478260869565,-0.00995024875621886
SK하이닉스,2025-09-23,2026-02-24,2024-02-20,2024-07-16,0.9819915569265929,-0.21931330472103006,-0.00995024875621886
SK하이닉스,2025-09-23,2026-02-24,2024-02-21,2024-07-17,0.9809087229075591,-0.1532879818594104,-0.00995024875621886
SK하이닉스,2025-09-24,2026-02-25,2024-01-31,2024-06-28,0.9809479490447942,-0.1890063424947146,-0.08349705304518662
SK하이닉스,2025-09-24,2026-02-25,2024-02-01,2024-07-01,0.9825235058104571,-0.16942675159235665,-0.08349705304518662
SK하이닉스,2025-09-24,2026-02-25,2024-02-02,2024-07-02,0.9833130077812371,-0.18577586206896557,-0.08349705304518662
SK하이닉스,2025-09-24,2026-02-25,2024-02-05,2024-07-03,0.9845259535468306,-0.17542372881355928,-0.08349705304518662
SK하이닉스,2025-09-24,2026-02-25,2024-02-06,2024-07-04,0.9845776769987129,-0.15956521739130436,-0.08349705304518662
SK하이닉스,2025-09-24,2026-02-25,2024-02-07,2024-07-05,0.985149465448349,-0.26610169491525426,-0.08349705304518662
SK하이닉스,2025-09-24,2026-02-25,2024-02-08,2024-07-08,0.984572683887756,-0.3314775160599571,-0.08349705304518662
SK하이닉스,2025-09-24,2026-02-25,2024-02-13,2024-07-09,0.9835508387124087,-0.31362683438155137,-0.08349705304518662
SK하이닉스,2025-09-24,2026-02-25,2024-02-14,2024-07-10,0.9840350456773597,-0.29163179916317994,-0.08349705304518662
SK하이닉스,2025-09-24,2026-02-25,2024-02-15,2024-07-11,0.9839940174902104,-0.32199170124481324,-0.08349705304518662
SK하이닉스,2025-09-24,2026-02-25,2024-02-16,2024-07-12,0.9846823022602695,-0.26394849785407726,-0.08349705304518662
SK하이닉스,2025-09-24,2026-02-25,2024-02-19,2024-07-15,0.9818674490986574,-0.23043478260869565,-0.08349705304518662
SK하이닉스,2025-09-24,2026-02-25,2024-02-20,2024-07-16,0.9813465422964059,-0.21931330472103006,-0.08349705304518662
SK하이닉스,2025-09-24,2026-02-25,2024-02-21,2024-07-17,0.9806186870084154,-0.1532879818594104,-0.08349705304518662
SK하이닉스,2025-09-25,2026-02-26,2024-02-01,2024-07-01,0.9810962034554876,-0.16942675159235665,-0.16105550500454957
SK하이닉스,2025-09-25,2026-02-26,2024-02-02,2024-07-02,0.9822172595507677,-0.18577586206896557,-0.16105550500454957
SK하이닉스,2025-09-25,2026-02-26,2024-02-05,2024-07-03,0.9831517572728711,-0.17542372881355928,-0.16105550500454957
SK하이닉스,2025-09-25,2026-02-26,2024-02-06,2024-07-04,0.9831677243356023,-0.15956521739130436,-0.16105550500454957
SK하이닉스,2025-09-25,2026-02-26,2024-02-07,2024-07-05,0.9844071883455123,-0.26610169491525426,-0.16105550500454957
SK하이닉스,2025-09-25,2026-02-26,2024-02-08,2024-07-08,0.982900386485916,-0.3314775160599571,-0.16105550500454957
SK하이닉스,2025-09-25,2026-02-26,2024-02-13,2024-07-09,0.9815840501898886,-0.31362683438155137,-0.16105550500454957
SK하이닉스,2025-09-25,2026-02-26,2024-02-14,2024-07-10,0.983670412345745,-0.29163179916317994,-0.16105550500454957
SK하이닉스,2025-09-25,2026-02-26,2024-02-15,2024-07-11,0.9841612471190689,-0.32199170124481324,-0.16105550500454957
SK하이닉스,2025-09-25,2026-02-26,2024-02-16,2024-07-12,0.9832736605917161,-0.26394849785407726,-0.16105550500454957
SK하이닉스,2025-09-25,2026-02-26,2024-02-19,2024-07-15,0.9817735401552189,-0.23043478260869565,-0.16105550500454957
SK하이닉스,2025-09-25,2026-02-26,2024-02-20,2024-07-16,0.9810730516836949,-0.21931330472103006,-0.16105550500454957
SK하이닉스,2025-09-26,2026-02-27,2024-02-02,2024-07-02,0.9813694744617618,-0.18577586206896557,-0.17719132893496703
SK하이닉스,2025-09-26,2026-02-27,2024-02-05,2024-07-03,0.9825632064341047,-0.17542372881355928,-0.17719132893496703
SK하이닉스,2025-09-26,2026-02-27,2024-02-06,2024-07-04,0.9823091944685086,-0.15956521739130436,-0.17719132893496703
SK하이닉스,2025-09-26,2026-02-27,2024-02-07,2024-07-05,0.9835096376477352,-0.26610169491525426,-0.17719132893496703
SK하이닉스,2025-09-26,2026-02-27,2024-02-08,2024-07-08,0.9826243312232461,-0.3314775160599571,-0.17719132893496703
SK하이닉스,2025-09-26,2026-02-27,2024-02-13,2024-07-09,0.980171314570015,-0.31362683438155137,-0.17719132893496703
SK하이닉스,2025-09-26,2026-02-27,2024-02-14,2024-07-10,0.9821331931742476,-0.29163179916317994,-0.17719132893496703
SK하이닉스,2025-09-26,2026-02-27,2024-02-15,2024-07-11,0.984154475732328,-0.32199170124481324,-0.17719132893496703
SK하이닉스,2025-09-26,2026-02-27,2024-02-16,2024-07-12,0.984074435969633,-0.26394849785407726,-0.17719132893496703
SK하이닉스,2025-09-26,2026-02-27,2024-02-19,2024-07-15,0.9810994672372331,-0.23043478260869565,-0.17719132893496703
SK하이닉스,2025-09-26,2026-02-27,2024-02-20,2024-07-16,0.9816586132133174,-0.21931330472103006,-0.17719132893496703
SK하이닉스,2025-09-29,2026-03-03,2024-02-05,2024-07-03,0.9809284596287224,-0.17542372881355928,-0.14057507987220452
SK하이닉스,2025-09-29,2026-03-03,2024-02-06,2024-07-04,0.9815000966286753,-0.15956521739130436,-0.14057507987220452
SK하이닉스,2025-09-29,2026-03-03,2024-02-07,2024-07-05,0.9822991641610092,-0.26610169491525426,-0.14057507987220452
SK하이닉스,2025-09-29,2026-03-03,2024-02-08,2024-07-08,0.9817451754414503,-0.3314775160599571,-0.14057507987220452
SK하이닉스,2025-09-29,2026-03-03,2024-02-13,2024-07-09,0.9800283260109961,-0.31362683438155137,-0.14057507987220452
SK하이닉스,2025-09-29,2026-03-03,2024-02-14,2024-07-10,0.9811386594102987,-0.29163179916317994,-0.14057507987220452
SK하이닉스,2025-09-29,2026-03-03,2024-02-15,2024-07-11,0.982959452778748,-0.32199170124481324,-0.14057507987220452
SK하이닉스,2025-09-29,2026-03-03,2024-02-16,2024-07-12,0.9849918212171898,-0.26394849785407726,-0.14057507987220452
SK하이닉스,2025-09-29,2026-03-03,2024-02-19,2024-07-15,0.9831148319432668,-0.23043478260869565,-0.14057507987220452
SK하이닉스,2025-09-29,2026-03-03,2024-02-20,2024-07-16,0.9820195947368793,-0.21931330472103006,-0.14057507987220452
SK하이닉스,2025-09-29,2026-03-03,2024-02-21,2024-07-17,0.981924142724837,-0.1532879818594104,-0.14057507987220452
SK하이닉스,2025-09-30,2026-03-04,2024-02-07,2024-07-05,0.9812272922536752,-0.26610169491525426,0.051825677267373305
SK하이닉스,2025-09-30,2026-03-04,2024-02-15,2024-07-11,0.9805925881223081,-0.32199170124481324,0.051825677267373305
SK하이닉스,2025-09-30,2026-03-04,2024-02-16,2024-07-12,0.9830004438063298,-0.26394849785407726,0.051825677267373305
SK하이닉스,2025-09-30,2026-03-04,2024-02-19,2024-07-15,0.9833414716853693,-0.23043478260869565,0.051825677267373305
SK하이닉스,2025-09-30,2026-03-04,2024-02-20,2024-07-16,0.9832196504145301,-0.21931330472103006,0.051825677267373305
SK하이닉스,2025-09-30,2026-03-04,2024-02-21,2024-07-17,0.9823782263336479,-0.1532879818594104,0.051825677267373305
SK하이닉스,2025-10-01,2026-03-05,2024-02-15,2024-07-11,0.9804727180770141,-0.32199170124481324,-0.11795961742826777
SK하이닉스,2025-10-01,2026-03-05,2024-02-16,2024-07-12,0.9815399386143374,-0.26394849785407726,-0.11795961742826777
SK하이닉스,2025-10-01,2026-03-05,2024-02-19,2024-07-15,0.982039476224512,-0.23043478260869565,-0.11795961742826777
SK하이닉스,2025-10-01,2026-03-05,2024-02-20,2024-07-16,0.9843928880249119,-0.21931330472103006,-0.11795961742826777
SK하이닉스,2025-10-01,2026-03-05,2024-02-21,2024-07-17,0.9836516748917912,-0.1532879818594104,-0.11795961742826777
SK하이닉스,2025-10-02,2026-03-06,2020-08-19,2021-01-14,0.9802545698369463,0.011494252873563315,-0.051948051948051965
SK하이닉스,2025-10-02,2026-03-06,2020-08-20,2021-01-15,0.9811488304433498,0.03921568627450989,-0.051948051948051965
SK하이닉스,2025-10-02,2026-03-06,2023-11-23,2024-04-19,0.9800386080493637,0.14079630698211187,-0.051948051948051965
SK하이닉스,2025-10-02,2026-03-06,2024-02-16,2024-07-12,0.9808983392031038,-0.26394849785407726,-0.051948051948051965
SK하이닉스,2025-10-02,2026-03-06,2024-02-19,2024-07-15,0.9806595170025372,-0.23043478260869565,-0.051948051948051965
SK하이닉스,2025-10-02,2026-03-06,2024-02-20,2024-07-16,0.9828778505426553,-0.21931330472103006,-0.051948051948051965
SK하이닉스,2025-10-02,2026-03-06,2024-02-21,2024-07-17,0.9844950362384486,-0.1532879818594104,-0.051948051948051965
SK하이닉스,2025-10-02,2026-03-06,2024-02-22,2024-07-18,0.9802951616750739,-0.060235294117647054,-0.051948051948051965
SK하이닉스,2025-10-10,2026-03-09,2020-08-20,2021-01-15,0.9817329527009033,0.03921568627450989,0.05980861244019131
SK하이닉스,2025-10-10,2026-03-09,2023-11-23,2024-04-19,0.9818787880048739,0.14079630698211187,0.05980861244019131
SK하이닉스,2025-10-10,2026-03-09,2023-11-24,2024-04-22,0.9821752522298659,0.16550116550116556,0.05980861244019131
SK하이닉스,2025-10-10,2026-03-09,2023-11-27,2024-04-23,0.9817596972268607,0.16140350877192988,0.05980861244019131
SK하이닉스,2025-10-10,2026-03-09,2023-11-28,2024-04-24,0.9808295838698539,0.1206896551724137,0.05980861244019131
SK하이닉스,2025-10-10,2026-03-09,2023-11-29,2024-04-25,0.9803767006953734,0.18698710433763188,0.05980861244019131
SK하이닉스,2025-10-10,2026-03-09,2024-02-21,2024-07-17,0.9823661828150303,-0.1532879818594104,0.05980861244019131
SK하이닉스,2025-10-10,2026-03-09,2024-02-22,2024-07-18,0.9823425537211293,-0.060235294117647054,0.05980861244019131
SK하이닉스,2025-10-10,2026-03-09,2024-02-23,2024-07-19,0.9803333730597288,-0.0744630071599045,0.05980861244019131
SK하이닉스,2025-10-13,2026-03-10,2023-11-24,2024-04-22,0.9820725105593279,0.16550116550116556,-0.023454157782516027
SK하이닉스,2025-10-13,2026-03-10,2023-11-27,2024-04-23,0.9822332977835968,0.16140350877192988,-0.023454157782516027
SK하이닉스,2025-10-13,2026-03-10,2023-11-28,2024-04-24,0.9823157364621271,0.1206896551724137,-0.023454157782516027
SK하이닉스,2025-10-13,2026-03-10,2023-11-29,2024-04-25,0.9808471977350465,0.18698710433763188,-0.023454157782516027
SK하이닉스,2025-10-13,2026-03-10,2023-11-30,2024-04-26,0.9808640148999197,0.13892013498312705,-0.023454157782516027
SK하이닉스,2025-10-13,2026-03-10,2024-02-20,2024-07-16,0.9800027058604454,-0.21931330472103006,-0.023454157782516027
SK하이닉스,2025-10-13,2026-03-10,2024-02-21,2024-07-17,0.9800936586390065,-0.1532879818594104,-0.023454157782516027
SK하이닉스,2025-10-13,2026-03-10,2024-02-23,2024-07-19,0.9814152013459545,-0.0744630071599045,-0.023454157782516027
SK하이닉스,2025-10-14,2026-03-11,2023-11-27,2024-04-23,0.9820758895628728,0.16140350877192988,0.081675392670157
SK하이닉스,2025-10-14,2026-03-11,2023-11-28,2024-04-24,0.98282670952096,0.1206896551724137,0.081675392670157
SK하이닉스,2025-10-14,2026-03-11,2023-11-29,2024-04-25,0.9822706603009853,0.18698710433763188,0.081675392670157
SK하이닉스,2025-10-14,2026-03-11,2023-11-30,2024-04-26,0.9813401368781489,0.13892013498312705,0.081675392670157
SK하이닉스,2025-10-14,2026-03-11,2023-12-01,2024-04-29,0.9813831760912644,0.11256395679363274,0.081675392670157
SK하이닉스,2025-10-14,2026-03-11,2024-02-21,2024-07-17,0.9800322802805236,-0.1532879818594104,0.081675392670157
SK하이닉스,2025-10-15,2026-03-12,2023-11-28,2024-04-24,0.9836111811635502,0.1206896551724137,0.07311827956989236
SK하이닉스,2025-10-15,2026-03-12,2023-11-29,2024-04-25,0.98386792135215,0.18698710433763188,0.07311827956989236
SK하이닉스,2025-10-15,2026-03-12,2023-11-30,2024-04-26,0.983460773955769,0.13892013498312705,0.07311827956989236
SK하이닉스,2025-10-15,2026-03-12,2023-12-01,2024-04-29,0.982519834121031,0.11256395679363274,0.07311827956989236
SK하이닉스,2025-10-15,2026-03-12,2023-12-04,2024-04-30,0.9822124600078367,0.08610792192881744,0.07311827956989236
SK하이닉스,2025-10-16,2026-03-13,2020-08-26,2021-01-21,0.9807457108194606,0.03802281368821303,0.12857142857142856
SK하이닉스,2025-10-16,2026-03-13,2020-08-27,2021-01-22,0.9817776038143692,0.0778210116731517,0.12857142857142856
SK하이닉스,2025-10-16,2026-03-13,2020-08-28,2021-01-25,0.981537419987951,0.007407407407407307,0.12857142857142856
SK하이닉스,2025-10-16,2026-03-13,2020-08-31,2021-01-26,0.9817950889759741,0.15116279069767447,0.12857142857142856
SK하이닉스,2025-10-16,2026-03-13,2020-09-01,2021-01-27,0.9810174926222266,0.10116731517509736,0.12857142857142856
SK하이닉스,2025-10-16,2026-03-13,2023-11-23,2024-04-19,0.9800209212617633,0.14079630698211187,0.12857142857142856
SK하이닉스,2025-10-16,2026-03-13,2023-11-28,2024-04-24,0.9816285110596668,0.1206896551724137,0.12857142857142856
SK하이닉스,2025-10-16,2026-03-13,2023-11-29,2024-04-25,0.9850721549274803,0.18698710433763188,0.12857142857142856
SK하이닉스,2025-10-16,2026-03-13,2023-11-30,2024-04-26,0.9850706669317977,0.13892013498312705,0.12857142857142856
SK하이닉스,2025-10-16,2026-03-13,2023-12-01,2024-04-29,0.984460455428369,0.11256395679363274,0.12857142857142856
SK하이닉스,2025-10-16,2026-03-13,2023-12-04,2024-04-30,0.9828824190920495,0.08610792192881744,0.12857142857142856
SK하이닉스,2025-10-16,2026-03-13,2023-12-05,2024-05-02,0.981967539029519,0.11866359447004604,0.12857142857142856
SK하이닉스,2025-10-17,2026-03-16,2020-08-27,2021-01-22,0.9830488200060127,0.0778210116731517,0.06776180698151957
SK하이닉스,2025-10-17,2026-03-16,2020-08-28,2021-01-25,0.983809369159741,0.007407407407407307,0.06776180698151957
SK하이닉스,2025-10-17,2026-03-16,2020-08-31,2021-01-26,0.9834158558202755,0.15116279069767447,0.06776180698151957
SK하이닉스,2025-10-17,2026-03-16,2020-09-01,2021-01-27,0.9832054956808233,0.10116731517509736,0.06776180698151957
SK하이닉스,2025-10-17,2026-03-16,2020-09-02,2021-01-28,0.9815508800348203,0.17479674796747968,0.06776180698151957
SK하이닉스,2025-10-17,2026-03-16,2023-11-24,2024-04-22,0.9803167715125223,0.16550116550116556,0.06776180698151957
SK하이닉스,2025-10-17,2026-03-16,2023-11-28,2024-04-24,0.9803857739061232,0.1206896551724137,0.06776180698151957
SK하이닉스,2025-10-17,2026-03-16,2023-11-29,2024-04-25,0.9810638426232291,0.18698710433763188,0.06776180698151957
SK하이닉스,2025-10-17,2026-03-16,2023-11-30,2024-04-26,0.9849741234191416,0.13892013498312705,0.06776180698151957
SK하이닉스,2025-10-17,2026-03-16,2023-12-01,2024-04-29,0.9848162256202228,0.11256395679363274,0.06776180698151957
SK하이닉스,2025-10-17,2026-03-16,2023-12-04,2024-04-30,0.9837045793716208,0.08610792192881744,0.06776180698151957
SK하이닉스,2025-10-17,2026-03-16,2023-12-05,2024-05-02,0.9817035990783123,0.11866359447004604,0.06776180698151957
SK하이닉스,2025-10-17,2026-03-16,2023-12-06,2024-05-03,0.9802830206549358,0.11605080831408765,0.06776180698151957
SK하이닉스,2025-10-20,2026-03-17,2020-08-27,2021-01-22,0.9815147121107033,0.0778210116731517,0.13711340206185563
SK하이닉스,2025-10-20,2026-03-17,2020-08-28,2021-01-25,0.984617830864559,0.007407407407407307,0.13711340206185563
SK하이닉스,2025-10-20,2026-03-17,2020-08-31,2021-01-26,0.9852805081457048,0.15116279069767447,0.13711340206185563
SK하이닉스,2025-10-20,2026-03-17,2020-09-01,2021-01-27,0.9844547878805806,0.10116731517509736,0.13711340206185563
SK하이닉스,2025-10-20,2026-03-17,2020-09-02,2021-01-28,0.9834900778777054,0.17479674796747968,0.13711340206185563
SK하이닉스,2025-10-20,2026-03-17,2020-09-03,2021-01-29,0.9807206755467487,0.19999999999999996,0.13711340206185563
SK하이닉스,2025-10-20,2026-03-17,2023-11-30,2024-04-26,0.9805025237618676,0.13892013498312705,0.13711340206185563
SK하이닉스,2025-10-20,2026-03-17,2023-12-01,2024-04-29,0.9843064578171083,0.11256395679363274,0.13711340206185563
SK하이닉스,2025-10-20,2026-03-17,2023-12-04,2024-04-30,0.9836618718547859,0.08610792192881744,0.13711340206185563
SK하이닉스,2025-10-20,2026-03-17,2023-12-05,2024-05-02,0.9821342319115309,0.11866359447004604,0.13711340206185563
SK하이닉스,2025-10-21,2026-03-18,2020-08-28,2021-01-25,0.9822698579986059,0.007407407407407307,0.07575757575757569
SK하이닉스,2025-10-21,2026-03-18,2020-08-31,2021-01-26,0.9847297793452948,0.15116279069767447,0.07575757575757569
SK하이닉스,2025-10-21,2026-03-18,2020-09-01,2021-01-27,0.9850997143675554,0.10116731517509736,0.07575757575757569
SK하이닉스,2025-10-21,2026-03-18,2020-09-02,2021-01-28,0.9832130850240219,0.17479674796747968,0.07575757575757569
SK하이닉스,2025-10-21,2026-03-18,2020-09-03,2021-01-29,0.9811505318827678,0.19999999999999996,0.07575757575757569
SK하이닉스,2025-10-21,2026-03-18,2020-09-04,2021-02-01,0.9801192470446617,0.1359999999999999,0.07575757575757569
SK하이닉스,2025-10-21,2026-03-18,2023-12-04,2024-04-30,0.9831030252982997,0.08610792192881744,0.07575757575757569
SK하이닉스,2025-10-21,2026-03-18,2023-12-05,2024-05-02,0.9822055652874842,0.11866359447004604,0.07575757575757569
SK하이닉스,2025-10-21,2026-03-18,2023-12-06,2024-05-03,0.9804698008899502,0.11605080831408765,0.07575757575757569
SK하이닉스,2025-10-22,2026-03-19,2020-08-31,2021-01-26,0.9828045208654457,0.15116279069767447,0.140177690029615
SK하이닉스,2025-10-22,2026-03-19,2020-09-01,2021-01-27,0.9849584722270947,0.10116731517509736,0.140177690029615
SK하이닉스,2025-10-22,2026-03-19,2020-09-02,2021-01-28,0.984569417280319,0.17479674796747968,0.140177690029615
SK하이닉스,2025-10-22,2026-03-19,2020-09-03,2021-01-29,0.981551428313467,0.19999999999999996,0.140177690029615
SK하이닉스,2025-10-22,2026-03-19,2020-09-04,2021-02-01,0.9812307528284299,0.1359999999999999,0.140177690029615
SK하이닉스,2025-10-22,2026-03-19,2020-09-07,2021-02-02,0.9806016634135395,0.07692307692307687,0.140177690029615
SK하이닉스,2025-10-22,2026-03-19,2020-09-08,2021-02-03,0.9802586746030446,0.04230769230769238,0.140177690029615
SK하이닉스,2025-10-22,2026-03-19,2023-12-05,2024-05-02,0.9826516532776344,0.11866359447004604,0.140177690029615
SK하이닉스,2025-10-22,2026-03-19,2023-12-06,2024-05-03,0.9815351999552818,0.11605080831408765,0.140177690029615
SK하이닉스,2025-10-22,2026-03-19,2023-12-07,2024-05-07,0.9805503974904706,0.07850779510022265,0.140177690029615
SK하이닉스,2025-10-23,2026-03-20,2020-09-01,2021-01-27,0.9831249696563529,0.10116731517509736,0.12015888778550154
SK하이닉스,2025-10-23,2026-03-20,2020-09-02,2021-01-28,0.9845392922637504,0.17479674796747968,0.12015888778550154
SK하이닉스,2025-10-23,2026-03-20,2020-09-03,2021-01-29,0.9829141104503285,0.19999999999999996,0.12015888778550154
SK하이닉스,2025-10-23,2026-03-20,2020-09-04,2021-02-01,0.9817431130598168,0.1359999999999999,0.12015888778550154
SK하이닉스,2025-10-23,2026-03-20,2020-09-07,2021-02-02,0.9817322343531808,0.07692307692307687,0.12015888778550154
SK하이닉스,2025-10-23,2026-03-20,2020-09-08,2021-02-03,0.9810787020422559,0.04230769230769238,0.12015888778550154
SK하이닉스,2025-10-23,2026-03-20,2020-09-09,2021-02-04,0.9803104438402648,0.09200000000000008,0.12015888778550154
SK하이닉스,2025-10-23,2026-03-20,2023-12-06,2024-05-03,0.9821832660969292,0.11605080831408765,0.12015888778550154
SK하이닉스,2025-10-23,2026-03-20,2023-12-07,2024-05-07,0.9817135561775496,0.07850779510022265,0.12015888778550154
SK하이닉스,2025-10-23,2026-03-20,2023-12-08,2024-05-08,0.9809250867893126,0.1657303370786516,0.12015888778550154
SK하이닉스,2025-10-24,2026-03-23,2020-09-01,2021-01-27,0.9802512566323845,0.10116731517509736,0.2497320471597
SK하이닉스,2025-10-24,2026-03-23,2020-09-02,2021-01-28,0.9835672716153556,0.17479674796747968,0.2497320471597
SK하이닉스,2025-10-24,2026-03-23,2020-09-03,2021-01-29,0.9844784992953917,0.19999999999999996,0.2497320471597
SK하이닉스,2025-10-24,2026-03-23,2020-09-04,2021-02-01,0.9840550344893038,0.1359999999999999,0.2497320471597
SK하이닉스,2025-10-24,2026-03-23,2020-09-07,2021-02-02,0.9821496147104566,0.07692307692307687,0.2497320471597
SK하이닉스,2025-10-24,2026-03-23,2020-09-08,2021-02-03,0.9815701589357307,0.04230769230769238,0.2497320471597
SK하이닉스,2025-10-24,2026-03-23,2020-09-09,2021-02-04,0.9803176852523401,0.09200000000000008,0.2497320471597
SK하이닉스,2025-10-27,2026-03-24,2020-09-03,2021-01-29,0.9827782750753614,0.19999999999999996,0.24137931034482762
SK하이닉스,2025-10-27,2026-03-24,2020-09-04,2021-02-01,0.98430733440278,0.1359999999999999,0.24137931034482762
SK하이닉스,2025-10-27,2026-03-24,2020-09-07,2021-02-02,0.983914679159429,0.07692307692307687,0.24137931034482762
SK하이닉스,2025-10-27,2026-03-24,2020-09-08,2021-02-03,0.9818182849394905,0.04230769230769238,0.24137931034482762
SK하이닉스,2025-10-27,2026-03-24,2020-09-09,2021-02-04,0.9807605509752108,0.09200000000000008,0.24137931034482762
SK하이닉스,2025-10-28,2026-03-25,2020-09-04,2021-02-01,0.9830341958583803,0.1359999999999999,0.22914572864321614
SK하이닉스,2025-10-28,2026-03-25,2020-09-07,2021-02-02,0.9847395762729336,0.07692307692307687,0.22914572864321614
SK하이닉스,2025-10-28,2026-03-25,2020-09-08,2021-02-03,0.9843341928605359,0.04230769230769238,0.22914572864321614
SK하이닉스,2025-10-28,2026-03-25,2020-09-09,2021-02-04,0.9819499207077437,0.09200000000000008,0.22914572864321614
SK하이닉스,2025-10-28,2026-03-25,2020-09-10,2021-02-05,0.9810763340895878,0.04313725490196085,0.22914572864321614
SK하이닉스,2025-10-29,2026-03-26,2020-09-07,2021-02-02,0.9833142545837638,0.07692307692307687,0.31296891747052524
SK하이닉스,2025-10-29,2026-03-26,2020-09-08,2021-02-03,0.9850046489898857,0.04230769230769238,0.31296891747052524
SK하이닉스,2025-10-29,2026-03-26,2020-09-09,2021-02-04,0.9847076835878199,0.09200000000000008,0.31296891747052524
SK하이닉스,2025-10-29,2026-03-26,2020-09-10,2021-02-05,0.9823546547472217,0.04313725490196085,0.31296891747052524
SK하이닉스,2025-10-29,2026-03-26,2020-09-11,2021-02-08,0.9814124099190742,0.09600000000000009,0.31296891747052524
SK하이닉스,2025-10-30,2026-03-27,2020-09-07,2021-02-02,0.9802068695514811,0.07692307692307687,0.32537960954446854
SK하이닉스,2025-10-30,2026-03-27,2020-09-08,2021-02-03,0.9835208955737242,0.04230769230769238,0.32537960954446854
SK하이닉스,2025-10-30,2026-03-27,2020-09-09,2021-02-04,0.985327309437615,0.09200000000000008,0.32537960954446854
SK하이닉스,2025-10-30,2026-03-27,2020-09-10,2021-02-05,0.985065329841232,0.04313725490196085,0.32537960954446854
SK하이닉스,2025-10-30,2026-03-27,2020-09-11,2021-02-08,0.9825444140269647,0.09600000000000009,0.32537960954446854
SK하이닉스,2025-10-30,2026-03-27,2020-09-14,2021-02-09,0.9812849952831385,0.11553784860557759,0.32537960954446854
SK하이닉스,2025-10-30,2026-03-27,2020-09-15,2021-02-10,0.9801873464523507,0.08333333333333326,0.32537960954446854
SK하이닉스,2025-10-31,2026-03-30,2020-09-09,2021-02-04,0.983610649351067,0.09200000000000008,0.4799541809851089
SK하이닉스,2025-10-31,2026-03-30,2020-09-10,2021-02-05,0.9853247369656736,0.04313725490196085,0.4799541809851089
SK하이닉스,2025-10-31,2026-03-30,2020-09-11,2021-02-08,0.9848814197610753,0.09600000000000009,0.4799541809851089
SK하이닉스,2025-10-31,2026-03-30,2020-09-14,2021-02-09,0.9820512187238766,0.11553784860557759,0.4799541809851089
SK하이닉스,2025-10-31,2026-03-30,2020-09-15,2021-02-10,0.9815410967694038,0.08333333333333326,0.4799541809851089
SK하이닉스,2025-11-03,2026-03-31,2020-09-10,2021-02-05,0.9825836014940522,0.04313725490196085,0.61090458488228
SK하이닉스,2025-11-03,2026-03-31,2020-09-11,2021-02-08,0.9840064747112369,0.09600000000000009,0.61090458488228
SK하이닉스,2025-11-03,2026-03-31,2020-09-14,2021-02-09,0.9833466797330659,0.11553784860557759,0.61090458488228
SK하이닉스,2025-11-03,2026-03-31,2020-09-15,2021-02-10,0.9814116653293152,0.08333333333333326,0.61090458488228
SK하이닉스,2025-11-03,2026-03-31,2020-09-16,2021-02-15,0.9800011943497041,0.06439393939393945,0.61090458488228
SK하이닉스,2025-11-04,2026-04-01,2020-09-11,2021-02-08,0.9824849954899847,0.09600000000000009,0.4479283314669653
SK하이닉스,2025-11-04,2026-04-01,2020-09-14,2021-02-09,0.9838174599185412,0.11553784860557759,0.4479283314669653
SK하이닉스,2025-11-04,2026-04-01,2020-09-15,2021-02-10,0.98411422533656,0.08333333333333326,0.4479283314669653
SK하이닉스,2025-11-04,2026-04-01,2020-09-16,2021-02-15,0.9816770746484559,0.06439393939393945,0.4479283314669653
SK하이닉스,2025-11-04,2026-04-01,2020-09-17,2021-02-16,0.9803522281184606,0.05660377358490565,0.4479283314669653
SK하이닉스,2025-11-05,2026-04-02,2020-09-14,2021-02-09,0.981110794208532,0.11553784860557759,0.5493975903614459
SK하이닉스,2025-11-05,2026-04-02,2020-09-15,2021-02-10,0.9835936885773812,0.08333333333333326,0.5493975903614459
SK하이닉스,2025-11-05,2026-04-02,2020-09-16,2021-02-15,0.9830284452804364,0.06439393939393945,0.5493975903614459
SK하이닉스,2025-11-05,2026-04-02,2020-09-17,2021-02-16,0.980691229931606,0.05660377358490565,0.5493975903614459
SK하이닉스,2025-11-06,2026-04-03,2020-09-15,2021-02-10,0.9813747892919151,0.08333333333333326,0.6518264840182648
SK하이닉스,2025-11-06,2026-04-03,2020-09-16,2021-02-15,0.983227922480622,0.06439393939393945,0.6518264840182648
SK하이닉스,2025-11-06,2026-04-03,2020-09-17,2021-02-16,0.9827158704483409,0.05660377358490565,0.6518264840182648
SK하이닉스,2025-11-06,2026-04-03,2020-09-18,2021-02-17,0.9806987532630732,0.0923076923076922,0.6518264840182648
SK하이닉스,2025-11-06,2026-04-03,2020-09-21,2021-02-18,0.9800506200968662,0.09523809523809534,0.6518264840182648
SK하이닉스,2025-11-07,2026-04-06,2020-09-16,2021-02-15,0.9812279914512513,0.06439393939393945,0.806997742663657
SK하이닉스,2025-11-07,2026-04-06,2020-09-17,2021-02-16,0.9830888386367929,0.05660377358490565,0.806997742663657
SK하이닉스,2025-11-07,2026-04-06,2020-09-18,2021-02-17,0.9828294125553398,0.0923076923076922,0.806997742663657
SK하이닉스,2025-11-07,2026-04-06,2020-09-21,2021-02-18,0.9810221460308222,0.09523809523809534,0.806997742663657
SK하이닉스,2025-11-10,2026-04-07,2020-09-17,2021-02-16,0.9813690252156698,0.05660377358490565,0.8056768558951966
SK하이닉스,2025-11-10,2026-04-07,2020-09-18,2021-02-17,0.9833536809598182,0.0923076923076922,0.8056768558951966
SK하이닉스,2025-11-10,2026-04-07,2020-09-21,2021-02-18,0.9831711650805017,0.09523809523809534,0.8056768558951966
SK하이닉스,2025-11-10,2026-04-07,2020-09-22,2021-02-19,0.9811647883952114,0.03759398496240607,0.8056768558951966
SK하이닉스,2025-11-10,2026-04-07,2020-09-23,2021-02-22,0.9800416566713678,-0.01098901098901095,0.8056768558951966
SK하이닉스,2025-11-11,2026-04-08,2020-09-18,2021-02-17,0.9818861944266655,0.0923076923076922,0.6321393998063891
SK하이닉스,2025-11-11,2026-04-08,2020-09-21,2021-02-18,0.9833444007300878,0.09523809523809534,0.6321393998063891
SK하이닉스,2025-11-11,2026-04-08,2020-09-22,2021-02-19,0.9836295622249929,0.03759398496240607,0.6321393998063891
SK하이닉스,2025-11-11,2026-04-08,2020-09-23,2021-02-22,0.9819675984984808,-0.01098901098901095,0.6321393998063891
SK하이닉스,2025-11-11,2026-04-08,2020-09-24,2021-02-23,0.9807637974329748,-0.03610108303249093,0.6321393998063891
SK하이닉스,2025-11-12,2026-04-09,2020-09-21,2021-02-18,0.9823050505931965,0.09523809523809534,0.8837675350701404
SK하이닉스,2025-11-12,2026-04-09,2020-09-22,2021-02-19,0.9839208763100539,0.03759398496240607,0.8837675350701404
SK하이닉스,2025-11-12,2026-04-09,2020-09-23,2021-02-22,0.9844115506610458,-0.01098901098901095,0.8837675350701404
SK하이닉스,2025-11-12,2026-04-09,2020-09-24,2021-02-23,0.9826063139982656,-0.03610108303249093,0.8837675350701404
SK하이닉스,2025-11-12,2026-04-09,2020-09-25,2021-02-24,0.9814297871088906,-0.022058823529411797,0.8837675350701404
SK하이닉스,2025-11-13,2026-04-10,2020-09-22,2021-02-19,0.9828803833338624,0.03759398496240607,0.7867575462512171
SK하이닉스,2025-11-13,2026-04-10,2020-09-23,2021-02-22,0.9847172360570375,-0.01098901098901095,0.7867575462512171
SK하이닉스,2025-11-13,2026-04-10,2020-09-24,2021-02-23,0.9850399047923315,-0.03610108303249093,0.7867575462512171
SK하이닉스,2025-11-13,2026-04-10,2020-09-25,2021-02-24,0.9832148060052797,-0.022058823529411797,0.7867575462512171
SK하이닉스,2025-11-13,2026-04-10,2020-09-28,2021-02-25,0.9819105633900121,-0.09090909090909094,0.7867575462512171
SK하이닉스,2025-11-13,2026-04-10,2020-09-29,2021-02-26,0.9802810812921567,-0.06713780918727918,0.7867575462512171
SK하이닉스,2025-11-14,2026-04-13,2020-09-22,2021-02-19,0.9804901579278771,0.03759398496240607,0.8999999999999999
SK하이닉스,2025-11-14,2026-04-13,2020-09-23,2021-02-22,0.9836576098901993,-0.01098901098901095,0.8999999999999999
SK하이닉스,2025-11-14,2026-04-13,2020-09-24,2021-02-23,0.9853093376248501,-0.03610108303249093,0.8999999999999999
SK하이닉스,2025-11-14,2026-04-13,2020-09-25,2021-02-24,0.985542776918316,-0.022058823529411797,0.8999999999999999
SK하이닉스,2025-11-14,2026-04-13,2020-09-28,2021-02-25,0.983652120084717,-0.09090909090909094,0.8999999999999999
SK하이닉스,2025-11-14,2026-04-13,2020-09-29,2021-02-26,0.9826530908018081,-0.06713780918727918,0.8999999999999999
SK하이닉스,2025-11-14,2026-04-13,2020-10-05,2021-03-02,0.9809785167743126,-0.0692041522491349,0.8999999999999999
SK하이닉스,2025-11-17,2026-04-14,2020-09-23,2021-02-22,0.9809453245874131,-0.01098901098901095,0.7860380779691749
SK하이닉스,2025-11-17,2026-04-14,2020-09-24,2021-02-23,0.9840509815526922,-0.03610108303249093,0.7860380779691749
SK하이닉스,2025-11-17,2026-04-14,2020-09-25,2021-02-24,0.9854393888627544,-0.022058823529411797,0.7860380779691749
SK하이닉스,2025-11-17,2026-04-14,2020-09-28,2021-02-25,0.9860309372912981,-0.09090909090909094,0.7860380779691749
SK하이닉스,2025-11-17,2026-04-14,2020-09-29,2021-02-26,0.9840682653712941,-0.06713780918727918,0.7860380779691749
SK하이닉스,2025-11-17,2026-04-14,2020-10-05,2021-03-02,0.9831708334668541,-0.0692041522491349,0.7860380779691749
SK하이닉스,2025-11-17,2026-04-14,2020-10-06,2021-03-03,0.9815967479935573,-0.09863945578231292,0.7860380779691749
SK하이닉스,2025-11-17,2026-04-14,2020-10-07,2021-03-04,0.9802255169018026,-0.010563380281690127,0.7860380779691749
SK하이닉스,2025-11-18,2026-04-15,2020-09-24,2021-02-23,0.981430312917835,-0.03610108303249093,0.6012323943661972
SK하이닉스,2025-11-18,2026-04-15,2020-09-25,2021-02-24,0.9841309229625045,-0.022058823529411797,0.6012323943661972
SK하이닉스,2025-11-18,2026-04-15,2020-09-28,2021-02-25,0.9861259630373373,-0.09090909090909094,0.6012323943661972
SK하이닉스,2025-11-18,2026-04-15,2020-09-29,2021-02-26,0.9864282100676317,-0.06713780918727918,0.6012323943661972
SK하이닉스,2025-11-18,2026-04-15,2020-10-05,2021-03-02,0.9845816505477839,-0.0692041522491349,0.6012323943661972
SK하이닉스,2025-11-18,2026-04-15,2020-10-06,2021-03-03,0.9838186006073072,-0.09863945578231292,0.6012323943661972
SK하이닉스,2025-11-18,2026-04-15,2020-10-07,2021-03-04,0.981943561191429,-0.010563380281690127,0.6012323943661972
SK하이닉스,2025-11-18,2026-04-15,2020-10-08,2021-03-05,0.9803454734691683,0.0071428571428571175,0.6012323943661972
SK하이닉스,2025-11-19,2026-04-16,2020-09-25,2021-02-24,0.9814378403582831,-0.022058823529411797,0.5930735930735931
SK하이닉스,2025-11-19,2026-04-16,2020-09-28,2021-02-25,0.9847364046733831,-0.09090909090909094,0.5930735930735931
SK하이닉스,2025-11-19,2026-04-16,2020-09-29,2021-02-26,0.986325284397237,-0.06713780918727918,0.5930735930735931
SK하이닉스,2025-11-19,2026-04-16,2020-10-05,2021-03-02,0.9867257108670017,-0.0692041522491349,0.5930735930735931
SK하이닉스,2025-11-19,2026-04-16,2020-10-06,2021-03-03,0.9850275861072172,-0.09863945578231292,0.5930735930735931
SK하이닉스,2025-11-19,2026-04-16,2020-10-07,2021-03-04,0.9838991752863732,-0.010563380281690127,0.5930735930735931
SK하이닉스,2025-11-19,2026-04-16,2020-10-08,2021-03-05,0.9818103911005475,0.0071428571428571175,0.5930735930735931
SK하이닉스,2025-11-19,2026-04-16,2023-12-26,2024-05-24,0.9801516680124972,0.12286002014098685,0.5930735930735931
SK하이닉스,2025-11-19,2026-04-16,2023-12-28,2024-05-28,0.980174423084148,0.17037037037037028,0.5930735930735931
SK하이닉스,2025-11-20,2026-04-17,2020-09-28,2021-02-25,0.9820432880032539,-0.09090909090909094,0.5469858156028369
SK하이닉스,2025-11-20,2026-04-17,2020-09-29,2021-02-26,0.9851426505193303,-0.06713780918727918,0.5469858156028369
SK하이닉스,2025-11-20,2026-04-17,2020-10-05,2021-03-02,0.9867371480699992,-0.0692041522491349,0.5469858156028369
SK하이닉스,2025-11-20,2026-04-17,2020-10-06,2021-03-03,0.9871583646724226,-0.09863945578231292,0.5469858156028369
SK하이닉스,2025-11-20,2026-04-17,2020-10-07,2021-03-04,0.9853062691243192,-0.010563380281690127,0.5469858156028369
SK하이닉스,2025-11-20,2026-04-17,2020-10-08,2021-03-05,0.9840263115330528,0.0071428571428571175,0.5469858156028369
SK하이닉스,2025-11-20,2026-04-17,2020-10-12,2021-03-08,0.9815321113290146,0.05535055350553497,0.5469858156028369
SK하이닉스,2025-11-20,2026-04-17,2023-12-26,2024-05-24,0.9802265696610921,0.12286002014098685,0.5469858156028369
SK하이닉스,2025-11-20,2026-04-17,2023-12-27,2024-05-27,0.9808972674599944,0.11662531017369737,0.5469858156028369
SK하이닉스,2025-11-20,2026-04-17,2023-12-28,2024-05-28,0.9800149319325744,0.17037037037037028,0.5469858156028369
SK하이닉스,2025-11-20,2026-04-17,2024-01-02,2024-05-29,0.980931774933599,0.16790123456790118,0.5469858156028369
SK하이닉스,2025-11-21,2026-04-20,2020-09-28,2021-02-25,0.9802145036890129,-0.09090909090909094,0.4965694682675814
SK하이닉스,2025-11-21,2026-04-20,2020-09-29,2021-02-26,0.9824415845484282,-0.06713780918727918,0.4965694682675814
SK하이닉스,2025-11-21,2026-04-20,2020-10-05,2021-03-02,0.9855314664758897,-0.0692041522491349,0.4965694682675814
SK하이닉스,2025-11-21,2026-04-20,2020-10-06,2021-03-03,0.9871430754978796,-0.09863945578231292,0.4965694682675814
SK하이닉스,2025-11-21,2026-04-20,2020-10-07,2021-03-04,0.9872220352839641,-0.010563380281690127,0.4965694682675814
SK하이닉스,2025-11-21,2026-04-20,2020-10-08,2021-03-05,0.9851838338388723,0.0071428571428571175,0.4965694682675814
SK하이닉스,2025-11-21,2026-04-20,2020-10-12,2021-03-08,0.9833784749961307,0.05535055350553497,0.4965694682675814
SK하이닉스,2025-11-21,2026-04-20,2020-10-13,2021-03-09,0.9809820236399851,0.04761904761904767,0.4965694682675814
SK하이닉스,2025-11-21,2026-04-20,2023-12-27,2024-05-27,0.980988533640093,0.11662531017369737,0.4965694682675814
SK하이닉스,2025-11-21,2026-04-20,2023-12-28,2024-05-28,0.9816143392381594,0.17037037037037028,0.4965694682675814
SK하이닉스,2025-11-21,2026-04-20,2024-01-02,2024-05-29,0.9807639057519077,0.16790123456790118,0.4965694682675814
SK하이닉스,2025-11-21,2026-04-20,2024-01-03,2024-05-30,0.981296955299012,0.20848237097598354,0.4965694682675814
SK하이닉스,2025-11-24,2026-04-21,2020-09-29,2021-02-26,0.9803736848493374,-0.06713780918727918,0.5849673202614378
SK하이닉스,2025-11-24,2026-04-21,2020-10-05,2021-03-02,0.9827461653525675,-0.0692041522491349,0.5849673202614378
SK하이닉스,2025-11-24,2026-04-21,2020-10-06,2021-03-03,0.9858125161316554,-0.09863945578231292,0.5849673202614378
SK하이닉스,2025-11-24,2026-04-21,2020-10-07,2021-03-04,0.9868227277313144,-0.010563380281690127,0.5849673202614378
SK하이닉스,2025-11-24,2026-04-21,2020-10-08,2021-03-05,0.986576064712265,0.0071428571428571175,0.5849673202614378
SK하이닉스,2025-11-24,2026-04-21,2020-10-12,2021-03-08,0.9838499381612507,0.05535055350553497,0.5849673202614378
SK하이닉스,2025-11-24,2026-04-21,2020-10-13,2021-03-09,0.9822368259514854,0.04761904761904767,0.5849673202614378
SK하이닉스,2025-11-24,2026-04-21,2023-12-27,2024-05-27,0.9805056573308479,0.11662531017369737,0.5849673202614378
SK하이닉스,2025-11-24,2026-04-21,2023-12-28,2024-05-28,0.981887087829424,0.17037037037037028,0.5849673202614378
SK하이닉스,2025-11-24,2026-04-21,2024-01-02,2024-05-29,0.9824844937389141,0.16790123456790118,0.5849673202614378
SK하이닉스,2025-11-24,2026-04-21,2024-01-03,2024-05-30,0.9810800607784265,0.20848237097598354,0.5849673202614378
SK하이닉스,2025-11-24,2026-04-21,2024-01-04,2024-05-31,0.9803673558379263,0.2447145877378436,0.5849673202614378
SK하이닉스,2025-11-25,2026-04-22,2020-10-05,2021-03-02,0.9808520598853072,-0.0692041522491349,0.5870809484873263
SK하이닉스,2025-11-25,2026-04-22,2020-10-06,2021-03-03,0.9832129941082258,-0.09863945578231292,0.5870809484873263
SK하이닉스,2025-11-25,2026-04-22,2020-10-07,2021-03-04,0.985693058579545,-0.010563380281690127,0.5870809484873263
SK하이닉스,2025-11-25,2026-04-22,2020-10-08,2021-03-05,0.9863787945592146,0.0071428571428571175,0.5870809484873263
SK하이닉스,2025-11-25,2026-04-22,2020-10-12,2021-03-08,0.9854460244215771,0.05535055350553497,0.5870809484873263
SK하이닉스,2025-11-25,2026-04-22,2020-10-13,2021-03-09,0.9829354419606827,0.04761904761904767,0.5870809484873263
SK하이닉스,2025-11-25,2026-04-22,2020-10-14,2021-03-10,0.9808522603612173,0.07894736842105265,0.5870809484873263
SK하이닉스,2025-11-25,2026-04-22,2023-12-28,2024-05-28,0.9814696354158701,0.17037037037037028,0.5870809484873263
SK하이닉스,2025-11-25,2026-04-22,2024-01-02,2024-05-29,0.9828103500114092,0.16790123456790118,0.5870809484873263
SK하이닉스,2025-11-25,2026-04-22,2024-01-03,2024-05-30,0.9828954697937964,0.20848237097598354,0.5870809484873263
SK하이닉스,2025-11-25,2026-04-22,2024-01-04,2024-05-31,0.9803854282527321,0.2447145877378436,0.5870809484873263
SK하이닉스,2025-11-25,2026-04-22,2024-01-05,2024-06-03,0.980216336355118,0.19464469618949543,0.5870809484873263
SK하이닉스,2025-11-26,2026-04-23,2020-10-06,2021-03-03,0.9813294735391416,-0.09863945578231292,0.6751020408163266
SK하이닉스,2025-11-26,2026-04-23,2020-10-07,2021-03-04,0.9831405990215294,-0.010563380281690127,0.6751020408163266
SK하이닉스,2025-11-26,2026-04-23,2020-10-08,2021-03-05,0.9852383273834255,0.0071428571428571175,0.6751020408163266
SK하이닉스,2025-11-26,2026-04-23,2020-10-12,2021-03-08,0.9851863282616644,0.05535055350553497,0.6751020408163266
SK하이닉스,2025-11-26,2026-04-23,2020-10-13,2021-03-09,0.9843470349669822,0.04761904761904767,0.6751020408163266
SK하이닉스,2025-11-26,2026-04-23,2020-10-14,2021-03-10,0.9813424872294833,0.07894736842105265,0.6751020408163266
SK하이닉스,2025-11-26,2026-04-23,2024-01-02,2024-05-29,0.9823664124932612,0.16790123456790118,0.6751020408163266
SK하이닉스,2025-11-26,2026-04-23,2024-01-03,2024-05-30,0.9832142037672091,0.20848237097598354,0.6751020408163266
SK하이닉스,2025-11-26,2026-04-23,2024-01-04,2024-05-31,0.9821361962834598,0.2447145877378436,0.6751020408163266
SK하이닉스,2025-11-26,2026-04-23,2024-01-05,2024-06-03,0.9801091587102793,0.19464469618949543,0.6751020408163266
SK하이닉스,2025-11-27,2026-04-24,2020-10-07,2021-03-04,0.9813490933050475,-0.010563380281690127,0.8355155482815058
SK하이닉스,2025-11-27,2026-04-24,2020-10-08,2021-03-05,0.9828085646437265,0.0071428571428571175,0.8355155482815058
SK하이닉스,2025-11-27,2026-04-24,2020-10-12,2021-03-08,0.9841787738806695,0.05535055350553497,0.8355155482815058
SK하이닉스,2025-11-27,2026-04-24,2020-10-13,2021-03-09,0.9841899353643593,0.04761904761904767,0.8355155482815058
SK하이닉스,2025-11-27,2026-04-24,2020-10-14,2021-03-10,0.9828526619594088,0.07894736842105265,0.8355155482815058
SK하이닉스,2025-11-27,2026-04-24,2020-10-15,2021-03-11,0.9802355112319787,0.051094890510948954,0.8355155482815058
SK하이닉스,2025-11-27,2026-04-24,2024-01-02,2024-05-29,0.9805052626879718,0.16790123456790118,0.8355155482815058
SK하이닉스,2025-11-27,2026-04-24,2024-01-03,2024-05-30,0.9828393491412195,0.20848237097598354,0.8355155482815058
SK하이닉스,2025-11-27,2026-04-24,2024-01-04,2024-05-31,0.98256458165319,0.2447145877378436,0.8355155482815058
SK하이닉스,2025-11-27,2026-04-24,2024-01-05,2024-06-03,0.9818887729340066,0.19464469618949543,0.8355155482815058
SK하이닉스,2025-11-28,2026-04-27,2020-10-08,2021-03-05,0.9806457658538998,0.0071428571428571175,0.771671826625387
SK하이닉스,2025-11-28,2026-04-27,2020-10-12,2021-03-08,0.9812357227479356,0.05535055350553497,0.771671826625387
SK하이닉스,2025-11-28,2026-04-27,2020-10-13,2021-03-09,0.982682819131321,0.04761904761904767,0.771671826625387
SK하이닉스,2025-11-28,2026-04-27,2020-10-14,2021-03-10,0.9820595750754022,0.07894736842105265,0.771671826625387
SK하이닉스,2025-11-28,2026-04-27,2020-10-15,2021-03-11,0.9813245236871606,0.051094890510948954,0.771671826625387
SK하이닉스,2025-11-28,2026-04-27,2024-01-03,2024-05-30,0.9805609339533901,0.20848237097598354,0.771671826625387
SK하이닉스,2025-11-28,2026-04-27,2024-01-04,2024-05-31,0.9815466657651178,0.2447145877378436,0.771671826625387
SK하이닉스,2025-11-28,2026-04-27,2024-01-05,2024-06-03,0.9819035734636588,0.19464469618949543,0.771671826625387
SK하이닉스,2025-11-28,2026-04-27,2024-01-08,2024-06-04,0.9810482007889424,0.22090015519917228,0.771671826625387
SK하이닉스,2025-12-01,2026-04-28,2020-10-13,2021-03-09,0.9800222141626487,0.04761904761904767,0.7946153846153847
SK하이닉스,2025-12-01,2026-04-28,2020-10-14,2021-03-10,0.980836680267145,0.07894736842105265,0.7946153846153847
SK하이닉스,2025-12-01,2026-04-28,2020-10-15,2021-03-11,0.9807573626763728,0.051094890510948954,0.7946153846153847
SK하이닉스,2025-12-01,2026-04-28,2020-10-16,2021-03-12,0.9804389007564291,0.0,0.7946153846153847
SK하이닉스,2025-12-01,2026-04-28,2024-01-05,2024-06-03,0.9810720286376761,0.19464469618949543,0.7946153846153847
SK하이닉스,2025-12-01,2026-04-28,2024-01-08,2024-06-04,0.9812338903186419,0.22090015519917228,0.7946153846153847
SK하이닉스,2025-12-01,2026-04-28,2024-01-09,2024-06-05,0.9803079457555273,0.18740320082601958,0.7946153846153847
SK하이닉스,2025-12-01,2026-04-28,2024-01-11,2024-06-10,0.9802172698190075,0.12259615384615374,0.7946153846153847
SK하이닉스,2025-12-02,2026-04-29,2020-10-16,2021-03-12,0.9801610383675176,0.0,0.8275328692962103
SK하이닉스,2025-12-02,2026-04-29,2024-01-08,2024-06-04,0.980677265517135,0.22090015519917228,0.8275328692962103
SK하이닉스,2025-12-02,2026-04-29,2024-01-09,2024-06-05,0.980748376797038,0.18740320082601958,0.8275328692962103
SK하이닉스,2025-12-02,2026-04-29,2024-01-10,2024-06-07,0.9809772499805315,0.13734939759036147,0.8275328692962103
SK하이닉스,2025-12-02,2026-04-29,2024-01-11,2024-06-10,0.9800900475373511,0.12259615384615374,0.8275328692962103
SK하이닉스,2025-12-02,2026-04-29,2024-01-12,2024-06-11,0.9809428975468745,0.12235294117647055,0.8275328692962103
SK하이닉스,2025-12-03,2026-04-30,2024-01-09,2024-06-05,0.9804028388919938,0.18740320082601958,0.8351477449455678
SK하이닉스,2025-12-03,2026-04-30,2024-01-10,2024-06-07,0.9814037596999732,0.13734939759036147,0.8351477449455678
SK하이닉스,2025-12-03,2026-04-30,2024-01-11,2024-06-10,0.9815656394249541,0.12259615384615374,0.8351477449455678
SK하이닉스,2025-12-03,2026-04-30,2024-01-12,2024-06-11,0.9808102191608554,0.12235294117647055,0.8351477449455678
SK하이닉스,2025-12-03,2026-04-30,2024-01-15,2024-06-12,0.9816410849346326,0.1116279069767443,0.8351477449455678
SK하이닉스,2025-12-03,2026-04-30,2024-01-16,2024-06-13,0.9803700032464997,0.0855855855855856,0.8351477449455678
SK하이닉스,2025-12-04,2026-05-04,2024-01-10,2024-06-07,0.9801984676006564,0.13734939759036147,0.5881133379405667
SK하이닉스,2025-12-04,2026-05-04,2024-01-11,2024-06-10,0.9810150310628172,0.12259615384615374,0.5881133379405667
SK하이닉스,2025-12-04,2026-05-04,2024-01-12,2024-06-11,0.9815391679664219,0.12235294117647055,0.5881133379405667
SK하이닉스,2025-12-04,2026-05-04,2024-01-15,2024-06-12,0.9808998144416925,0.1116279069767443,0.5881133379405667
SK하이닉스,2025-12-04,2026-05-04,2024-01-16,2024-06-13,0.9821279626616879,0.0855855855855856,0.5881133379405667
SK하이닉스,2025-12-04,2026-05-04,2024-01-17,2024-06-14,0.9807077435312032,0.05429864253393668,0.5881133379405667
SK하이닉스,2025-12-04,2026-05-04,2024-01-18,2024-06-17,0.980301506482399,0.03139013452914807,0.5881133379405667
SK하이닉스,2025-12-04,2026-05-04,2024-01-19,2024-06-18,0.9803731972921463,-0.006396588486140775,0.5881133379405667
SK하이닉스,2025-12-04,2026-05-04,2024-01-22,2024-06-19,0.9808891303320721,-0.05567451820128477,0.5881133379405667
SK하이닉스,2025-12-04,2026-05-04,2024-01-23,2024-06-20,0.9807169922632648,-0.10526315789473684,0.5881133379405667
SK하이닉스,2025-12-04,2026-05-04,2024-01-24,2024-06-21,0.9804519705714311,-0.10470085470085466,0.5881133379405667
SK하이닉스,2025-12-05,2026-05-06,2024-01-15,2024-06-12,0.9800970165514998,0.1116279069767443,0.2929419113054341
SK하이닉스,2025-12-05,2026-05-06,2024-01-16,2024-06-13,0.9802843486564438,0.0855855855855856,0.2929419113054341
SK하이닉스,2025-12-05,2026-05-06,2024-01-17,2024-06-14,0.9810400809326874,0.05429864253393668,0.2929419113054341
SK하이닉스,2025-12-05,2026-05-06,2024-01-19,2024-06-18,0.9806050688268212,-0.006396588486140775,0.2929419113054341
SK하이닉스,2025-12-05,2026-05-06,2024-01-22,2024-06-19,0.9804322713887568,-0.05567451820128477,0.2929419113054341
SK하이닉스,2025-12-05,2026-05-06,2024-01-23,2024-06-20,0.9811250641075422,-0.10526315789473684,0.2929419113054341
SK하이닉스,2025-12-05,2026-05-06,2024-01-24,2024-06-21,0.9802618519719491,-0.10470085470085466,0.2929419113054341
SK하이닉스,2025-12-08,2026-05-07,2024-01-18,2024-06-17,0.9800189959603822,0.03139013452914807,0.15538089480048378
SK하이닉스,2025-12-08,2026-05-07,2024-01-22,2024-06-19,0.9804898572831205,-0.05567451820128477,0.15538089480048378
SK하이닉스,2025-12-08,2026-05-07,2024-01-23,2024-06-20,0.9805434011025606,-0.10526315789473684,0.15538089480048378
SK하이닉스,2025-12-08,2026-05-07,2024-01-24,2024-06-21,0.980457887345396,-0.10470085470085466,0.15538089480048378
SK하이닉스,2025-12-09,2026-05-08,2024-01-19,2024-06-18,0.980266176556148,-0.006396588486140775,0.3137603795966786
SK하이닉스,2025-12-09,2026-05-08,2024-01-23,2024-06-20,0.9805720157027301,-0.10526315789473684,0.3137603795966786
SK하이닉스,2025-12-18,2026-05-19,2025-05-27,2025-10-23,0.9806397710941104,0.19331243469174497,0.5386819484240688
SK하이닉스,2025-12-23,2026-05-22,2020-07-27,2020-12-18,0.9814740426500147,0.10126582278481022,0.3163317877382792
SK하이닉스,2025-12-23,2026-05-22,2025-05-30,2025-10-28,0.9806748202672115,-0.0038387715930902067,0.3163317877382792
SK하이닉스,2025-12-24,2026-05-26,2020-07-27,2020-12-18,0.9815068662954487,0.10126582278481022,0.2573099415204678
SK하이닉스,2025-12-24,2026-05-26,2020-07-28,2020-12-21,0.9828380915903462,0.13362068965517238,0.2573099415204678
SK하이닉스,2025-12-24,2026-05-26,2020-07-29,2020-12-22,0.9800765558428546,0.14222222222222225,0.2573099415204678
SK하이닉스,2025-12-24,2026-05-26,2025-05-30,2025-10-28,0.9807618258847401,-0.0038387715930902067,0.2573099415204678
SK하이닉스,2025-12-24,2026-05-26,2025-06-02,2025-10-29,0.9812716946730831,-0.06093189964157708,0.2573099415204678
SK하이닉스,2025-12-26,2026-05-27,2020-07-27,2020-12-18,0.9800661388193763,0.10126582278481022,0.3004904146232723
SK하이닉스,2025-12-26,2026-05-27,2020-07-28,2020-12-21,0.981417702943569,0.13362068965517238,0.3004904146232723
SK하이닉스,2025-12-26,2026-05-27,2020-07-29,2020-12-22,0.9811153395460812,0.14222222222222225,0.3004904146232723
SK하이닉스,2025-12-26,2026-05-27,2025-06-02,2025-10-29,0.9816469473901448,-0.06093189964157708,0.3004904146232723
SK하이닉스,2025-12-26,2026-05-27,2025-06-04,2025-10-30,0.9805449546151671,-0.04225352112676062,0.3004904146232723
SK하이닉스,2025-12-29,2026-05-28,2025-06-04,2025-10-30,0.9810633881892967,-0.04225352112676062,0.16775884665792917
SK하이닉스,2025-12-29,2026-05-28,2025-06-05,2025-10-31,0.9804407872728607,-0.051878354203935606,0.16775884665792917
SK하이닉스,2025-12-30,2026-05-29,2025-06-05,2025-10-31,0.981314105660835,-0.051878354203935606,0.1264466352336049
SK하이닉스,2025-12-30,2026-05-29,2025-06-09,2025-11-03,0.9803761248816638,-0.13225806451612898,0.1264466352336049
SK하이닉스,2026-01-02,2026-06-01,2025-06-05,2025-10-31,0.9800687259630957,-0.051878354203935606,0.12145577655522644
SK하이닉스,2026-01-02,2026-06-01,2025-06-09,2025-11-03,0.9813126207015141,-0.13225806451612898,0.12145577655522644
SK하이닉스,2026-01-02,2026-06-01,2025-06-10,2025-11-04,0.9818624908053679,-0.04778156996587035,0.12145577655522644
SK하이닉스,2026-01-05,2026-06-02,2025-06-10,2025-11-04,0.9822628583197662,-0.04778156996587035,0.0847457627118644
SK하이닉스,2026-01-05,2026-06-02,2025-06-11,2025-11-05,0.9821125449761715,-0.04663212435233166,0.0847457627118644
SK하이닉스,2026-01-05,2026-06-02,2025-06-12,2025-11-06,0.9806607542254053,-0.08600337268128166,0.0847457627118644
SK하이닉스,2026-01-06,2026-06-04,2025-06-11,2025-11-05,0.9823649259653273,-0.04663212435233166,-0.04830287206266315
SK하이닉스,2026-01-06,2026-06-04,2025-06-12,2025-11-06,0.9831028278630152,-0.08600337268128166,-0.04830287206266315
SK하이닉스,2026-01-06,2026-06-04,2025-06-13,2025-11-07,0.9815231610774942,-0.06206896551724139,-0.04830287206266315
SK하이닉스,2026-01-07,2026-06-05,2025-06-12,2025-11-06,0.981779965443353,-0.08600337268128166,0.1714975845410629
SK하이닉스,2026-01-07,2026-06-05,2025-06-13,2025-11-07,0.983133783405761,-0.06206896551724139,0.1714975845410629
SK하이닉스,2026-01-08,2026-06-08,2025-06-13,2025-11-07,0.9806558750844598,-0.06206896551724139,0.22605965463108313
SK하이닉스,2026-01-09,2026-06-09,2025-06-17,2025-11-11,0.9801200983907238,-0.08562197092084012,-0.006320541760722387
SK하이닉스,2026-01-14,2026-06-12,2025-06-20,2025-11-14,0.9805506839115458,0.019642857142857073,0.013953488372093092
SK하이닉스,2026-01-14,2026-06-12,2025-06-23,2025-11-17,0.9803527175129656,-0.08580858085808585,0.013953488372093092
SK하이닉스,2026-01-14,2026-06-12,2025-06-24,2025-11-18,0.9807793669868059,-0.07017543859649122,0.013953488372093092
SK하이닉스,2026-01-14,2026-06-12,2025-06-25,2025-11-19,0.9801897960777779,-0.019572953736654797,0.013953488372093092
SK하이닉스,2026-01-14,2026-06-12,2025-06-26,2025-11-20,0.9808794119014893,-0.03327495621716292,0.013953488372093092
SK하이닉스,2026-01-15,2026-06-15,2025-06-23,2025-11-17,0.9814904994374236,-0.08580858085808585,-0.19361888111888115
SK하이닉스,2026-01-15,2026-06-15,2025-06-24,2025-11-18,0.9810569165095886,-0.07017543859649122,-0.19361888111888115
SK하이닉스,2026-01-15,2026-06-15,2025-06-25,2025-11-19,0.9813849532096225,-0.019572953736654797,-0.19361888111888115
SK하이닉스,2026-01-15,2026-06-15,2025-06-26,2025-11-20,0.9809598373092716,-0.03327495621716292,-0.19361888111888115
SK하이닉스,2026-01-15,2026-06-15,2025-06-27,2025-11-21,0.9802736893801663,0.0499040307101728,-0.19361888111888115
SK하이닉스,2026-01-16,2026-06-16,2025-06-23,2025-11-17,0.9802215030221982,-0.08580858085808585,-0.19689336691855586
SK하이닉스,2026-01-16,2026-06-16,2025-06-24,2025-11-18,0.9819993872472728,-0.07017543859649122,-0.19689336691855586
SK하이닉스,2026-01-16,2026-06-16,2025-06-25,2025-11-19,0.9814311001959216,-0.019572953736654797,-0.19689336691855586
SK하이닉스,2026-01-16,2026-06-16,2025-06-26,2025-11-20,0.9818945167598911,-0.03327495621716292,-0.19689336691855586
SK하이닉스,2026-01-19,2026-06-17,2025-06-24,2025-11-18,0.9804337528599835,-0.07017543859649122,-0.17413724712415712
SK하이닉스,2026-01-19,2026-06-17,2025-06-25,2025-11-19,0.9818581874642738,-0.019572953736654797,-0.17413724712415712
SK하이닉스,2026-01-19,2026-06-17,2025-06-26,2025-11-20,0.9814845679131048,-0.03327495621716292,-0.17413724712415712
SK하이닉스,2026-01-20,2026-06-18,2025-06-26,2025-11-20,0.9812006891255454,-0.03327495621716292,-0.3139664804469273
SK하이닉스,2026-01-21,2026-06-19,2020-08-18,2021-01-13,0.9800691166001966,-0.052631578947368474,-0.361794500723589
SK하이닉스,2026-01-22,2026-06-22,2020-08-13,2021-01-11,0.9805613282946399,-0.06015037593984962,-0.37101747173689614
SK하이닉스,2026-01-23,2026-06-23,2020-08-13,2021-01-11,0.9811493868012111,-0.06015037593984962,-0.28375733855185914
SK하이닉스,2026-01-23,2026-06-23,2020-08-14,2021-01-12,0.981749994593336,-0.027131782945736482,-0.28375733855185914
SK하이닉스,2026-01-23,2026-06-23,2020-08-18,2021-01-13,0.9804651543172616,-0.052631578947368474,-0.28375733855185914
SK하이닉스,2026-01-23,2026-06-23,2020-08-19,2021-01-14,0.9805162034095595,0.011494252873563315,-0.28375733855185914
SK하이닉스,2026-01-23,2026-06-23,2020-08-21,2021-01-18,0.9802256205663379,0.0,-0.28375733855185914
SK하이닉스,2026-01-26,2026-06-24,2020-08-13,2021-01-11,0.9800464729249381,-0.06015037593984962,-0.25620155038759695
SK하이닉스,2026-01-26,2026-06-24,2020-08-14,2021-01-12,0.9822880604450066,-0.027131782945736482,-0.25620155038759695
SK하이닉스,2026-01-26,2026-06-24,2020-08-18,2021-01-13,0.9828796813924761,-0.052631578947368474,-0.25620155038759695
SK하이닉스,2026-01-26,2026-06-24,2020-08-19,2021-01-14,0.9813581759199446,0.011494252873563315,-0.25620155038759695
SK하이닉스,2026-01-26,2026-06-24,2020-08-20,2021-01-15,0.980961757028024,0.03921568627450989,-0.25620155038759695
SK하이닉스,2026-01-26,2026-06-24,2020-08-21,2021-01-18,0.9831571390839571,0.0,-0.25620155038759695
SK하이닉스,2026-01-26,2026-06-24,2020-08-24,2021-01-19,0.9811381330305995,-0.03448275862068961,-0.25620155038759695
SK하이닉스,2026-01-29,2026-06-29,2020-08-21,2021-01-18,0.9825086042143996,0.0,-0.41019786910197864
SK하이닉스,2026-01-29,2026-06-29,2020-08-24,2021-01-19,0.9808829436092765,-0.03448275862068961,-0.41019786910197864
SK하이닉스,2026-01-29,2026-06-29,2020-08-25,2021-01-20,0.9806281081013446,0.019157088122605304,-0.41019786910197864
SK하이닉스,2026-01-30,2026-06-30,2020-08-21,2021-01-18,0.9836976203589609,0.0,-0.4713207547169811
SK하이닉스,2026-01-30,2026-06-30,2020-08-24,2021-01-19,0.9839173589236657,-0.03448275862068961,-0.4713207547169811
SK하이닉스,2026-01-30,2026-06-30,2020-08-25,2021-01-20,0.981546097502217,0.019157088122605304,-0.4713207547169811
SK하이닉스,2026-01-30,2026-06-30,2020-08-26,2021-01-21,0.981288724813359,0.03802281368821303,-0.4713207547169811
SK하이닉스,2026-01-30,2026-06-30,2020-08-27,2021-01-22,0.9802388746351424,0.0778210116731517,-0.4713207547169811
SK하이닉스,2026-02-02,2026-07-01,2020-08-21,2021-01-18,0.9824271437588084,0.0,-0.48359375000000004
SK하이닉스,2026-02-02,2026-07-01,2020-08-24,2021-01-19,0.9850266360768956,-0.03448275862068961,-0.48359375000000004
SK하이닉스,2026-02-02,2026-07-01,2020-08-25,2021-01-20,0.9845430897752043,0.019157088122605304,-0.48359375000000004
SK하이닉스,2026-02-02,2026-07-01,2020-08-26,2021-01-21,0.9822206174143953,0.03802281368821303,-0.48359375000000004
SK하이닉스,2026-02-02,2026-07-01,2020-08-27,2021-01-22,0.9818355367933227,0.0778210116731517,-0.48359375000000004
SK하이닉스,2026-02-02,2026-07-01,2020-08-28,2021-01-25,0.9809547498657283,0.007407407407407307,-0.48359375000000004
SK하이닉스,2026-02-03,2026-07-02,2020-08-21,2021-01-18,0.9815308488421481,0.0,-0.21444901691815277
SK하이닉스,2026-02-03,2026-07-02,2020-08-24,2021-01-19,0.982404700798363,-0.03448275862068961,-0.21444901691815277
SK하이닉스,2026-02-03,2026-07-02,2020-08-25,2021-01-20,0.9845329903041832,0.019157088122605304,-0.21444901691815277
SK하이닉스,2026-02-03,2026-07-02,2020-08-26,2021-01-21,0.9840742790028059,0.03802281368821303,-0.21444901691815277
SK하이닉스,2026-02-03,2026-07-02,2020-08-27,2021-01-22,0.9822956225329937,0.0778210116731517,-0.21444901691815277
SK하이닉스,2026-02-03,2026-07-02,2020-08-28,2021-01-25,0.981285985519188,0.007407407407407307,-0.21444901691815277
SK하이닉스,2026-02-03,2026-07-02,2020-08-31,2021-01-26,0.9811431556636734,0.15116279069767447,-0.21444901691815277
SK하이닉스,2026-02-04,2026-07-03,2020-08-21,2021-01-18,0.9821875575837692,0.0,-0.35381443298969073
SK하이닉스,2026-02-04,2026-07-03,2020-08-24,2021-01-19,0.9823324087530652,-0.03448275862068961,-0.35381443298969073
SK하이닉스,2026-02-04,2026-07-03,2020-08-25,2021-01-20,0.9828227880848217,0.019157088122605304,-0.35381443298969073
SK하이닉스,2026-02-04,2026-07-03,2020-08-26,2021-01-21,0.9848495941653332,0.03802281368821303,-0.35381443298969073
SK하이닉스,2026-02-04,2026-07-03,2020-08-27,2021-01-22,0.984533627728343,0.0778210116731517,-0.35381443298969073
SK하이닉스,2026-02-04,2026-07-03,2020-08-28,2021-01-25,0.9825858782264218,0.007407407407407307,-0.35381443298969073
SK하이닉스,2026-02-04,2026-07-03,2020-08-31,2021-01-26,0.9818353922380237,0.15116279069767447,-0.35381443298969073
SK하이닉스,2026-02-04,2026-07-03,2020-09-01,2021-01-27,0.9818670865424697,0.10116731517509736,-0.35381443298969073
SK하이닉스,2026-02-05,2026-07-06,2020-08-21,2021-01-18,0.9804953854907685,0.0,-0.32693128467776356
SK하이닉스,2026-02-05,2026-07-06,2020-08-24,2021-01-19,0.9825106326092483,-0.03448275862068961,-0.32693128467776356
SK하이닉스,2026-02-05,2026-07-06,2020-08-25,2021-01-20,0.982439177914181,0.019157088122605304,-0.32693128467776356
SK하이닉스,2026-02-05,2026-07-06,2020-08-26,2021-01-21,0.9828876569926764,0.03802281368821303,-0.32693128467776356
SK하이닉스,2026-02-05,2026-07-06,2020-08-27,2021-01-22,0.9851299725362984,0.0778210116731517,-0.32693128467776356
SK하이닉스,2026-02-05,2026-07-06,2020-08-28,2021-01-25,0.9843970952408014,0.007407407407407307,-0.32693128467776356
SK하이닉스,2026-02-05,2026-07-06,2020-08-31,2021-01-26,0.982982677467127,0.15116279069767447,-0.32693128467776356
SK하이닉스,2026-02-05,2026-07-06,2020-09-01,2021-01-27,0.9824445215577378,0.10116731517509736,-0.32693128467776356
SK하이닉스,2026-02-05,2026-07-06,2020-09-02,2021-01-28,0.9826640432686549,0.17479674796747968,-0.32693128467776356
SK하이닉스,2026-02-05,2026-07-06,2020-09-03,2021-01-29,0.9812906830111015,0.19999999999999996,-0.32693128467776356
SK하이닉스,2026-02-06,2026-07-07,2020-08-25,2021-01-20,0.9818958192320006,0.019157088122605304,-0.24216265333939113
SK하이닉스,2026-02-06,2026-07-07,2020-08-26,2021-01-21,0.9818317662252974,0.03802281368821303,-0.24216265333939113
SK하이닉스,2026-02-06,2026-07-07,2020-08-27,2021-01-22,0.982793091367358,0.0778210116731517,-0.24216265333939113
SK하이닉스,2026-02-06,2026-07-07,2020-08-28,2021-01-25,0.9842564053191661,0.007407407407407307,-0.24216265333939113
SK하이닉스,2026-02-06,2026-07-07,2020-08-31,2021-01-26,0.9843681510861324,0.15116279069767447,-0.24216265333939113
SK하이닉스,2026-02-06,2026-07-07,2020-09-01,2021-01-27,0.9831785517488406,0.10116731517509736,-0.24216265333939113
SK하이닉스,2026-02-06,2026-07-07,2020-09-02,2021-01-28,0.98312316919805,0.17479674796747968,-0.24216265333939113
SK하이닉스,2026-02-06,2026-07-07,2020-09-03,2021-01-29,0.9841313822493862,0.19999999999999996,-0.24216265333939113
SK하이닉스,2026-02-06,2026-07-07,2020-09-04,2021-02-01,0.9816590145169287,0.1359999999999999,-0.24216265333939113
SK하이닉스,2026-02-09,2026-07-08,2020-08-26,2021-01-21,0.9805063857539104,0.03802281368821303,-0.27986512524084783
SK하이닉스,2026-02-09,2026-07-08,2020-08-27,2021-01-22,0.9811546270560891,0.0778210116731517,-0.27986512524084783
SK하이닉스,2026-02-09,2026-07-08,2020-08-28,2021-01-25,0.9811252327843644,0.007407407407407307,-0.27986512524084783
SK하이닉스,2026-02-09,2026-07-08,2020-08-31,2021-01-26,0.983687136521556,0.15116279069767447,-0.27986512524084783
SK하이닉스,2026-02-09,2026-07-08,2020-09-01,2021-01-27,0.9840234141209845,0.10116731517509736,-0.27986512524084783
SK하이닉스,2026-02-09,2026-07-08,2020-09-02,2021-01-28,0.9835658035243007,0.17479674796747968,-0.27986512524084783
SK하이닉스,2026-02-09,2026-07-08,2020-09-03,2021-01-29,0.9841876744619176,0.19999999999999996,-0.27986512524084783
SK하이닉스,2026-02-09,2026-07-08,2020-09-04,2021-02-01,0.9841687601595354,0.1359999999999999,-0.27986512524084783
SK하이닉스,2026-02-09,2026-07-08,2020-09-07,2021-02-02,0.9813647715180736,0.07692307692307687,-0.27986512524084783
SK하이닉스,2026-02-10,2026-07-09,2020-08-27,2021-01-22,0.9802830311226058,0.0778210116731517,-0.3494967978042086
SK하이닉스,2026-02-10,2026-07-09,2020-08-28,2021-01-25,0.9801287037608183,0.007407407407407307,-0.3494967978042086
SK하이닉스,2026-02-10,2026-07-09,2020-08-31,2021-01-26,0.9810233125099316,0.15116279069767447,-0.3494967978042086
SK하이닉스,2026-02-10,2026-07-09,2020-09-01,2021-01-27,0.9837306436627269,0.10116731517509736,-0.3494967978042086
SK하이닉스,2026-02-10,2026-07-09,2020-09-02,2021-01-28,0.9845466078489253,0.17479674796747968,-0.3494967978042086
SK하이닉스,2026-02-10,2026-07-09,2020-09-03,2021-01-29,0.9846034041787176,0.19999999999999996,-0.3494967978042086
SK하이닉스,2026-02-10,2026-07-09,2020-09-04,2021-02-01,0.9844290599545379,0.1359999999999999,-0.3494967978042086
SK하이닉스,2026-02-10,2026-07-09,2020-09-07,2021-02-02,0.984159901473494,0.07692307692307687,-0.3494967978042086
SK하이닉스,2026-02-10,2026-07-09,2020-09-08,2021-02-03,0.9814784417447324,0.04230769230769238,-0.3494967978042086
SK하이닉스,2026-02-11,2026-07-10,2020-09-01,2021-01-27,0.9810322979634101,0.10116731517509736,-0.3486238532110092
SK하이닉스,2026-02-11,2026-07-10,2020-09-02,2021-01-28,0.9841669109407479,0.17479674796747968,-0.3486238532110092
SK하이닉스,2026-02-11,2026-07-10,2020-09-03,2021-01-29,0.9853534587570062,0.19999999999999996,-0.3486238532110092
SK하이닉스,2026-02-11,2026-07-10,2020-09-04,2021-02-01,0.9848017416266528,0.1359999999999999,-0.3486238532110092
SK하이닉스,2026-02-11,2026-07-10,2020-09-07,2021-02-02,0.9843532695275554,0.07692307692307687,-0.3486238532110092
SK하이닉스,2026-02-11,2026-07-10,2020-09-08,2021-02-03,0.9841510391666092,0.04230769230769238,-0.3486238532110092
SK하이닉스,2026-02-11,2026-07-10,2020-09-09,2021-02-04,0.981804729977918,0.09200000000000008,-0.3486238532110092
SK하이닉스,2026-02-12,2026-07-13,2020-09-02,2021-01-28,0.9803436836261898,0.17479674796747968,-0.22764227642276424
SK하이닉스,2026-02-12,2026-07-13,2020-09-03,2021-01-29,0.9837603181634795,0.19999999999999996,-0.22764227642276424
SK하이닉스,2026-02-12,2026-07-13,2020-09-04,2021-02-01,0.9843365596162634,0.1359999999999999,-0.22764227642276424
SK하이닉스,2026-02-12,2026-07-13,2020-09-07,2021-02-02,0.98304665954415,0.07692307692307687,-0.22764227642276424
SK하이닉스,2026-02-12,2026-07-13,2020-09-08,2021-02-03,0.982745018070019,0.04230769230769238,-0.22764227642276424
SK하이닉스,2026-02-12,2026-07-13,2020-09-09,2021-02-04,0.9834247584311322,0.09200000000000008,-0.22764227642276424
SK하이닉스,2026-02-12,2026-07-13,2020-09-10,2021-02-05,0.9808552473277907,0.04313725490196085,-0.22764227642276424
SK하이닉스,2026-02-12,2026-07-13,2020-09-11,2021-02-08,0.9805476066109557,0.09600000000000009,-0.22764227642276424
SK하이닉스,2026-02-13,2026-07-14,2020-09-04,2021-02-01,0.9830716368447942,0.1359999999999999,-0.21380031364349195
SK하이닉스,2026-02-13,2026-07-14,2020-09-07,2021-02-02,0.9829751279390768,0.07692307692307687,-0.21380031364349195
SK하이닉스,2026-02-13,2026-07-14,2020-09-08,2021-02-03,0.9818372374677211,0.04230769230769238,-0.21380031364349195
SK하이닉스,2026-02-13,2026-07-14,2020-09-09,2021-02-04,0.9823017026259294,0.09200000000000008,-0.21380031364349195
SK하이닉스,2026-02-13,2026-07-14,2020-09-10,2021-02-05,0.9827609030173537,0.04313725490196085,-0.21380031364349195
SK하이닉스,2026-02-13,2026-07-14,2020-09-11,2021-02-08,0.9814753546071688,0.09600000000000009,-0.21380031364349195
SK하이닉스,2026-02-13,2026-07-14,2020-09-14,2021-02-09,0.9804524228998648,0.11553784860557759,-0.21380031364349195
SK하이닉스,2026-02-19,2026-07-15,2020-09-07,2021-02-02,0.9825575516274252,0.07692307692307687,-0.23487031700288186
SK하이닉스,2026-02-19,2026-07-15,2020-09-08,2021-02-03,0.9825520808050021,0.04230769230769238,-0.23487031700288186
SK하이닉스,2026-02-19,2026-07-15,2020-09-09,2021-02-04,0.9819254374582871,0.09200000000000008,-0.23487031700288186
SK하이닉스,2026-02-19,2026-07-15,2020-09-10,2021-02-05,0.9822605177028103,0.04313725490196085,-0.23487031700288186
SK하이닉스,2026-02-19,2026-07-15,2020-09-11,2021-02-08,0.9835882036618064,0.09600000000000009,-0.23487031700288186
SK하이닉스,2026-02-19,2026-07-15,2020-09-14,2021-02-09,0.9816600315299937,0.11553784860557759,-0.23487031700288186
SK하이닉스,2026-02-19,2026-07-15,2020-09-15,2021-02-10,0.980617035322825,0.08333333333333326,-0.23487031700288186
SK하이닉스,2026-02-20,2026-07-16,2020-09-08,2021-02-03,0.9808415403665656,0.04230769230769238,-0.10694896851248648
SK하이닉스,2026-02-20,2026-07-16,2020-09-09,2021-02-04,0.9817392315110226,0.09200000000000008,-0.10694896851248648
SK하이닉스,2026-02-20,2026-07-16,2020-09-10,2021-02-05,0.9808687884083707,0.04313725490196085,-0.10694896851248648
SK하이닉스,2026-02-20,2026-07-16,2020-09-11,2021-02-08,0.9819446648394454,0.09600000000000009,-0.10694896851248648
SK하이닉스,2026-02-20,2026-07-16,2020-09-14,2021-02-09,0.9827545820936906,0.11553784860557759,-0.10694896851248648
SK하이닉스,2026-02-20,2026-07-16,2020-09-15,2021-02-10,0.9809650353081784,0.08333333333333326,-0.10694896851248648
SK하이닉스,2026-02-23,2026-07-20,2020-09-10,2021-02-05,0.9802619685419796,0.04313725490196085,-0.05782312925170063
SK하이닉스,2026-02-23,2026-07-20,2020-09-14,2021-02-09,0.9805561268894016,0.11553784860557759,-0.05782312925170063
SK하이닉스,2026-02-23,2026-07-20,2020-09-15,2021-02-10,0.9816855329981005,0.08333333333333326,-0.05782312925170063
SK하이닉스,2026-02-24,2026-07-21,2020-09-16,2021-02-15,0.9800351198514536,0.06439393939393945,-0.18300653594771243
